{"type": "FeatureCollection", "orca_meta": {"layer": "coastline", "layer_kind": "REFERENCE", "authority": "reference", "source": "Natural Earth 1:10m Physical - Coastline", "source_url": "https://www.naturalearthdata.com/", "licence": "Public domain (Natural Earth terms of use)", "crs": "EPSG:4326", "aoi": [65.0, 0.0, 100.0, 25.0], "simplify_tolerance_deg": 0.002, "generated_at": "2026-09-07T17:33:15.554292+00:00", "disclaimer": "Cartographic coastline baseline / reference layer only. NOT an authoritative or legal representation of the Indian coastline."}, "features": [{"type": "Feature", "geometry": {"type": "MultiLineString", "coordinates": [[[99.71271028482491, 0.0], [99.68946373800003, 0.020086981000076776], [99.63282311300003, 0.08100006700004769], [99.61085045700003, 0.09857819200004769], [99.53402754000007, 0.14032623900004637], [99.49048912900008, 0.1554222680000521], [99.40821373800003, 0.1638858090000781], [99.39258873800003, 0.1716983090000781], [99.37818444100003, 0.18797435100009352], [99.35661868600005, 0.22565338700007942], [99.34107506600003, 0.23875560100009352], [99.31617272200003, 0.24262116100004505], [99.29656009200005, 0.2376976580000587], [99.26059004000007, 0.2198753930000521], [99.24415123800003, 0.2159691430000521], [99.23340905000003, 0.21702708500004064], [99.21127363400007, 0.22565338700007942], [99.18881269600007, 0.24559153900008823], [99.16871178500003, 0.24262116100004505], [99.13795006600003, 0.2630882830000587], [99.13933353000004, 0.27374909100007017], [99.15308678500003, 0.28717682500007413], [99.15845787900008, 0.2978376320000393], [99.15845787900008, 0.32001373900004637], [99.14844811300003, 0.3331566430000521], [99.11060631600003, 0.3456485050000424], [99.12875410200007, 0.3917910830000437], [99.13233483200003, 0.4120547550000424], [99.12720787900008, 0.4843610700000909], [99.12256920700003, 0.5090192730000922], [99.11060631600003, 0.5238304710000534], [99.09839928500003, 0.5142276060000768], [99.09734134200005, 0.5307477890000882], [99.10385175900007, 0.5784365910000702], [99.10027103000004, 0.601752020000049], [99.08985436300003, 0.6220156920000477], [99.07276451900003, 0.6308047550000424], [99.04859459700003, 0.6199404970000728], [99.04004967500003, 0.6504580750000741], [99.04737389400003, 0.7397321640000882], [99.04175866000003, 0.7770449890000464], [99.00611412900008, 0.8187523460000534], [98.98121178500003, 0.8317324890000464], [98.97673587300005, 0.8473574890000464], [98.98031660200007, 0.8862165390000882], [98.97584069100003, 0.9208438170000477], [98.91732832100007, 1.1171735700000909], [98.83904056100005, 1.3012556010000935], [98.83692467500003, 1.3114688170000477], [98.84457441500007, 1.345892645000049], [98.84001712300005, 1.3567569030000755], [98.79908287900008, 1.3987490910000702], [98.78858483200003, 1.413804429000038], [98.77540123800003, 1.4515648460000534], [98.76807701900003, 1.4935977230000503], [98.75652103000004, 1.5044619810000768], [98.73023522200003, 1.5143903670000896], [98.72022545700003, 1.5453962260000935], [98.70964603000004, 1.5641136740000547], [98.71127363400007, 1.5695661480000922], [98.72706139400003, 1.5721703150000508], [98.73365319100003, 1.5698916690000715], [98.74537194100003, 1.5561384140000882], [98.75342858200003, 1.5356306010000935], [98.76644941500007, 1.549017645000049], [98.79818769600007, 1.5990664730000503], [98.81885826900003, 1.6196963560000768], [98.82260175900007, 1.6304385440000715], [98.82357832100007, 1.666693427000041], [98.81910241000003, 1.682318427000041], [98.80591881600003, 1.6888695330000587], [98.78809655000003, 1.6913516300000424], [98.78370201900003, 1.699042059000078], [98.78296959700003, 1.7297223980000922], [98.77393639400003, 1.7486026060000768], [98.76010175900007, 1.7641462260000935], [98.72706139400003, 1.791896877000056], [98.71501712300005, 1.784979559000078], [98.71111087300005, 1.779120184000078], [98.71273847700007, 1.7639020850000406], [98.72706139400003, 1.75649648600006], [98.72022545700003, 1.7334658870000794], [98.71111087300005, 1.7257754580000437], [98.69068444100003, 1.7362735050000424], [98.65821373800003, 1.7639020850000406], [98.57618248800003, 1.8880882830000587], [98.53516686300003, 1.9364688170000477], [98.44402103000004, 1.9911563170000477], [98.40699303500003, 2.001939195000091], [98.35450280000003, 2.0038109400000508], [98.34961998800003, 2.0072289080000587], [98.34717858200003, 2.0289981140000464], [98.32984459700003, 2.0382754580000437], [98.26921634200005, 2.0380720070000393], [98.26091556100005, 2.0485293640000464], [98.25611412900008, 2.0733096370000794], [98.24366295700003, 2.0875511740000547], [98.20948326900003, 2.1099307310000768], [98.15259850400008, 2.156927802000041], [98.08961022200003, 2.1958682310000768], [97.98357181100005, 2.2443708350000406], [97.95590254000007, 2.2717145850000406], [97.93336022200003, 2.2697614600000406], [97.86687259200005, 2.2474632830000587], [97.85075931100005, 2.251206773000092], [97.82943769600007, 2.2642276060000768], [97.81771894600007, 2.258937893000052], [97.79476972700007, 2.2778181010000935], [97.75733483200003, 2.271673895000049], [97.74439537900008, 2.281073309000078], [97.70606530000003, 2.346136786000045], [97.66358483200003, 2.3920759140000882], [97.65821373800003, 2.4115664730000503], [97.66114342500003, 2.527329820000091], [97.64405358200003, 2.6688906920000477], [97.60889733200003, 2.8486188820000393], [97.60271243600005, 2.8661970070000393], [97.59278405000003, 2.87368398600006], [97.53532962300005, 2.8882510440000715], [97.48462975400008, 2.9130313170000477], [97.42212975400008, 2.92837148600006], [97.40503991000003, 2.943345445000091], [97.33204186300003, 3.0313988300000574], [97.31348717500003, 3.061672268000052], [97.30079186300003, 3.0934105490000547], [97.28516686300003, 3.1784528670000896], [97.27076256600003, 3.2144229190000715], [97.24048912900008, 3.238023179000038], [97.18262780000003, 3.2459984400000508], [97.17164147200003, 3.2548281920000477], [97.01856530000003, 3.522691148000092], [96.99976647200003, 3.5458845070000393], [96.92172285200007, 3.6056989600000406], [96.90349368600005, 3.6346703150000508], [96.88355553500003, 3.682440497000073], [96.84205162900008, 3.7067324890000464], [96.83814537900008, 3.712632554000038], [96.80787194100003, 3.7240664730000503], [96.77800540500004, 3.742987372000073], [96.76050866000003, 3.74868398600006], [96.55982506600003, 3.7465681010000935], [96.51986738400007, 3.7548281920000477], [96.47950280000003, 3.7787132830000587], [96.43034915500004, 3.8252627620000794], [96.27930748800003, 4.025783596000053], [96.21143639400003, 4.093939520000049], [96.19776451900003, 4.121283270000049], [96.15967858200003, 4.141302802000041], [96.13526451900003, 4.141669012000079], [96.12517337300005, 4.136419989000046], [96.06519616000003, 4.205023505000042], [96.04965254000007, 4.21430084800005], [96.03077233200003, 4.217474677000041], [96.01002037900008, 4.225653387000079], [95.90349368600005, 4.344712632000039], [95.81413821700005, 4.432847398000092], [95.80713951900003, 4.446112372000073], [95.75896243600005, 4.484442450000074], [95.72584069100003, 4.531683661000045], [95.65650475400008, 4.579982815000051], [95.61654707100007, 4.628404039000088], [95.59896894600007, 4.635199286000045], [95.57618248800003, 4.634670315000051], [95.56544030000003, 4.637518622000073], [95.56088300900007, 4.645738023000092], [95.57292728000004, 4.660711981000077], [95.57520592500003, 4.666571356000077], [95.57252037900008, 4.673814195000091], [95.55404707100007, 4.676214911000045], [95.52686608200003, 4.697251695000091], [95.48910566500007, 4.7624372420000896], [95.46843509200005, 4.789496161000045], [95.44125410200007, 4.810614325000074], [95.42628014400003, 4.827337958000044], [95.41846764400003, 4.862494208000044], [95.40577233200003, 4.887681382000039], [95.40015709700003, 4.910549221000053], [95.38599694100003, 4.9351260440000715], [95.37989342500003, 4.960435289000088], [95.34888756600003, 5.037502346000053], [95.31283613400007, 5.087144273000092], [95.29688561300003, 5.116400458000044], [95.27979576900003, 5.12250397300005], [95.29916425900007, 5.150336005000042], [95.30160566500007, 5.172430731000077], [95.29127037900008, 5.191636460000041], [95.24870853000004, 5.231024481000077], [95.23951256600003, 5.2708194030000755], [95.23194420700003, 5.282294012000079], [95.19898522200003, 5.292873440000051], [95.20533287900008, 5.307562567000048], [95.22217858200003, 5.326402085000041], [95.23194420700003, 5.344631252000056], [95.23389733200003, 5.359320380000042], [95.25171959700003, 5.395575262000079], [95.25359134200005, 5.41156647300005], [95.24968509200005, 5.424953518000052], [95.23194420700003, 5.4507510440000715], [95.24545332100007, 5.4605166690000715], [95.22388756600003, 5.4895694030000755], [95.22510826900003, 5.5054385440000715], [95.19727623800003, 5.546372789000088], [95.21273847700007, 5.573146877000056], [95.22388756600003, 5.580267645000049], [95.23878014400003, 5.574367580000057], [95.25049889400003, 5.579046942000048], [95.27979576900003, 5.574367580000057], [95.33529707100007, 5.612127997000073], [95.36915123800003, 5.621283270000049], [95.41285241000003, 5.649562893000052], [95.43189537900008, 5.654689846000053], [95.44971764400003, 5.649562893000052], [95.47706139400003, 5.623602606000077], [95.50269616000003, 5.605129299000055], [95.51124108200003, 5.603013414000088], [95.53370201900003, 5.622137762000079], [95.57618248800003, 5.631252346000053], [95.61158287900008, 5.626654364000046], [95.76221764400003, 5.576849677000041], [95.83961022200003, 5.528550523000092], [95.85547936300003, 5.522162177000041], [95.87256920700003, 5.519720770000049], [95.88754316500007, 5.512152411000045], [95.90357506600003, 5.4507510440000715], [95.93043053500003, 5.414496161000045], [96.05494225400008, 5.313625393000052], [96.08806399800005, 5.295477606000077], [96.12623131600003, 5.281805731000077], [96.29053795700003, 5.258978583000044], [96.36215254000007, 5.225490627000056], [96.40658613400007, 5.217230536000045], [96.42945397200003, 5.2183291690000715], [96.46631920700003, 5.235541083000044], [96.52735436300003, 5.211167710000041], [96.56763756600003, 5.20844147300005], [96.65056399800005, 5.21625397300005], [96.78513172900006, 5.259857206000049], [96.82837975400008, 5.280178127000056], [96.89437910200007, 5.262111721000053], [96.90723717500003, 5.262681382000039], [96.92286217500003, 5.269476630000042], [96.97339928500003, 5.273423570000091], [97.03019801000005, 5.251295019000054], [97.07433856600005, 5.238154799000085], [97.10964054600004, 5.214092463000043], [97.14934477700007, 5.198772387000076], [97.17595462300005, 5.161281643000052], [97.22655294300006, 5.146221342000047], [97.26836827800008, 5.155068075000088], [97.49683678500003, 5.251898505000042], [97.52621504000007, 5.242254950000074], [97.66439863400007, 5.073431708000044], [97.83008873800003, 4.9387881530000755], [97.87387129000007, 4.918850002000056], [97.89380944100003, 4.9058291690000715], [97.90919030000003, 4.889593817000048], [97.95606530000003, 4.808010158000059], [97.96322675900007, 4.789496161000045], [97.97535241000003, 4.706244208000044], [97.98373457100007, 4.678412177000041], [98.00700931100005, 4.633856512000079], [98.00709069100003, 4.597723700000074], [97.99252363400007, 4.553778387000079], [97.99683678500003, 4.5464541690000715], [98.02621504000007, 4.553168036000045], [98.03882897200003, 4.551947333000044], [98.04802493600005, 4.539007880000042], [98.05396569100003, 4.553168036000045], [98.06128991000003, 4.554836330000057], [98.07593834700003, 4.5464541690000715], [98.08285566500007, 4.536078192000048], [98.08961022200003, 4.5327822940000715], [98.11353600400008, 4.539007880000042], [98.13819420700003, 4.534409898000092], [98.15967858200003, 4.522284247000073], [98.17611738400007, 4.504828192000048], [98.18580162900008, 4.484442450000074], [98.19214928500003, 4.484442450000074], [98.20573978000004, 4.498032945000091], [98.24057050900007, 4.456732489000046], [98.27556399800005, 4.4253604190000715], [98.28248131600003, 4.364935614000046], [98.26775149800005, 4.292629299000055], [98.26636803500003, 4.21157461100006], [98.26343834700003, 4.202866929000038], [98.24048912900008, 4.1901716170000896], [98.18580162900008, 4.169745184000078], [98.18002363400007, 4.158189195000091], [98.17807050900007, 4.141831773000092], [98.17896569100003, 4.108221747000073], [98.21705162900008, 4.1441104190000715], [98.23707116000003, 4.149237372000073], [98.26303144600007, 4.1773135440000715], [98.29948978000004, 4.089016018000052], [98.30567467500003, 4.080308335000041], [98.36296634200005, 4.087551174000055], [98.38445071700005, 4.086493231000077], [98.40577233200003, 4.078924872000073], [98.44166100400008, 4.057521877000056], [98.46265709700003, 4.05304596600007], [98.47722415500004, 4.0462100280000755], [98.49756920700003, 4.014553127000056], [98.50798587300005, 4.004584052000041], [98.54420006600003, 4.0051944030000755], [98.55779056100005, 4.000799872000073], [98.56788170700003, 3.9664574240000547], [98.57960045700003, 3.9538434920000896], [98.59489993600005, 3.94367096600007], [98.67661980100007, 3.9145469330000537], [98.70026879800008, 3.8753043450000746], [98.69971764400003, 3.8339297550000424], [98.71062259200005, 3.8037783870000794], [98.79658192100004, 3.725442643000065], [98.89658286500003, 3.6814024080000536], [98.95753014400003, 3.6713320980000503], [99.00925159800005, 3.6354170950000935], [99.05235717900007, 3.6217144960000383], [99.07391004800007, 3.6089942860000406], [99.10134006900006, 3.5825791670000626], [99.17976094400007, 3.546337688000051], [99.27003805900006, 3.4845857720000595], [99.36817467500003, 3.407945054000038], [99.38396243600005, 3.398871161000045], [99.42090905000003, 3.3915469420000477], [99.43327884200005, 3.382879950000074], [99.45386803500003, 3.3609886740000547], [99.48975670700003, 3.33624909100007], [99.49756920700003, 3.3095156920000477], [99.50603274800005, 3.2959658870000794], [99.52767988400007, 3.271551825000074], [99.55811608200003, 3.244574286000045], [99.58936608200003, 3.2279727230000503], [99.68531334700003, 3.2047386740000547], [99.71949303500003, 3.191595770000049], [99.73755944100003, 3.1890322940000715], [99.75074303500003, 3.180487372000073], [99.78158613400007, 3.1207542990000547], [99.83399498800003, 3.0724144550000574], [99.85287519600007, 3.0472679710000534], [99.85792076900003, 3.011460679000038], [99.88998457100007, 3.018255927000041], [99.91130618600005, 3.000067450000074], [99.93051191500007, 2.975409247000073], [99.95728600400008, 2.963080145000049], [99.97950280000003, 2.948472398000092], [99.99024498800003, 2.914496161000045], [99.99789472700007, 2.79913971600007], [99.99586022200003, 2.785589911000045], [99.97071373800003, 2.7454287780000755], [99.96461022200003, 2.71938711100006], [99.95435631600003, 2.7038434920000896], [99.95346113400007, 2.6962344420000477], [99.95923912900008, 2.6878929710000534], [99.98414147200003, 2.6787783870000794], [99.99268639400003, 2.668768622000073], [99.98764082100007, 2.6608747420000896], [99.98764082100007, 2.65460846600007], [100.0, 2.63464363793545]], [[100.0, 2.685866485972559], [99.97396894600007, 2.7030703800000424], [99.98568769600007, 2.7184512390000464], [100.0, 2.724208044538256]]]}, "properties": {"featurecla": "Coastline", "scalerank": 0, "min_zoom": 0.0}}, {"type": "Feature", "geometry": {"type": "LineString", "coordinates": [[81.87598717500003, 7.091945705000057], [81.88070722700007, 7.327093817000048], [81.85572350400008, 7.412176825000074], [81.84034264400003, 7.436468817000048], [81.83497155000003, 7.4655622420000896], [81.82601972700007, 7.4741885440000715], [81.82048587300005, 7.476507880000042], [81.81869550900007, 7.4733747420000896], [81.82146243600005, 7.458726304000038], [81.81104576900003, 7.438544012000079], [81.80779056100005, 7.410345770000049], [81.80079186300003, 7.410345770000049], [81.80103600400008, 7.425197658000059], [81.79338626400005, 7.465521552000041], [81.78711998800003, 7.4655622420000896], [81.77906334700003, 7.455308335000041], [81.77100670700008, 7.456976630000042], [81.76905358200008, 7.464667059000078], [81.77979576900003, 7.472357489000046], [81.77247155000003, 7.47882721600007], [81.75757897200003, 7.5054385440000715], [81.77295983200008, 7.5239118510000935], [81.76612389400003, 7.540676174000055], [81.77295983200008, 7.568019924000055], [81.74903405000003, 7.622544664000088], [81.72584069100003, 7.639593817000048], [81.71404056100005, 7.643744208000044], [81.71778405000003, 7.630072333000044], [81.71159915500004, 7.622544664000088], [81.70508873800003, 7.638861395000049], [81.71159915500004, 7.650539455000057], [81.70069420700008, 7.66860586100006], [81.66374759200005, 7.705145575000074], [81.66529381600003, 7.715887762000079], [81.65902754000007, 7.723334052000041], [81.63640384200005, 7.733099677000041], [81.62891686300003, 7.722886460000041], [81.61898847700007, 7.719224351000037], [81.59546959700003, 7.726263739000046], [81.60254967500003, 7.748439846000053], [81.61296634200005, 7.759019273000092], [81.62663821700005, 7.760199286000045], [81.64323978000004, 7.754136460000041], [81.65609785200007, 7.743109442000048], [81.68067467500003, 7.712062893000052], [81.69092858200008, 7.705145575000074], [81.71314537900008, 7.711818752000056], [81.71070397200003, 7.731146552000041], [81.69678795700008, 7.752997137000079], [81.65365644600007, 7.797756252000056], [81.64332116000008, 7.814642645000049], [81.63640384200005, 7.8355166690000715], [81.60824629000007, 7.831691799000055], [81.58757571700005, 7.855292059000078], [81.57585696700005, 7.8893903670000896], [81.58171634200005, 7.911200262000079], [81.59546959700003, 7.91742584800005], [81.58814537900008, 7.929429429000038], [81.56771894600007, 7.944973049000055], [81.56072024800005, 7.958400783000059], [81.56031334700003, 7.970648505000042], [81.56592858200008, 7.986802476000037], [81.56072024800005, 7.9993350280000755], [81.54021243600005, 7.986314195000091], [81.53394616000008, 7.9993350280000755], [81.53834069100003, 8.004299221000053], [81.53394616000008, 8.013617255000042], [81.51970462300005, 7.9993350280000755], [81.50733483200008, 8.02757396000004], [81.48064212300005, 8.065375067000048], [81.47242272200003, 8.10146719000005], [81.46436608200008, 8.116034247000073], [81.45826256600003, 8.116034247000073], [81.45240319100003, 8.094549872000073], [81.43555748800003, 8.093166408000059], [81.41797936300003, 8.105943101000037], [81.40813235800005, 8.130031643000052], [81.39625084700003, 8.136542059000078], [81.39625084700003, 8.191799221000053], [81.40357506600003, 8.191799221000053], [81.41879316500007, 8.150051174000055], [81.43034915500004, 8.103013414000088], [81.44849694100003, 8.12799713700008], [81.44060306100005, 8.173529364000046], [81.41667728000004, 8.25377024900007], [81.39926191500007, 8.339260158000059], [81.38851972700007, 8.34406159100007], [81.37484785200007, 8.34406159100007], [81.36207116000008, 8.350043036000045], [81.35661868600005, 8.362494208000044], [81.35181725400008, 8.404689846000053], [81.36345462300005, 8.39907461100006], [81.37671959700003, 8.372544664000088], [81.38941491000008, 8.363714911000045], [81.38843834700003, 8.39061107000009], [81.37281334700003, 8.44212474200009], [81.36573326900003, 8.482163804000038], [81.34636478000004, 8.507554429000038], [81.33415774800005, 8.514553127000056], [81.32309004000007, 8.515326239000046], [81.28638756600003, 8.50023021000004], [81.29664147200003, 8.47679271000004], [81.28109785200007, 8.46702708500004], [81.23511803500008, 8.466131903000075], [81.21314537900008, 8.472398179000038], [81.17025800900007, 8.520697333000044], [81.14942467500003, 8.503648179000038], [81.13396243600005, 8.501288153000075], [81.12940514400003, 8.510321356000077], [81.14234459700003, 8.52757396000004], [81.15902754000007, 8.534572658000059], [81.17652428500008, 8.530585028000075], [81.21062259200005, 8.507066148000092], [81.21802819100003, 8.52252838700008], [81.20704186300003, 8.542141018000052], [81.20435631600003, 8.555487372000073], [81.21225019600007, 8.572699286000045], [81.22331790500004, 8.570868231000077], [81.22999108200008, 8.557928778000075], [81.22486412900008, 8.541815497000073], [81.24976647200003, 8.545803127000056], [81.24659264400003, 8.570135809000078], [81.22494550900007, 8.616848049000055], [81.20435631600003, 8.61009349200009], [81.21387780000003, 8.621039130000042], [81.23161868600005, 8.63304271000004], [81.23170006600003, 8.651068427000041], [81.22242272200003, 8.66600169500009], [81.19459069100003, 8.696112372000073], [81.19752037900008, 8.70571523600006], [81.18230228000004, 8.712225653000075], [81.17652428500008, 8.698879299000055], [81.16244550900007, 8.751166083000044], [81.15015709700003, 8.777167059000078], [81.12549889400003, 8.788275458000044], [81.11426842500003, 8.799994208000044], [81.09278405000003, 8.851629950000074], [81.07813561300003, 8.863348700000074], [81.05982506600003, 8.868638414000088], [81.04672285200007, 8.882147528000075], [81.01465905000003, 8.936712958000044], [80.97852623800003, 8.979966539000088], [80.96143639400003, 8.945746161000045], [80.94760175900007, 8.932928778000075], [80.93067467500003, 8.93162669500009], [80.91488691500007, 8.943915106000077], [80.93506920700008, 8.964911200000074], [80.92318769600007, 8.973211981000077], [80.92286217500003, 8.992254950000074], [80.88672936300003, 9.025783596000053], [80.87533613400007, 9.041489976000037], [80.93067467500003, 9.020982164000088], [80.94434655000003, 9.000555731000077], [80.95362389400003, 9.003851630000042], [80.95826256600003, 9.010891018000052], [80.95834394600007, 9.01788971600007], [80.93531334700003, 9.03343333500004], [80.91635175900007, 9.062160549000055], [80.90219160200007, 9.094183661000045], [80.89649498800003, 9.116603908000059], [80.88550866000008, 9.109320380000042], [80.88217207100007, 9.103583075000074], [80.87533613400007, 9.103583075000074], [80.87305748800003, 9.126450914000088], [80.85857181100005, 9.13548411700009], [80.83448326900003, 9.141750393000052], [80.84009850400008, 9.155991929000038], [80.85336347700007, 9.155747789000088], [80.88217207100007, 9.145209052000041], [80.83448326900003, 9.239488023000092], [80.82390384200005, 9.27049388200004], [80.81739342500003, 9.27484772300005], [80.80355879000007, 9.271633205000057], [80.80103600400008, 9.26321035400008], [80.81397545700008, 9.239488023000092], [80.79363040500004, 9.250555731000077], [80.74170983200008, 9.298488674000055], [80.73650149800005, 9.308986721000053], [80.74439537900008, 9.311346747000073], [80.76246178500008, 9.308417059000078], [80.76832116000008, 9.30540599200009], [80.77881920700008, 9.29197825700004], [80.78663170700008, 9.28851959800005], [80.79883873800003, 9.294867255000042], [80.78516686300003, 9.31240469000005], [80.76368248800003, 9.332424221000053], [80.74439537900008, 9.35968659100007], [80.46827233200008, 9.581366278000075], [80.40992272200003, 9.61749909100007], [80.27898196700005, 9.76984284100007], [80.26978600400008, 9.78351471600007], [80.26059004000007, 9.816229559000078], [80.24675540500004, 9.825873114000046], [80.22681725400008, 9.829575914000088], [80.15772545700008, 9.822943427000041], [80.13672936300003, 9.81391022300005], [80.13868248800003, 9.79873281500005], [80.15381920700008, 9.787990627000056], [80.21119225400008, 9.774562893000052], [80.24781334700003, 9.755072333000044], [80.31983483200008, 9.672756252000056], [80.40772545700008, 9.601507880000042], [80.44402103000004, 9.583319403000075], [80.44402103000004, 9.575873114000046], [80.36963951900003, 9.609849351000037], [80.33855228000004, 9.62921784100007], [80.22234134200005, 9.754461981000077], [80.21119225400008, 9.760891018000052], [80.18043053500008, 9.755804755000042], [80.17595462300005, 9.764593817000048], [80.17090905000003, 9.767279364000046], [80.13013756600003, 9.77732982000009], [80.12720787900008, 9.78461334800005], [80.12818444100003, 9.805568752000056], [80.12232506600003, 9.818915106000077], [80.10743248800003, 9.82062409100007], [80.06666100400008, 9.816107489000046], [79.98845462300005, 9.822943427000041], [79.97071373800003, 9.815130927000041], [79.93132571700005, 9.779038804000038], [79.90967858200008, 9.76829661700009], [79.93702233200008, 9.727362372000073], [79.94703209700003, 9.693182684000078], [79.95801842500003, 9.685736395000049], [79.95923912900008, 9.69281647300005], [80.00098717500003, 9.674709377000056], [80.03931725400008, 9.64484284100007], [80.08741295700008, 9.618353583000044], [80.11133873800003, 9.60846588700008], [80.13559004000007, 9.60382721600007], [80.09400475400008, 9.64484284100007], [80.11548912900008, 9.63572825700004], [80.15284264400003, 9.603461005000042], [80.18604576900003, 9.584133205000057], [80.19361412900008, 9.586411851000037], [80.19996178500008, 9.599188544000071], [80.19361412900008, 9.609076239000046], [80.17595462300005, 9.624335028000075], [80.17359459700003, 9.64866771000004], [80.18604576900003, 9.648504950000074], [80.26701907600005, 9.610825914000088], [80.29753665500004, 9.59125397300005], [80.36866295700008, 9.530218817000048], [80.37794030000003, 9.527533270000049], [80.41570071700005, 9.527492580000057], [80.42896569100003, 9.517767645000049], [80.44402103000004, 9.52806224200009], [80.47144616000008, 9.52806224200009], [80.49634850400008, 9.51048411700009], [80.52328535200007, 9.503159898000092], [80.54672285200007, 9.49241771000004], [80.61475670700008, 9.446193752000056], [80.56714928500008, 9.455226955000057], [80.50424238400007, 9.483303127000056], [80.45093834700003, 9.497870184000078], [80.42660566500007, 9.500189520000049], [80.33627363400007, 9.464667059000078], [80.28687584700003, 9.452704169000071], [80.26587975400008, 9.46670156500005], [80.27214603000004, 9.473456122000073], [80.26587975400008, 9.487127997000073], [80.27808678500008, 9.49327220300006], [80.27222741000008, 9.50413646000004], [80.23340905000003, 9.53424713700008], [80.17595462300005, 9.548570054000038], [80.11573326900003, 9.583238023000092], [80.08521569100003, 9.595363674000055], [80.05298912900008, 9.596380927000041], [80.06788170700008, 9.57802969000005], [80.14185631600003, 9.534979559000078], [80.16130618600005, 9.52057526200008], [80.17603600400008, 9.50617096600007], [80.19703209700003, 9.473456122000073], [80.17652428500008, 9.468329169000071], [80.16285241000008, 9.45921458500004], [80.14087975400008, 9.43032461100006], [80.08708743600005, 9.414984442000048], [80.06495201900003, 9.404038804000038], [80.05298912900008, 9.391546942000048], [80.05827884200005, 9.354803778000075], [80.06617272200003, 9.332586981000077], [80.07691491000008, 9.322658596000053], [80.10450280000003, 9.308417059000078], [80.11622155000003, 9.306219794000071], [80.11817467500003, 9.300441799000055], [80.11597741000008, 9.23383209800005], [80.10564212300005, 9.192857164000088], [80.07349694100003, 9.11041901200008], [80.06666100400008, 9.07562897300005], [80.05469811300003, 9.050604559000078], [80.04802493600005, 9.026271877000056], [80.03541100400008, 9.015326239000046], [80.00513756600003, 9.000555731000077], [79.94711347700007, 8.94867584800005], [79.91553795700008, 8.93854401200008], [79.92481530000003, 8.919745184000078], [79.93018639400003, 8.884466864000046], [79.92644290500004, 8.801906643000052], [79.95053144600007, 8.739813544000071], [79.94166100400008, 8.64248281500005], [79.91651451900003, 8.575995184000078], [79.87378991000008, 8.53807200700004], [79.86801191500007, 8.517645575000074], [79.86589603000004, 8.461411851000037], [79.84815514400003, 8.438177802000041], [79.83863366000008, 8.340521552000041], [79.82715905000003, 8.277736721000053], [79.82447350400008, 8.26666901200008], [79.80665123800003, 8.240179755000042], [79.80469811300003, 8.228989976000037], [79.81348717500003, 8.21287669500009], [79.81348717500003, 8.171291408000059], [79.82585696700005, 8.148098049000055], [79.82715905000003, 8.136542059000078], [79.79346764400003, 8.072821356000077], [79.79639733200008, 8.061997789000088], [79.80640709700003, 8.05565013200004], [79.81885826900003, 8.040187893000052], [79.82935631600003, 8.020900783000059], [79.83383222700007, 8.003078518000052], [79.81023196700005, 7.986517645000049], [79.76384524800005, 7.990139065000051], [79.73194420700008, 8.01312897300005], [79.75196373800003, 8.054632880000042], [79.72950280000003, 8.08112213700008], [79.72754967500003, 8.110907294000071], [79.74447675900007, 8.164496161000045], [79.74610436300003, 8.20612213700008], [79.75879967500003, 8.21287669500009], [79.77857506600003, 8.25999583500004], [79.76677493600005, 8.259914455000057], [79.75709069100003, 8.263739325000074], [79.74447675900007, 8.28115469000005], [79.76335696700005, 8.314398505000042], [79.77857506600003, 8.350043036000045], [79.74903405000003, 8.303859768000052], [79.74000084700003, 8.272365627000056], [79.72877037900008, 8.249701239000046], [79.71322675900007, 8.229803778000075], [79.69678795700008, 8.21906159100007], [79.70191491000008, 8.20115794500009], [79.70720462300005, 8.142075914000088], [79.70362389400003, 8.123480536000045], [79.69678795700008, 8.13031647300005], [79.69678795700008, 8.09829336100006], [79.72193444100003, 7.985541083000044], [79.73829186300003, 7.944728908000059], [79.74838300900007, 7.893011786000045], [79.76026451900003, 7.868394273000092], [79.78598066500007, 7.743353583000044], [79.78882897200003, 7.688177802000041], [79.80201256600003, 7.659328518000052], [79.79297936300003, 7.602728583000044], [79.78581790500004, 7.607570705000057], [79.77857506600003, 7.602728583000044], [79.78467858200008, 7.589789130000042], [79.83383222700007, 7.232814846000053], [79.82634524800005, 7.21039459800005], [79.83057701900003, 7.20180898600006], [79.83643639400003, 7.19790273600006], [79.85434004000007, 7.191839911000045], [79.86158287900008, 7.16742584800005], [79.86182701900003, 7.136623440000051], [79.85580488400007, 7.132513739000046], [79.85434004000007, 7.122951565000051], [79.84815514400003, 7.122951565000051], [79.83383222700007, 7.164496161000045], [79.81999759200005, 7.190252997000073], [79.82032311300003, 7.205511786000045], [79.81373131600003, 7.180731512000079], [79.86158287900008, 7.011867580000057], [79.85922285200007, 6.988674221000053], [79.84815514400003, 6.962144273000092], [79.84815514400003, 6.8902041690000715], [79.86304772200003, 6.807196356000077], [79.96957441500007, 6.535345770000049], [79.97787519600007, 6.478705145000049], [79.96534264400003, 6.477728583000044], [79.96420332100007, 6.471869208000044], [79.97787519600007, 6.458197333000044], [79.99366295700008, 6.3941104190000715], [80.01205488400007, 6.361314195000091], [80.02051842500003, 6.314642645000049], [80.03052819100003, 6.292385158000059], [80.03199303500008, 6.2663434920000896], [80.07813561300003, 6.169338283000059], [80.09310957100007, 6.14874909100007], [80.09400475400008, 6.1360537780000755], [80.18523196700005, 6.041164455000057], [80.20386803500008, 6.026190497000073], [80.21119225400008, 6.033636786000045], [80.22584069100003, 6.026556708000044], [80.24756920700008, 6.009182033000059], [80.27751712300005, 6.002997137000079], [80.32732181100005, 5.985256252000056], [80.34099368600005, 5.970933335000041], [80.34620201900003, 5.970770575000074], [80.35840905000003, 5.978420315000051], [80.36622155000003, 5.976263739000046], [80.37859134200005, 5.964748440000051], [80.41195722700007, 5.959947007000039], [80.42709394600007, 5.961086330000057], [80.44402103000004, 5.970933335000041], [80.45679772200003, 5.948919989000046], [80.46517988400007, 5.940659898000092], [80.48170006600003, 5.937445380000042], [80.53956139400003, 5.944281317000048], [80.59083092500003, 5.923732815000051], [80.60482832100007, 5.926906643000052], [80.62916100400008, 5.945054429000038], [80.65626061300003, 5.957912502000056], [80.67335045700008, 5.960353908000059], [80.71436608200008, 5.957912502000056], [80.73210696700005, 5.978420315000051], [80.80909264400003, 6.035101630000042], [80.83521569100003, 6.045152085000041], [80.86231530000003, 6.039862372000073], [80.87745201900003, 6.061102606000077], [80.90267988400007, 6.0707868510000935], [80.95801842500003, 6.0807966170000896], [81.00847415500004, 6.098049221000053], [81.11255944100003, 6.120306708000044], [81.17644290500004, 6.150376695000091], [81.18189537900008, 6.1567243510000935], [81.18767337300005, 6.181586005000042], [81.19548587300005, 6.183661200000074], [81.20264733200008, 6.17804596600007], [81.20443769600007, 6.16274648600006], [81.32496178500008, 6.20538971600007], [81.36207116000008, 6.225409247000073], [81.54769941500007, 6.3706729190000715], [81.57309004000007, 6.38422272300005], [81.59205162900008, 6.389878648000092], [81.65007571700005, 6.430853583000044], [81.68148847700007, 6.462144273000092], [81.77564537900008, 6.610419012000079], [81.78663170700008, 6.639268296000068], [81.77979576900003, 6.6636416690000715], [81.80827884200005, 6.707953192000048], [81.81714928500008, 6.737494208000044], [81.83155358200008, 6.765366929000038], [81.83855228000004, 6.821437893000052], [81.88461347700007, 6.980169989000046], [81.89031009200005, 7.019924221000053], [81.88868248800003, 7.040757554000038], [81.87598717500003, 7.091945705000057]]}, "properties": {"featurecla": "Coastline", "scalerank": 6, "min_zoom": 1.0}}, {"type": "Feature", "geometry": {"type": "LineString", "coordinates": [[80.96827233200008, 15.79523346600007], [80.93726647200003, 15.818915106000077], [80.88835696700005, 15.84674713700008], [80.87916100400008, 15.84007396000004], [80.86850019600007, 15.81195709800005], [80.91797936300003, 15.755113023000092], [80.94263756600003, 15.741034247000073], [80.97169030000003, 15.750474351000037], [80.98487389400003, 15.761786200000074], [80.98853600400008, 15.770738023000092], [80.98316491000008, 15.780747789000088], [80.96827233200008, 15.79523346600007]]}, "properties": {"featurecla": "Coastline", "scalerank": 6, "min_zoom": 5.0}}, {"type": "Feature", "geometry": {"type": "MultiLineString", "coordinates": [[[87.40495853000004, 21.58665599200009], [87.46876061300003, 21.611395575000074], [87.62134850400008, 21.65062083500004], [87.68384850400008, 21.650132554000038], [87.70378665500004, 21.655503648000035], [87.75570722700007, 21.69171784100007], [87.83399498800003, 21.729315497000073], [87.86719811300003, 21.750799872000073], [87.89291425900007, 21.774318752000056], [87.89918053500003, 21.79482656500005], [87.97046959700003, 21.836493231000077], [87.98365319100003, 21.85419342700004], [88.03239993600005, 21.957180080000057], [88.05079186300003, 21.98501211100006], [88.04314212300005, 22.017279364000046], [88.04859459700003, 22.020738023000035], [88.08472741000003, 22.020697333000044], [88.11117597700007, 22.034857489000046], [88.14063561300003, 22.06012604400007], [88.16431725400008, 22.089789130000042], [88.17351321700005, 22.116888739000046], [88.16098066500007, 22.15656159100007], [88.13257897200003, 22.17914459800005], [88.09546959700003, 22.191229559000078], [88.00847415500004, 22.204901434000078], [87.99195397200003, 22.21588776200008], [87.96534264400003, 22.24481842700004], [87.95281009200005, 22.26243724200009], [87.94752037900008, 22.27765534100007], [87.93580162900008, 22.355169989000046], [87.92286217500003, 22.397772528000075], [87.90658613400007, 22.41860586100006], [87.90658613400007, 22.424750067000048], [87.92798912900008, 22.424221096000053], [87.94044030000003, 22.413031317000048], [87.94613691500007, 22.394924221000053], [87.95069420700008, 22.35618724200009], [87.96420332100007, 22.319281317000048], [87.97266686300003, 22.28318919500009], [88.00904381600003, 22.24042389500005], [88.02702884200005, 22.227850653000075], [88.04346764400003, 22.224758205000057], [88.05974368600005, 22.22947825700004], [88.07732181100005, 22.24042389500005], [88.08130944100003, 22.217352606000077], [88.11841881600003, 22.20018138200004], [88.16529381600003, 22.18500397300005], [88.19800866000003, 22.167792059000078], [88.21273847700007, 22.100043036000045], [88.22242272200003, 22.077948309000078], [88.20679772200003, 22.05337148600006], [88.15626061300003, 21.99087148600006], [88.14673912900008, 21.95921458500004], [88.15943444100003, 21.90615469000005], [88.15406334700003, 21.88808828300006], [88.20378665500004, 21.80540599200009], [88.20972741000003, 21.78856028900009], [88.20142662900008, 21.774318752000056], [88.21045983200008, 21.747259833000044], [88.20346113400007, 21.724351304000038], [88.18091881600003, 21.68496328300006], [88.18189537900008, 21.665228583000044], [88.18946373800003, 21.641791083000044], [88.20826256600003, 21.60297272300005], [88.22437584700003, 21.613023179000038], [88.23747806100005, 21.601711330000057], [88.24594160200007, 21.579901434000078], [88.24927819100003, 21.558294989000046], [88.25440514400003, 21.55467357000009], [88.27898196700005, 21.555161851000037], [88.30583743600005, 21.57168203300006], [88.30062910200007, 21.58934153900009], [88.28760826900003, 21.60028717700004], [88.28337649800005, 21.609198309000078], [88.28419030000003, 21.621242580000057], [88.29704837300005, 21.65387604400007], [88.29542076900003, 21.676581122000073], [88.26417076900003, 21.77529531500005], [88.26156660200007, 21.798651434000078], [88.27312259200005, 21.79791901200008], [88.28980553500003, 21.780218817000048], [88.29818769600007, 21.764105536000045], [88.30201256600003, 21.74518463700008], [88.30445397200003, 21.63344961100006], [88.30974368600005, 21.610174872000073], [88.32178795700008, 21.60565827000005], [88.33545983200008, 21.615790106000077], [88.34880618600005, 21.65029531500005], [88.34945722700007, 21.660956122000073], [88.34571373800003, 21.67059967700004], [88.32740319100003, 21.691107489000046], [88.32471764400003, 21.70136139500005], [88.33122806100005, 21.71906159100007], [88.34620201900003, 21.688625393000052], [88.35572350400008, 21.68496328300006], [88.39258873800003, 21.698553778000075], [88.38282311300003, 21.67133209800005], [88.38355553500003, 21.631415106000077], [88.39307701900003, 21.60024648600006], [88.40967858200008, 21.599269924000055], [88.42611738400007, 21.611029364000046], [88.45630944100003, 21.62400950700004], [88.46827233200008, 21.64394765800006], [88.47217858200008, 21.663275458000044], [88.45476321700005, 21.70538971600007], [88.45337975400008, 21.74176666900007], [88.45769290500004, 21.75885651200008], [88.46827233200008, 21.77724844000005], [88.47445722700007, 21.80097077000005], [88.48145592500003, 21.805161851000037], [88.49350019600007, 21.805161851000037], [88.49561608200008, 21.81867096600007], [88.49203535200007, 21.837144273000035], [88.47706139400003, 21.87181224200009], [88.47445722700007, 21.890326239000046], [88.48121178500003, 21.909898179000038], [88.49984785200007, 21.933661200000074], [88.49561608200008, 21.95180898600006], [88.51498457100007, 21.937201239000046], [88.51465905000003, 21.91620514500005], [88.49561608200008, 21.876695054000038], [88.51587975400008, 21.850816148000035], [88.53101647200003, 21.82412344000005], [88.53288821700005, 21.795314846000053], [88.51270592500003, 21.763413804000038], [88.50489342500003, 21.741522528000075], [88.50953209700003, 21.71230703300006], [88.52963300900007, 21.65761953300006], [88.51880944100003, 21.639146226000037], [88.51400800900007, 21.600816148000035], [88.49561608200008, 21.581854559000078], [88.48796634200005, 21.55654531500005], [88.49390709700003, 21.534816799000055], [88.51295006600003, 21.524644273000035], [88.54395592500003, 21.534084377000056], [88.53443444100003, 21.542914130000042], [88.52963300900007, 21.55337148600006], [88.53028405000003, 21.564398505000042], [88.53646894600007, 21.575100002000056], [88.54476972700007, 21.56199778900009], [88.55892988400007, 21.555568752000056], [88.57227623800003, 21.557928778000075], [88.57813561300003, 21.57168203300006], [88.57813561300003, 21.623439846000053], [88.59506269600007, 21.612127997000073], [88.59961998800003, 21.637274481000077], [88.59180748800003, 21.70538971600007], [88.59864342500003, 21.70538971600007], [88.61264082100007, 21.69749583500004], [88.62338300900007, 21.710272528000075], [88.63282311300003, 21.750067450000074], [88.62403405000003, 21.77802155200004], [88.60417728000004, 21.77875397300005], [88.58130944100003, 21.76943594000005], [88.56462649800005, 21.766831773000035], [88.56706790500004, 21.850816148000035], [88.59839928500003, 21.929348049000055], [88.59864342500003, 21.990301825000074], [88.60254967500003, 22.006415106000077], [88.62037194100003, 22.02997467700004], [88.62598717500003, 22.048041083000044], [88.61996504000007, 22.07831452000005], [88.61915123800003, 22.109523830000057], [88.63086998800003, 22.125799872000073], [88.63493899800005, 22.144964911000045], [88.65601647200003, 22.183254299000055], [88.66114342500003, 22.198960679000038], [88.66016686300003, 22.205023505000042], [88.67994225400008, 22.204413153000075], [88.68311608200008, 22.18496328300006], [88.67400149800005, 22.162054755000042], [88.65699303500003, 22.15106842700004], [88.63949629000007, 22.109523830000057], [88.65349368600005, 22.018011786000045], [88.64633222700007, 22.00023021000004], [88.62745201900003, 21.970404364000046], [88.62598717500003, 21.955511786000045], [88.63086998800003, 21.945461330000057], [88.64258873800003, 21.94090403900009], [88.65626061300003, 21.941066799000055], [88.66700280000003, 21.945013739000046], [88.67872155000003, 21.936672268000052], [88.68995201900003, 21.94599030200004], [88.70167076900003, 21.97601959800005], [88.72331790500004, 22.01308828300006], [88.73072350400008, 22.037176825000074], [88.71851647200003, 22.048041083000044], [88.69947350400008, 22.053208726000037], [88.69288170700008, 22.06586334800005], [88.69483483200008, 22.08152903900009], [88.71216881600003, 22.109035549000055], [88.72657311300003, 22.121161200000074], [88.74390709700003, 22.129339911000045], [88.76303144600007, 22.130560614000046], [88.73015384200005, 22.103583075000074], [88.71485436300003, 22.08698151200008], [88.70850670700008, 22.072211005000042], [88.71705162900008, 22.05805084800005], [88.75464928500003, 22.037583726000037], [88.76303144600007, 22.017279364000046], [88.75831139400003, 21.99945709800005], [88.72217858200008, 21.966131903000075], [88.71697024800005, 21.951971747000073], [88.71469160200007, 21.89785390800006], [88.69450931100005, 21.83982982000009], [88.70362389400003, 21.810614325000074], [88.68490644600007, 21.697211005000042], [88.68799889400003, 21.678127346000053], [88.72217858200008, 21.609198309000078], [88.70753014400003, 21.57831452000005], [88.72787519600007, 21.559881903000075], [88.76246178500003, 21.555853583000044], [88.79053795700008, 21.56826406500005], [88.79664147200003, 21.584418036000045], [88.78174889400003, 21.61424388200004], [88.77711022200003, 21.64354075700004], [88.77906334700003, 21.651190497000073], [88.78402754000007, 21.655951239000046], [88.80046634200005, 21.661851304000038], [88.81088300900007, 21.69171784100007], [88.81666100400008, 21.675034898000035], [88.81836998800003, 21.65761953300006], [88.79786217500003, 21.64020416900007], [88.80583743600005, 21.622870184000078], [88.82398522200003, 21.617254950000074], [88.84424889400003, 21.622219143000052], [88.85865319100003, 21.636542059000078], [88.85987389400003, 21.65257396000004], [88.84294681100005, 21.684149481000077], [88.83822675900007, 21.701971747000073], [88.85572350400008, 21.748846747000073], [88.85865319100003, 21.766831773000035], [88.86605879000007, 21.766831773000035], [88.87208092500003, 21.74900950700004], [88.88160241000003, 21.672023830000057], [88.89161217500003, 21.653509833000044], [88.89698326900003, 21.650132554000038], [88.93384850400008, 21.64394765800006], [88.97575931100005, 21.61591217700004], [89.00025475400008, 21.60342031500005], [89.01978600400008, 21.60610586100006], [89.03394616000003, 21.633246161000045], [89.03882897200003, 21.61945221600007], [89.05323326900003, 21.609808661000045], [89.06421959700003, 21.609198309000078], [89.08269290500004, 21.617336330000057], [89.08822675900007, 21.633734442000048], [89.08521569100003, 21.674709377000056], [89.06788170700008, 21.709133205000057], [89.04371178500003, 21.733343817000048], [89.03093509200005, 21.770453192000048], [89.01587975400008, 21.853338934000078], [88.99586022200003, 21.88418203300006], [88.96827233200008, 21.904730536000045], [88.92408287900008, 21.926336981000077], [88.91081790500004, 21.946478583000044], [88.90503991000003, 21.96942780200004], [88.91391035200007, 21.98655833500004], [88.92872155000003, 21.98655833500004], [88.93783613400007, 21.94871653900009], [88.94467207100007, 21.938788153000075], [88.96045983200008, 21.93431224200009], [89.00953209700003, 21.90460846600007], [89.00806725400008, 21.92055898600006], [89.01303144600007, 21.929429429000038], [89.02312259200005, 21.93109772300005], [89.03687584700003, 21.925116278000075], [89.06088300900007, 21.93846263200004], [89.06560306100005, 21.96710846600007], [89.05738366000003, 22.03123607000009], [89.05404707100007, 22.04364655200004], [89.04004967500003, 22.069525458000044], [89.03687584700003, 22.085598049000055], [89.04859459700003, 22.12295156500005], [89.04371178500003, 22.13739655200004], [89.06031334700003, 22.130601304000038], [89.06348717500003, 22.111029364000046], [89.05738366000003, 22.06509023600006], [89.06202233200008, 22.04950592700004], [89.08423912900008, 22.021185614000046], [89.09148196700005, 22.00023021000004], [89.09107506600003, 21.97679271000004], [89.07781009200005, 21.91425202000005], [89.07992597700007, 21.897406317000048], [89.10466556100005, 21.81586334800005], [89.11939537900008, 21.80097077000005], [89.15455162900008, 21.786851304000038], [89.17408287900008, 21.81004466400009], [89.18336022200003, 21.815619208000044], [89.18767337300005, 21.81150950700004], [89.18970787900008, 21.79124583500004], [89.22071373800003, 21.709418036000045], [89.21859785200007, 21.698553778000075], [89.20826256600003, 21.690619208000044], [89.20443769600007, 21.672674872000073], [89.21045983200008, 21.654120184000078], [89.22925866000003, 21.64394765800006], [89.24870853000004, 21.64590078300006], [89.26872806100005, 21.653998114000046], [89.28589928500003, 21.66559479400007], [89.29753665500004, 21.678127346000053], [89.27662194100003, 21.687567450000074], [89.27369225400008, 21.69879791900007], [89.29070071700005, 21.733343817000048], [89.29468834700003, 21.75779857000009], [89.28443444100003, 21.796820380000042], [89.28394616000003, 21.822088934000078], [89.29070071700005, 21.822088934000078], [89.29623457100007, 21.809068101000037], [89.30128014400003, 21.809393622000073], [89.32886803500003, 21.86465078300006], [89.35596764400003, 21.892523505000042], [89.35962975400008, 21.901678778000075], [89.35962975400008, 21.917669989000046], [89.34595787900008, 21.95701732000009], [89.35222415500004, 21.972316799000055], [89.35962975400008, 21.972316799000055], [89.36402428500003, 21.95506419500009], [89.38266035200007, 21.92133209800005], [89.38697350400008, 21.901190497000073], [89.38428795700008, 21.877834377000056], [89.36589603000004, 21.828924872000073], [89.36280358200008, 21.78384023600006], [89.36426842500003, 21.758205471000053], [89.36963951900003, 21.743312893000052], [89.39519290500004, 21.71637604400007], [89.40642337300005, 21.717352606000077], [89.44271894600007, 21.746649481000077], [89.45622806100005, 21.76239655200004], [89.46583092500003, 21.781317450000074], [89.46949303500003, 21.804388739000046], [89.46363366000003, 21.845038153000075], [89.46461022200003, 21.859198309000078], [89.47575931100005, 21.876695054000038], [89.51254316500007, 21.909125067000048], [89.52182050900007, 21.96230703300006], [89.49040774800005, 22.023993231000077], [89.49187259200005, 22.03457265800006], [89.50416100400008, 22.03668854400007], [89.50912519600007, 22.04120514500005], [89.51742597700007, 22.066473700000074], [89.51832116000003, 22.081000067000048], [89.50684655000003, 22.10101959800005], [89.49415123800003, 22.136867580000057], [89.48406009200005, 22.11668528900009], [89.48316491000003, 22.10260651200008], [89.47575931100005, 22.10260651200008], [89.46745853000004, 22.228989976000037], [89.47575931100005, 22.295070705000057], [89.48316491000003, 22.295070705000057], [89.49301191500007, 22.273504950000074], [89.49415123800003, 22.253566799000055], [89.48943118600005, 22.208807684000078], [89.49203535200007, 22.188381252000056], [89.53711998800003, 22.089016018000052], [89.53646894600007, 22.075832424000055], [89.52344811300003, 22.044623114000046], [89.52475019600007, 22.000148830000057], [89.53288821700005, 21.98468659100007], [89.55144290500004, 21.99404531500005], [89.55648847700007, 22.00844961100006], [89.56674238400007, 22.082098700000074], [89.57699629000007, 22.101263739000046], [89.57935631600003, 22.113226630000042], [89.57634524800005, 22.14549388200004], [89.55030358200008, 22.19212474200009], [89.54916425900007, 22.20526764500005], [89.56104576900003, 22.223089911000045], [89.58033287900008, 22.236761786000045], [89.58619225400008, 22.245428778000075], [89.57715905000003, 22.268500067000048], [89.58082116000003, 22.27724844000005], [89.59245853000004, 22.288234768000052], [89.61548912900008, 22.328273830000057], [89.62647545700008, 22.336004950000074], [89.61060631600003, 22.298895575000074], [89.60596764400003, 22.25690338700008], [89.59791100400008, 22.240301825000074], [89.56723066500007, 22.202826239000046], [89.56788170700008, 22.18891022300005], [89.59376061300003, 22.155422268000052], [89.60254967500003, 22.134507554000038], [89.60596764400003, 22.113226630000042], [89.60059655000003, 22.09125397300005], [89.57667076900003, 22.051703192000048], [89.57129967500003, 22.03123607000009], [89.56348717500003, 21.973130601000037], [89.56763756600003, 21.90070221600007], [89.56446373800003, 21.88418203300006], [89.55689537900008, 21.868801174000055], [89.53028405000003, 21.835760809000078], [89.52735436300003, 21.81281159100007], [89.53891035200007, 21.77147044500009], [89.53711998800003, 21.75381094000005], [89.56568444100003, 21.713364976000037], [89.58692467500003, 21.700832424000055], [89.60596764400003, 21.71906159100007], [89.59278405000003, 21.754380601000037], [89.59546959700003, 21.75999583500004], [89.63152103000004, 21.764064846000053], [89.64356530000003, 21.75690338700008], [89.66822350400008, 21.750881252000056], [89.68995201900003, 21.76520416900007], [89.70069420700008, 21.784857489000046], [89.69206790500004, 21.79482656500005], [89.67204837300005, 21.80426666900007], [89.64975019600007, 21.82636139500005], [89.61898847700007, 21.86985911700009], [89.64698326900003, 21.925116278000075], [89.66130618600005, 21.90582916900007], [89.66334069100003, 21.896307684000078], [89.65259850400008, 21.878851630000042], [89.65316816500007, 21.867743231000077], [89.66130618600005, 21.849351304000038], [89.67335045700008, 21.84007396000004], [89.70915774800005, 21.83006419500009], [89.72584069100003, 21.828924872000073], [89.75342858200008, 21.843898830000057], [89.76587975400008, 21.84674713700008], [89.77572675900007, 21.82758209800005], [89.78638756600003, 21.828924872000073], [89.81421959700003, 21.84080638200004], [89.82520592500003, 21.856268622000073], [89.85092207100007, 21.877508856000077], [89.88038170700008, 21.88418203300006], [89.88721764400003, 21.900091864000046], [89.84620201900003, 21.972316799000055], [89.85238691500007, 22.01044342700004], [89.84791100400008, 22.03388092700004], [89.83594811300003, 22.04946523600006], [89.79721113400007, 22.068508205000057], [89.79721113400007, 22.075995184000078], [89.81617272200003, 22.075995184000078], [89.84620201900003, 22.07062409100007], [89.86296634200005, 22.079046942000048], [89.87134850400008, 22.091864325000074], [89.87427819100003, 22.10883209800005], [89.87289472700007, 22.14362213700008], [89.86133873800003, 22.211004950000074], [89.85084069100003, 22.246527411000045], [89.83871504000007, 22.26776764500005], [89.88038170700008, 22.342230536000045], [89.88412519600007, 22.36351146000004], [89.87484785200007, 22.397650458000044], [89.87289472700007, 22.41860586100006], [89.90308678500003, 22.396429755000042], [89.92042076900003, 22.391831773000035], [89.93360436300003, 22.423529364000046], [89.94743899800005, 22.43968333500004], [89.98275800900007, 22.473211981000077], [90.01010175900007, 22.49022044500009], [89.99789472700007, 22.480861721000053], [89.98275800900007, 22.445257880000042], [89.90015709700003, 22.333929755000042], [89.87680097700007, 22.274725653000075], [89.87533613400007, 22.26398346600007], [89.88038170700008, 22.24042389500005], [89.89828535200007, 22.21165599200009], [89.90088951900003, 22.201971747000073], [89.90308678500003, 22.176906643000052], [89.91236412900008, 22.135565497000073], [89.91456139400003, 22.061672268000052], [89.91749108200008, 22.04987213700008], [89.93441816500007, 21.997707424000055], [89.94971764400003, 21.980902411000045], [89.96778405000003, 21.974554755000042], [89.98275800900007, 21.98655833500004], [89.98519941500007, 21.99941640800006], [89.98275800900007, 22.044623114000046], [90.02442467500003, 22.089016018000052], [90.04004967500003, 22.13808828300006], [90.05258222700007, 22.155462958000044], [90.07837975400008, 22.16404857000009], [90.07260175900007, 22.152044989000046], [90.05209394600007, 22.141099351000037], [90.04273522200003, 22.131252346000053], [90.03467858200008, 22.105169989000046], [90.03809655000003, 22.075344143000052], [90.03541100400008, 22.059800523000035], [90.01075280000003, 22.04120514500005], [90.00318444100003, 22.029364325000074], [90.00212649800005, 22.014105536000045], [89.99634850400008, 22.00023021000004], [90.02816816500007, 21.988104559000078], [90.05241946700005, 21.98899974200009], [90.07374108200008, 22.019232489000046], [90.08179772200003, 22.04100169500009], [90.08887780000003, 22.051174221000053], [90.14828535200007, 22.11078522300005], [90.16480553500003, 22.11981842700004], [90.19166100400008, 22.123114325000074], [90.20582116000003, 22.132961330000057], [90.23609459700003, 22.198879299000055], [90.23910566500007, 22.172267971000053], [90.23170006600003, 22.145656643000052], [90.21615644600007, 22.12323639500005], [90.19507897200003, 22.109523830000057], [90.17286217500003, 22.117010809000078], [90.16407311300003, 22.113226630000042], [90.14673912900008, 22.089016018000052], [90.10564212300005, 22.05426666900007], [90.09595787900008, 22.04010651200008], [90.08578535200007, 22.00023021000004], [90.07715905000003, 21.987982489000046], [90.04493248800003, 21.966131903000075], [90.03394616000003, 21.94354889500005], [90.03126061300003, 21.889227606000077], [90.02442467500003, 21.862453518000052], [90.03630618600005, 21.861151434000078], [90.04932701900003, 21.85101959800005], [90.05787194100003, 21.849351304000038], [90.06690514400003, 21.85342031500005], [90.07935631600003, 21.866929429000038], [90.08887780000003, 21.86985911700009], [90.09848066500007, 21.878607489000046], [90.11622155000003, 21.91933828300006], [90.12623131600003, 21.93195221600007], [90.12134850400008, 21.921576239000046], [90.12623131600003, 21.901190497000073], [90.12086022200003, 21.88930898600006], [90.10499108200008, 21.870266018000052], [90.11247806100005, 21.856268622000073], [90.09538821700005, 21.859442450000074], [90.08855228000004, 21.84674713700008], [90.09294681100005, 21.83026764500005], [90.10906009200005, 21.822088934000078], [90.12680097700007, 21.818793036000045], [90.16439863400007, 21.80426666900007], [90.18482506600003, 21.80097077000005], [90.20378665500004, 21.80459219000005], [90.27271569100003, 21.85740794500009], [90.28288821700005, 21.870794989000046], [90.29997806100005, 21.927679755000042], [90.30860436300003, 21.984035549000055], [90.32789147200003, 22.02049388200004], [90.33220462300005, 22.03807200700004], [90.34742272200003, 22.05532461100006], [90.36988366000003, 22.08982982000009], [90.38005618600005, 22.14362213700008], [90.38379967500003, 22.145738023000035], [90.39258873800003, 22.143011786000045], [90.39714603000004, 22.160630601000037], [90.41285241000003, 22.17804596600007], [90.41423587300005, 22.18577708500004], [90.41049238400007, 22.195705471000053], [90.39087975400008, 22.208807684000078], [90.38868248800003, 22.223211981000077], [90.39869225400008, 22.26748281500005], [90.39429772200003, 22.288234768000052], [90.41089928500003, 22.28424713700008], [90.41407311300003, 22.27179596600007], [90.40796959700003, 22.24042389500005], [90.41000410200007, 22.22728099200009], [90.42164147200003, 22.198879299000055], [90.41749108200008, 22.175034898000035], [90.39323978000004, 22.127386786000045], [90.38746178500003, 22.10260651200008], [90.39380944100003, 22.09471263200004], [90.40845787900008, 22.08592357000009], [90.43864993600005, 22.075995184000078], [90.45004316500007, 22.08079661700009], [90.45964603000004, 22.091945705000057], [90.48829186300003, 22.138617255000042], [90.50114993600005, 22.176703192000048], [90.53834069100003, 22.198879299000055], [90.55795332100007, 22.20335521000004], [90.58155358200008, 22.238226630000042], [90.61345462300005, 22.314886786000045], [90.61931399800005, 22.355902411000045], [90.61841881600003, 22.376654364000046], [90.61345462300005, 22.396877346000053], [90.58643639400003, 22.45058828300006], [90.58619225400008, 22.473211981000077], [90.60661868600005, 22.465765692000048], [90.58969160200007, 22.500433661000045], [90.57781009200005, 22.533677476000037], [90.55974368600005, 22.562323309000078], [90.52409915500004, 22.58307526200008], [90.50513756600003, 22.58624909100007], [90.48731530000003, 22.583726304000038], [90.47250410200007, 22.57558828300006], [90.46265709700003, 22.56195709800005], [90.46045983200008, 22.551174221000053], [90.46265709700003, 22.52098216400009], [90.44499759200005, 22.50413646000004], [90.44206790500004, 22.49363841400009], [90.44214928500003, 22.508734442000048], [90.45346113400007, 22.564195054000038], [90.45923912900008, 22.579291083000044], [90.46859785200007, 22.58470286700009], [90.49138431100005, 22.587836005000042], [90.50017337300005, 22.592352606000077], [90.51270592500003, 22.611476955000057], [90.50896243600005, 22.646429755000042], [90.49675540500004, 22.678656317000048], [90.49293053500003, 22.709906317000048], [90.48991946700005, 22.72020091400009], [90.47901451900003, 22.73501211100006], [90.46168053500003, 22.748846747000073], [90.44459069100003, 22.751654364000046], [90.43523196700005, 22.733303127000056], [90.38721764400003, 22.751288153000075], [90.37256920700008, 22.761419989000046], [90.39429772200003, 22.77484772300005], [90.40642337300005, 22.76308828300006], [90.41993248800003, 22.76825592700004], [90.42400149800005, 22.781683661000045], [90.40796959700003, 22.794663804000038], [90.43604576900003, 22.800604559000078], [90.44809004000007, 22.82843659100007], [90.45720462300005, 22.861761786000045], [90.47632897200003, 22.884100653000075], [90.49048912900008, 22.885199286000045], [90.52003014400003, 22.880194403000075], [90.53492272200003, 22.887152411000045], [90.54004967500003, 22.896551825000074], [90.52100670700008, 22.915676174000055], [90.51042728000004, 22.91819896000004], [90.50700931100005, 22.94208405200004], [90.48698978000004, 22.966131903000075], [90.46827233200008, 22.99607982000009], [90.45435631600003, 23.02753327000005], [90.44890384200005, 23.05573151200008], [90.45362389400003, 23.072333075000074], [90.46607506600003, 23.07684967700004], [90.50359134200005, 23.075873114000046], [90.52279707100007, 23.080145575000074], [90.53663170700008, 23.086818752000056], [90.55876712300005, 23.110663153000075], [90.56560306100005, 23.110663153000075], [90.56560306100005, 23.10382721600007], [90.55591881600003, 23.096828518000052], [90.55128014400003, 23.08690013200004], [90.55372155000003, 23.078558661000045], [90.56560306100005, 23.075873114000046], [90.57195071700005, 23.081732489000046], [90.59913170700008, 23.11749909100007], [90.60287519600007, 23.14130280200004], [90.59839928500003, 23.200425523000035], [90.59351647200003, 23.219875393000052], [90.61451256600003, 23.195461330000057], [90.60661868600005, 23.247219143000052], [90.57732181100005, 23.288397528000075], [90.56910241000003, 23.294989325000074], [90.50359134200005, 23.30174388200004], [90.46021569100003, 23.31972890800006], [90.42847741000003, 23.326117255000042], [90.40414472700007, 23.36041901200008], [90.38851972700007, 23.372381903000075], [90.25879967500003, 23.444566148000035], [90.24935957100007, 23.45538971600007], [90.25033613400007, 23.466945705000057], [90.28443444100003, 23.446193752000056], [90.32243899800005, 23.433294989000046], [90.51832116000003, 23.398260809000078], [90.55193118600005, 23.38495514500005], [90.55990644600007, 23.418402411000045], [90.56812584700003, 23.432928778000075], [90.57593834700003, 23.43895091400009], [90.57894941500007, 23.44985586100006], [90.57683353000004, 23.539496161000045], [90.56869550900007, 23.54751211100006], [90.53150475400008, 23.54881419500009], [90.49838300900007, 23.55727773600006], [90.48438561300003, 23.56745026200008], [90.47632897200003, 23.582953192000048], [90.50171959700003, 23.56793854400007], [90.51465905000003, 23.563788153000075], [90.54721113400007, 23.563788153000075], [90.55941816500007, 23.56793854400007], [90.56446373800003, 23.57640208500004], [90.55876712300005, 23.590399481000077], [90.59546959700003, 23.604396877000056], [90.61198978000004, 23.60610586100006], [90.61963951900003, 23.596625067000048], [90.62525475400008, 23.59833405200004], [90.62712649800005, 23.603461005000042], [90.63331139400003, 23.596625067000048], [90.60816491000003, 23.585760809000078], [90.59205162900008, 23.56248607000009], [90.58814537900008, 23.53416575700004], [90.60336347700007, 23.494696356000077], [90.60775800900007, 23.491115627000056], [90.62208092500003, 23.500067450000074], [90.64747155000003, 23.507879950000074], [90.66675866000003, 23.51821523600006], [90.67774498800003, 23.517279364000046], [90.69532311300003, 23.507879950000074], [90.70215905000003, 23.52838776200008], [90.67546634200005, 23.550930080000057], [90.67823326900003, 23.555080471000053], [90.70557701900003, 23.554510809000078], [90.71119225400008, 23.54881419500009], [90.71583092500003, 23.53514232000009], [90.71501712300005, 23.49835846600007], [90.69157962300005, 23.486476955000057], [90.63331139400003, 23.486761786000045], [90.60873457100007, 23.472723700000074], [90.60027103000004, 23.44993724200009], [90.59913170700008, 23.391180731000077], [90.60173587300005, 23.37246328300006], [90.61133873800003, 23.34247467700004], [90.62842858200008, 23.321519273000035], [90.65365644600007, 23.329738674000055], [90.65316816500007, 23.324652411000045], [90.66114342500003, 23.32225169500009], [90.65015709700003, 23.31354401200008], [90.65088951900003, 23.30023834800005], [90.66732832100007, 23.267645575000074], [90.66114342500003, 23.267645575000074], [90.66521243600005, 23.24876536700009], [90.64584394600007, 23.21092357000009], [90.64014733200008, 23.18886953300006], [90.63868248800003, 23.14789459800005], [90.62720787900008, 23.08665599200009], [90.62940514400003, 23.064398505000042], [90.64014733200008, 23.038031317000048], [90.71745853000004, 22.940619208000044], [90.72266686300003, 22.92845286700009], [90.72559655000003, 22.90570709800005], [90.75001061300003, 22.856756903000075], [90.75733483200008, 22.822658596000053], [90.76954186300003, 22.795355536000045], [90.77100670700008, 22.784816799000055], [90.78834069100003, 22.75922272300005], [90.79493248800003, 22.741359768000052], [90.81950931100005, 22.72646719000005], [90.83130944100003, 22.690578518000052], [90.83594811300003, 22.684881903000075], [90.86548912900008, 22.687160549000055], [90.87647545700008, 22.682806708000044], [90.88412519600007, 22.65448639500005], [90.89877363400007, 22.63617584800005], [90.90821373800003, 22.61786530200004], [90.93555748800003, 22.599676825000074], [90.94174238400007, 22.585882880000042], [90.95492597700007, 22.575832424000055], [90.98511803500003, 22.574367580000057], [91.01758873800003, 22.579291083000044], [91.03793379000007, 22.58860911700009], [91.04021243600005, 22.60773346600007], [91.03223717500003, 22.636867580000057], [91.01872806100005, 22.664455471000053], [91.00375410200007, 22.678656317000048], [91.01832116000003, 22.68309153900009], [91.02670332100007, 22.674261786000045], [91.03793379000007, 22.643866278000075], [91.05860436300003, 22.61432526200008], [91.06957967100004, 22.571556869000062], [91.08920058200005, 22.544430256000055], [91.12734345800004, 22.527025948000073], [91.20274304600008, 22.543219639000085], [91.24156880000004, 22.575395765000053], [91.26449629000007, 22.64081452000005], [91.25342858200008, 22.660711981000077], [91.22689863400007, 22.671087958000044], [91.16895592500003, 22.684881903000075], [91.16895592500003, 22.692287502000056], [91.19214928500003, 22.69163646000004], [91.19922936300003, 22.69879791900007], [91.19459069100003, 22.70966217700004], [91.18189537900008, 22.72020091400009], [91.18189537900008, 22.72646719000005], [91.21607506600003, 22.72606028900009], [91.24341881600003, 22.72020091400009], [91.24480228000004, 22.698391018000052], [91.25277754000007, 22.699286200000074], [91.28443444100003, 22.692287502000056], [91.31739342500003, 22.697211005000042], [91.32992597700007, 22.70571523600006], [91.33277428500003, 22.72020091400009], [91.32504316500007, 22.72614166900007], [91.29078209700003, 22.738430080000057], [91.34262129000007, 22.739447333000044], [91.36011803500003, 22.743394273000035], [91.37012780000003, 22.75218333500004], [91.36744225400008, 22.761664130000042], [91.34644616000003, 22.767401434000078], [91.34644616000003, 22.77484772300005], [91.38502037900008, 22.770697333000044], [91.41472415500004, 22.753729559000078], [91.41163170700008, 22.777818101000037], [91.41675866000003, 22.799994208000044], [91.43043053500003, 22.81631094000005], [91.45248457100007, 22.822658596000053], [91.46241295700008, 22.83344147300005], [91.48308353000004, 22.90452708500004], [91.49048912900008, 22.90452708500004], [91.49000084700003, 22.880560614000046], [91.47396894600007, 22.838324286000045], [91.46778405000003, 22.80931224200009], [91.45834394600007, 22.79706452000005], [91.45630944100003, 22.784816799000055], [91.46241295700008, 22.76190827000005], [91.46900475400008, 22.757066148000035], [91.47681725400008, 22.76117584800005], [91.49870853000004, 22.72728099200009], [91.51636803500003, 22.712225653000075], [91.54810631600003, 22.700344143000052], [91.67603600400008, 22.53461334800005], [91.74366295700008, 22.411078192000048], [91.75440514400003, 22.374660549000055], [91.77165774800005, 22.260321356000077], [91.78711998800003, 22.237941799000055], [91.80892988400007, 22.236273505000042], [91.82593834700003, 22.248480536000045], [91.82634524800005, 22.26776764500005], [91.79395592500003, 22.286037502000056], [91.79135175900007, 22.301906643000052], [91.79859459700003, 22.31191640800006], [91.82325280000003, 22.324164130000042], [91.82634524800005, 22.32916901200008], [91.84400475400008, 22.33494700700004], [91.87745201900003, 22.363348700000074], [91.87574303500003, 22.37107982000009], [91.88770592500003, 22.424750067000048], [91.90805097700007, 22.424750067000048], [91.88493899800005, 22.35382721600007], [91.87403405000003, 22.336004950000074], [91.85238691500007, 22.325344143000052], [91.82650800900007, 22.31826406500005], [91.80884850400008, 22.306341864000046], [91.81202233200008, 22.281398830000057], [91.83838951900003, 22.26308828300006], [91.83985436300003, 22.246649481000077], [91.83472741000003, 22.237616278000075], [91.81690514400003, 22.22028229400007], [91.81202233200008, 22.205023505000042], [91.81299889400003, 22.18032461100006], [91.81934655000003, 22.155951239000046], [91.83985436300003, 22.116888739000046], [91.84603925900007, 22.116888739000046], [91.84603925900007, 22.135972398000035], [91.85328209700003, 22.14874909100007], [91.86207116000003, 22.15062083500004], [91.86719811300003, 22.13739655200004], [91.85352623800003, 22.14362213700008], [91.85523522200003, 22.109198309000078], [91.88086998800003, 22.007025458000044], [91.88086998800003, 21.969183661000045], [91.88404381600003, 21.960150458000044], [91.89820397200003, 21.94489166900007], [91.90560957100007, 21.89557526200008], [91.91570071700005, 21.862453518000052], [91.92994225400008, 21.878648179000038], [91.94971764400003, 21.88418203300006], [91.94971764400003, 21.876695054000038], [91.92554772200003, 21.86286041900007], [91.92164147200003, 21.85342031500005], [91.92937259200005, 21.84316640800006], [91.91138756600003, 21.83470286700009], [91.90088951900003, 21.813299872000073], [91.89926191500007, 21.789496161000045], [91.90870201900003, 21.78115469000005], [91.94369550900007, 21.791408596000053], [91.99000084700003, 21.79482656500005], [91.99000084700003, 21.787909247000073], [91.96656334700003, 21.77887604400007], [91.96029707100007, 21.763820705000057], [91.96729576900003, 21.75543854400007], [91.98389733200008, 21.766831773000035], [91.99000084700003, 21.75999583500004], [91.97478274800005, 21.746486721000053], [91.96192467500003, 21.743841864000046], [91.95297285200007, 21.738348700000074], [91.94971764400003, 21.715969143000052], [91.95362389400003, 21.70140208500004], [91.96265709700003, 21.689520575000074], [91.97193444100003, 21.68821849200009], [91.97706139400003, 21.70538971600007], [91.98389733200008, 21.70538971600007], [91.98422285200007, 21.693508205000057], [91.97608483200008, 21.662054755000042], [91.98389733200008, 21.650132554000038], [92.00074303500003, 21.64980703300006], [92.01238040500004, 21.664211330000057], [92.02540123800003, 21.698553778000075], [92.01791425900007, 21.698553778000075], [92.02393639400003, 21.70465729400007], [92.02540123800003, 21.712836005000042], [92.02930748800003, 21.704901434000078], [92.02279707100007, 21.67682526200008], [92.03589928500003, 21.66815827000005], [92.03777103000004, 21.65957265800006], [92.03174889400003, 21.650132554000038], [92.03581790500004, 21.640448309000078], [92.03296959700003, 21.63300202000005], [92.01791425900007, 21.616034247000073], [92.02214603000004, 21.599351304000038], [91.99000084700003, 21.56199778900009], [91.98975670700008, 21.543402411000045], [91.99537194100003, 21.522609768000052], [92.00538170700008, 21.504299221000053], [92.01791425900007, 21.493109442000048], [91.99903405000003, 21.49949778900009], [91.98292076900003, 21.488836981000077], [91.96338951900003, 21.45213450700004], [91.95590254000007, 21.45840078300006], [91.94971764400003, 21.45840078300006], [91.95972741000003, 21.423976955000057], [91.96941165500004, 21.40961334800005], [91.98047936300003, 21.40375397300005], [91.98975670700008, 21.394232489000046], [92.04525800900007, 21.29954661700009], [92.05046634200005, 21.280462958000044], [92.05225670700008, 21.256659247000073], [92.04395592500003, 21.19204336100006], [92.04542076900003, 21.17096588700008], [92.05250084700003, 21.154771226000037], [92.09685306100005, 21.105861721000053], [92.13412519600007, 21.04751211100006], [92.18628991000003, 21.00584544500009], [92.19288170700008, 20.99567291900007], [92.20972741000003, 20.930812893000052], [92.27808678500003, 20.814113674000055], [92.30103600400008, 20.762274481000077], [92.32553144600007, 20.738714911000045], [92.33399498800003, 20.74640534100007], [92.33627363400007, 20.757147528000075], [92.33326256600003, 20.767726955000057], [92.32593834700003, 20.780585028000075], [92.30762780000003, 20.833197333000044], [92.30543053500003, 20.851955471000053], [92.27198326900003, 20.903509833000044], [92.26148522200003, 20.940252997000073], [92.25709069100003, 20.98110586100006], [92.25855553500003, 21.02252838700008], [92.26514733200008, 21.061102606000077], [92.27051842500003, 21.04901764500005], [92.28101647200003, 20.959418036000045], [92.30543053500003, 20.917710679000038], [92.36068769600007, 20.766913153000075], [92.37086022200003, 20.72134023600006], [92.38111412900008, 20.700140692000048], [92.40845787900008, 20.687974351000037], [92.42896569100003, 20.673895575000074], [92.45362389400003, 20.668524481000077], [92.47055097700007, 20.643377997000073], [92.50700931100005, 20.60927969000005], [92.52003014400003, 20.589667059000078], [92.52914472700007, 20.543402411000045], [92.53988691500007, 20.52753327000005], [92.63257897200003, 20.446600653000075], [92.65316816500007, 20.41828034100007], [92.69711347700007, 20.308254299000055], [92.73121178500003, 20.25918203300006], [92.73926842500003, 20.279689846000053], [92.73121178500003, 20.38271719000005], [92.73845462300005, 20.42837148600006], [92.73747806100005, 20.44476959800005], [92.71697024800005, 20.49998607000009], [92.70826256600003, 20.578680731000077], [92.70443769600007, 20.589056708000044], [92.65943444100003, 20.652818101000037], [92.63502037900008, 20.69798411700009], [92.66285241000003, 20.67918528900009], [92.69955488400007, 20.619533596000053], [92.72071373800003, 20.592230536000045], [92.73658287900008, 20.56313711100006], [92.74170983200008, 20.52928294500009], [92.75098717500003, 20.498521226000037], [92.77898196700005, 20.478257554000038], [92.75855553500003, 20.47211334800005], [92.76929772200003, 20.45506419500009], [92.78532962300005, 20.462958075000074], [92.79656009200005, 20.48383209800005], [92.79265384200005, 20.506252346000053], [92.81527754000007, 20.504706122000073], [92.82691491000003, 20.495062567000048], [92.83155358200008, 20.478949286000045], [92.84050540500004, 20.39012278900009], [92.84693444100003, 20.377346096000053], [92.88070722700007, 20.34918854400007], [92.89332116000003, 20.32953522300005], [92.92530358200008, 20.327826239000046], [92.94288170700008, 20.321234442000048], [92.90121504000007, 20.30805084800005], [92.86402428500003, 20.30076732000009], [92.79948978000004, 20.25918203300006], [92.78663170700008, 20.245917059000078], [92.77816816500007, 20.231634833000044], [92.77214603000004, 20.20148346600007], [92.78296959700003, 20.189846096000053], [92.84669030000003, 20.143133856000077], [92.86036217500003, 20.124945380000042], [92.86768639400003, 20.122015692000048], [92.88054446700005, 20.123195705000057], [92.89844811300003, 20.135687567000048], [92.93604576900003, 20.21198151200008], [92.99480228000004, 20.28660716400009], [93.01628665500004, 20.32485586100006], [93.02491295700008, 20.368475653000075], [93.02003014400003, 20.42401764500005], [93.02263431100005, 20.45254140800006], [93.06031334700003, 20.513373114000046], [93.07325280000003, 20.554632880000042], [93.08562259200005, 20.532945054000038], [93.07056725400008, 20.496161200000074], [93.03223717500003, 20.43109772300005], [93.03101647200003, 20.40965403900009], [93.03419030000003, 20.38422272300005], [93.04322350400008, 20.364935614000046], [93.05958092500003, 20.362250067000048], [93.07252037900008, 20.376613674000055], [93.08187910200007, 20.41697825700004], [93.10043379000007, 20.43109772300005], [93.09131920700008, 20.381008205000057], [93.08082116000003, 20.358547268000052], [93.05616295700008, 20.34918854400007], [93.04127037900008, 20.33201732000009], [93.01880944100003, 20.25649648600006], [93.00123131600003, 20.23932526200008], [92.98747806100005, 20.186672268000052], [92.99048912900008, 20.15493398600006], [93.01856530000003, 20.14996979400007], [93.04737389400003, 20.16795482000009], [93.08920332100007, 20.21035390800006], [93.12094160200007, 20.21820709800005], [93.12094160200007, 20.21198151200008], [93.09424889400003, 20.14996979400007], [93.08692467500003, 20.14996979400007], [93.08008873800003, 20.170477606000077], [93.05445397200003, 20.13475169500009], [93.04249108200008, 20.129461981000077], [92.98829186300003, 20.12498607000009], [92.97022545700008, 20.129461981000077], [92.97413170700008, 20.117254950000074], [92.97592207100007, 20.087836005000042], [92.98072350400008, 20.077948309000078], [93.03842207100007, 20.012925523000035], [93.04867597700007, 19.99481842700004], [93.05274498800003, 19.968410549000055], [93.05941816500007, 19.951117255000042], [93.11264082100007, 19.874335028000075], [93.12501061300003, 19.84666575700004], [93.13453209700003, 19.834051825000074], [93.14918053500003, 19.828924872000073], [93.16879316500007, 19.80731842700004], [93.15577233200008, 19.827826239000046], [93.14730879000007, 19.833034572000088], [93.13453209700003, 19.84829336100006], [93.12435957100007, 19.893866278000075], [93.10613040500004, 19.93065013200004], [93.10206139400003, 19.964097398000035], [93.10914147200003, 19.993801174000055], [93.13152103000004, 20.00657786700009], [93.14812259200005, 19.99433014500005], [93.16065514400003, 19.96625397300005], [93.17628014400003, 19.916571356000077], [93.20142662900008, 19.86277903900009], [93.21762129000007, 19.837103583000044], [93.23829186300003, 19.82099030200004], [93.23585045700008, 19.84723541900007], [93.17628014400003, 19.957505601000037], [93.15577233200008, 20.02643463700008], [93.12989342500003, 20.075100002000056], [93.12842858200008, 20.094671942000048], [93.14747155000003, 20.070013739000046], [93.17628014400003, 20.05369700700004], [93.19027754000007, 20.06443919500009], [93.24463951900003, 20.04987213700008], [93.27247155000003, 20.04751211100006], [93.29395592500003, 20.05418528900009], [93.31275475400008, 20.065375067000048], [93.32650800900007, 20.081284898000035], [93.33383222700007, 20.10219961100006], [93.34066816500007, 20.10219961100006], [93.35596764400003, 20.038397528000075], [93.36182701900003, 20.02643463700008], [93.37208092500003, 20.03082916900007], [93.37484785200007, 20.08852773600006], [93.38233483200008, 20.08852773600006], [93.38396243600005, 20.064398505000042], [93.40447024800005, 20.012925523000035], [93.41358483200008, 19.97752513200004], [93.42318769600007, 19.965318101000037], [93.43531334700003, 19.95538971600007], [93.44654381600003, 19.95136139500005], [93.45704186300003, 19.954250393000052], [93.46322675900007, 19.961818752000056], [93.47046959700003, 19.984849351000037], [93.49219811300003, 19.964992580000057], [93.49586022200003, 19.977362372000073], [93.50342858200008, 19.986273505000042], [93.52564537900008, 19.999172268000052], [93.53191165500004, 19.984849351000037], [93.51685631600003, 19.98118724200009], [93.51197350400008, 19.970445054000038], [93.51710045700008, 19.95856354400007], [93.53191165500004, 19.95136139500005], [93.51832116000003, 19.939601955000057], [93.52906334700003, 19.930080471000053], [93.56592858200008, 19.916571356000077], [93.54672285200007, 19.902899481000077], [93.56674238400007, 19.885931708000044], [93.58073978000004, 19.881333726000037], [93.59400475400008, 19.882473049000055], [93.60084069100003, 19.88857656500005], [93.61133873800003, 19.91034577000005], [93.63819420700008, 19.910305080000057], [93.65650475400008, 19.91620514500005], [93.70753014400003, 19.916571356000077], [93.71159915500004, 19.919663804000038], [93.71168053500003, 19.93382396000004], [93.71753991000003, 19.93768952000005], [93.72624759200005, 19.93659088700008], [93.74000084700003, 19.925116278000075], [93.74537194100003, 19.916571356000077], [93.73047936300003, 19.91429271000004], [93.72559655000003, 19.905585028000075], [93.72877037900008, 19.893784898000035], [93.73804772200003, 19.882473049000055], [93.70394941500007, 19.885199286000045], [93.67994225400008, 19.883368231000077], [93.66065514400003, 19.870835679000038], [93.60645592500003, 19.796128648000035], [93.60141035200007, 19.78343333500004], [93.60141035200007, 19.718573309000078], [93.61557050900007, 19.723863023000035], [93.63550866000003, 19.759507554000038], [93.63624108200008, 19.73501211100006], [93.64844811300003, 19.725165106000077], [93.69353274800005, 19.72479889500005], [93.70248457100007, 19.73436107000009], [93.70883222700007, 19.75381094000005], [93.72193444100003, 19.76898834800005], [93.75163821700005, 19.765692450000074], [93.74187259200005, 19.754055080000057], [93.71876061300003, 19.74359772300005], [93.71127363400007, 19.731634833000044], [93.70948326900003, 19.71352773600006], [93.71314537900008, 19.697658596000053], [93.72095787900008, 19.685288804000038], [93.73121178500003, 19.67763906500005], [93.76107832100007, 19.67487213700008], [93.78386478000004, 19.691107489000046], [93.79916425900007, 19.717718817000048], [93.80681399800005, 19.745835679000038], [93.82740319100003, 19.718573309000078], [93.80250084700003, 19.68886953300006], [93.79444420700008, 19.673570054000038], [93.80005944100003, 19.65648021000004], [93.77865644600007, 19.662502346000053], [93.75611412900008, 19.661078192000048], [93.73845462300005, 19.65135325700004], [93.73121178500003, 19.632554429000038], [93.73959394600007, 19.61749909100007], [93.77719160200007, 19.60309479400007], [93.79444420700008, 19.571234442000048], [93.81470787900008, 19.55304596600007], [93.85523522200003, 19.52680084800005], [93.88209069100003, 19.501898505000042], [93.92676842500003, 19.497015692000048], [93.93726647200003, 19.492010809000078], [93.91920006600003, 19.48427969000005], [93.91456139400003, 19.472805080000057], [93.92383873800003, 19.46238841400009], [93.94711347700007, 19.457912502000056], [93.98438561300003, 19.464056708000044], [93.99105879000007, 19.457180080000057], [93.98438561300003, 19.437445380000042], [93.98731530000003, 19.38670482000009], [93.98096764400003, 19.372259833000044], [93.96387780000003, 19.348049221000053], [93.95020592500003, 19.34178294500009], [93.95020592500003, 19.320705471000053], [93.92994225400008, 19.299750067000048], [93.86548912900008, 19.25409577000005], [93.83423912900008, 19.23818594000005], [93.79688561300003, 19.235174872000073], [93.75464928500003, 19.24713776200008], [93.72291100400008, 19.268459377000056], [93.71753991000003, 19.293402411000045], [93.68751061300003, 19.296698309000078], [93.66529381600003, 19.305609442000048], [93.62134850400008, 19.334377346000053], [93.63697350400008, 19.34906647300005], [93.63111412900008, 19.372300523000035], [93.61133873800003, 19.403265692000048], [93.57715905000003, 19.403265692000048], [93.56804446700005, 19.406724351000037], [93.56039472700007, 19.42381419500009], [93.55298912900008, 19.430568752000056], [93.53012129000007, 19.432074286000045], [93.50782311300003, 19.42259349200009], [93.49089603000004, 19.40761953300006], [93.48414147200003, 19.392726955000057], [93.48324629000007, 19.35065338700008], [93.48707116000003, 19.333726304000038], [93.49781334700003, 19.31391022300005], [93.55640709700003, 19.23818594000005], [93.56714928500003, 19.23110586100006], [93.59400475400008, 19.176703192000048], [93.64234459700003, 19.13422272300005], [93.65503991000003, 19.09707265800006], [93.67090905000003, 19.066880601000037], [93.66773522200003, 19.04393138200004], [93.66968834700003, 19.03270091400009], [93.67888431100005, 19.019598700000074], [93.70386803500003, 19.018459377000056], [93.71485436300003, 19.010199286000045], [93.73462975400008, 18.98118724200009], [93.75025475400008, 18.970404364000046], [93.81373131600003, 18.94399648600006], [93.86573326900003, 18.89549388200004], [93.90739993600005, 18.881781317000048], [93.93043053500003, 18.858628648000035], [93.94410241000003, 18.86823151200008], [93.93913821700005, 18.876206773000035], [93.93726647200003, 18.88934967700004], [93.95020592500003, 18.89549388200004], [93.97388756600003, 18.922796942000048], [93.98438561300003, 18.96784088700008], [93.98121178500003, 18.98065827000005], [93.95777428500003, 19.012193101000037], [93.95248457100007, 19.032049872000073], [93.95020592500003, 19.098211981000077], [93.95541425900007, 19.126898505000042], [93.94711347700007, 19.139146226000037], [93.91488691500007, 19.169582424000055], [93.90992272200003, 19.176703192000048], [93.91041100400008, 19.19098541900007], [93.91602623800003, 19.203924872000073], [93.92546634200005, 19.210272528000075], [93.93726647200003, 19.20465729400007], [93.94117272200003, 19.194973049000055], [93.94263756600003, 19.16990794500009], [93.94711347700007, 19.15965403900009], [93.97348066500007, 19.146307684000078], [93.99439537900008, 19.159084377000056], [94.03337649800005, 19.20453522300005], [94.03321373800003, 19.23509349200009], [94.02523847700007, 19.28656647300005], [94.03060957100007, 19.31590403900009], [94.05697675900007, 19.363348700000074], [94.06690514400003, 19.38898346600007], [94.07390384200005, 19.373846747000073], [94.06967207100007, 19.350897528000075], [94.05990644600007, 19.329901434000078], [94.04997806100005, 19.320705471000053], [94.04590905000003, 19.30467357000009], [94.05323326900003, 19.22138092700004], [94.05054772200003, 19.208319403000075], [94.03272545700003, 19.169256903000075], [94.03191165500004, 19.153998114000046], [94.03907311300003, 19.12205638200004], [94.02906334700003, 19.095404364000046], [94.03052819100003, 19.087958075000074], [94.04656009200005, 19.08112213700008], [94.09424889400003, 19.08734772300005], [94.06006920700003, 19.063706773000035], [94.06609134200005, 19.04287344000005], [94.04118899800005, 18.99762604400007], [94.04037519600007, 18.971177476000037], [94.05323326900003, 18.93650950700004], [94.03663170700003, 18.918036200000074], [94.03207441500007, 18.88857656500005], [94.03809655000003, 18.859116929000038], [94.05323326900003, 18.84088776200008], [94.06690514400003, 18.84833405200004], [94.07846113400007, 18.83307526200008], [94.09839928500003, 18.82172272300005], [94.11963951900003, 18.81663646000004], [94.13510175900007, 18.820461330000057], [94.13355553500003, 18.846502997000073], [94.13819420700003, 18.86009349200009], [94.14893639400003, 18.86823151200008], [94.14730879000007, 18.83982982000009], [94.15308678500003, 18.82103099200009], [94.18295332100007, 18.785630601000037], [94.21241295700003, 18.741848049000055], [94.22803795700003, 18.735541083000044], [94.25245201900003, 18.75214264500005], [94.27930748800003, 18.73851146000004], [94.21159915500004, 18.725531317000048], [94.17457116000003, 18.725043036000045], [94.15642337300005, 18.73851146000004], [94.14893639400003, 18.73851146000004], [94.14893639400003, 18.731024481000077], [94.24878991000003, 18.63886139500005], [94.25294030000003, 18.62799713700008], [94.26221764400003, 18.54511139500005], [94.25896243600005, 18.535711981000077], [94.24496504000007, 18.53925202000005], [94.25896243600005, 18.509019273000092], [94.27963300900007, 18.480210679000038], [94.33106530000003, 18.42597077000005], [94.35059655000003, 18.37523021000004], [94.38965905000003, 18.36269765800006], [94.39958743600005, 18.348211981000077], [94.40528405000003, 18.33030833500004], [94.41700280000003, 18.31395091400009], [94.40902754000007, 18.30882396000004], [94.39698326900003, 18.291449286000045], [94.38917076900003, 18.286037502000056], [94.37859134200005, 18.28709544500009], [94.36589603000004, 18.298570054000038], [94.35027103000004, 18.292914130000042], [94.33920332100007, 18.305975653000075], [94.33106530000003, 18.303127346000053], [94.32618248800003, 18.281642971000053], [94.32764733200003, 18.258734442000048], [94.34156334700003, 18.24750397300005], [94.36060631600003, 18.24607982000009], [94.40650475400008, 18.251288153000075], [94.42286217500003, 18.24249909100007], [94.43018639400003, 18.22215403900009], [94.43677819100003, 18.18235911700009], [94.45785566500007, 18.15570709800005], [94.46192467500003, 18.12177155200004], [94.48096764400003, 18.094224351000037], [94.49057050900007, 18.07249583500004], [94.49488366000003, 18.04881419500009], [94.49219811300003, 18.025946356000077], [94.48178144600007, 18.01520416900007], [94.45085696700005, 18.002427476000037], [94.44434655000003, 17.988104559000078], [94.44743899800005, 17.97333405200004], [94.48340905000003, 17.902289130000042], [94.48951256600003, 17.876206773000092], [94.49219811300003, 17.816799221000053], [94.50171959700003, 17.78660716400009], [94.54395592500003, 17.74803294500009], [94.55347741000003, 17.727362372000073], [94.55689537900008, 17.682440497000073], [94.56299889400003, 17.66168854400007], [94.57398522200003, 17.641791083000044], [94.58952884200005, 17.62641022300005], [94.59522545700003, 17.61546458500004], [94.59066816500007, 17.59324778900009], [94.61500084700003, 17.54555898600006], [94.57691491000003, 17.576239325000074], [94.56031334700003, 17.582098700000074], [94.55347741000003, 17.556382554000038], [94.55388431100005, 17.54360586100006], [94.57032311300003, 17.505194403000075], [94.56657962300005, 17.476629950000074], [94.57683353000004, 17.358343817000048], [94.59449303500003, 17.292303778000075], [94.57252037900008, 17.311102606000077], [94.54615319100003, 17.319647528000075], [94.54542076900003, 17.296087958000044], [94.51889082100007, 17.28815338700008], [94.51197350400008, 17.275213934000078], [94.50863691500007, 17.230129299000055], [94.51197350400008, 17.217189846000053], [94.53500410200007, 17.205145575000074], [94.53988691500007, 17.19672272300005], [94.53785241000003, 17.18740469000005], [94.51091556100005, 17.16901276200008], [94.46469160200007, 17.189276434000078], [94.45435631600003, 17.180080471000053], [94.45264733200003, 17.16620514500005], [94.45777428500003, 17.15375397300005], [94.48568769600007, 17.141017971000053], [94.48878014400003, 17.124212958000044], [94.47836347700007, 17.093085028000075], [94.45785566500007, 17.05955638200004], [94.45777428500003, 16.982896226000037], [94.45386803500003, 16.965236721000053], [94.44434655000003, 16.949652411000045], [94.46469160200007, 16.949652411000045], [94.43531334700003, 16.91014232000009], [94.42318769600007, 16.901271877000056], [94.41187584700003, 16.90070221600007], [94.39063561300003, 16.906642971000053], [94.38233483200003, 16.901271877000056], [94.37891686300003, 16.88694896000004], [94.40064537900008, 16.830633856000077], [94.40267988400007, 16.788275458000044], [94.39844811300003, 16.775783596000053], [94.37964928500003, 16.75535716400009], [94.36443118600005, 16.701117255000042], [94.36198978000004, 16.63548411700009], [94.35206139400003, 16.61859772300005], [94.32764733200003, 16.60643138200004], [94.32764733200003, 16.60024648600006], [94.34620201900003, 16.59243398600006], [94.34896894600007, 16.57811107000009], [94.34131920700003, 16.54840729400007], [94.33106530000003, 16.528631903000075], [94.30860436300003, 16.527777411000045], [94.27312259200005, 16.53815338700008], [94.26832116000003, 16.527492580000057], [94.27312259200005, 16.466498114000046], [94.25863691500007, 16.38735586100006], [94.23812910200007, 16.360663153000075], [94.23536217500003, 16.34837474200009], [94.23780358200003, 16.273138739000046], [94.21509850400008, 16.15766022300005], [94.20980879000007, 16.028998114000046], [94.21461022200003, 16.014797268000052], [94.23951256600003, 15.976304429000038], [94.25147545700003, 15.968451239000046], [94.26563561300003, 15.975083726000037], [94.28663170700003, 15.99750397300005], [94.30079186300003, 15.989732164000088], [94.32146243600005, 15.989935614000046], [94.34001712300005, 15.996242580000057], [94.34799238400007, 16.007147528000075], [94.35132897200003, 16.034369208000044], [94.36060631600003, 16.049261786000045], [94.37574303500003, 16.05605703300006], [94.39649498800003, 16.058986721000053], [94.42807050900007, 16.074164130000042], [94.45557701900003, 16.105617580000057], [94.50700931100005, 16.189601955000057], [94.51734459700003, 16.223944403000075], [94.51880944100003, 16.247381903000075], [94.51563561300003, 16.287258205000057], [94.52116946700005, 16.295477606000077], [94.53988691500007, 16.29169342700004], [94.56202233200003, 16.27374909100007], [94.57398522200003, 16.271307684000078], [94.58366946700005, 16.27484772300005], [94.59888756600003, 16.29364655200004], [94.60670006600003, 16.325995184000078], [94.61817467500003, 16.34202708500004], [94.62973066500007, 16.344183661000045], [94.63550866000003, 16.32648346600007], [94.61500084700003, 16.285549221000053], [94.58204186300003, 16.243475653000075], [94.58399498800003, 16.23651764500005], [94.60670006600003, 16.243109442000048], [94.62794030000003, 16.260199286000045], [94.64372806100005, 16.28351471600007], [94.65512129000007, 16.322699286000045], [94.67847741000003, 16.348537502000056], [94.68384850400008, 16.364081122000073], [94.68384850400008, 16.42206452000005], [94.67017662900008, 16.50967031500005], [94.67701256600003, 16.53196849200009], [94.68392988400007, 16.51080963700008], [94.69727623800003, 16.508368231000077], [94.73226972700007, 16.524562893000052], [94.73161868600005, 16.510199286000045], [94.71070397200003, 16.497219143000052], [94.70582116000003, 16.473089911000045], [94.72169030000003, 16.37848541900007], [94.73226972700007, 16.36749909100007], [94.73226972700007, 16.360663153000075], [94.71070397200003, 16.36033763200004], [94.70492597700007, 16.353216864000046], [94.68531334700003, 16.29197825700004], [94.66521243600005, 16.257635809000078], [94.66871178500003, 16.24087148600006], [94.68384850400008, 16.20917389500005], [94.68669681100005, 16.165350653000075], [94.67888431100005, 16.12128327000005], [94.66334069100003, 16.07998281500005], [94.64234459700003, 16.044663804000038], [94.58871504000007, 15.996242580000057], [94.56234785200007, 15.961859442000048], [94.56657962300005, 15.935492255000042], [94.58985436300003, 15.931586005000042], [94.61475670700003, 15.94367096600007], [94.67139733200003, 15.996568101000037], [94.70533287900008, 16.020656643000052], [94.72543379000007, 16.06391022300005], [94.75220787900008, 16.10740794500009], [94.76596113400007, 16.139471747000073], [94.77515709700003, 16.151556708000044], [94.79371178500003, 16.16201406500005], [94.79265384200005, 16.14789459800005], [94.77271569100003, 16.131008205000057], [94.77198326900003, 16.110988674000055], [94.76587975400008, 16.09316640800006], [94.74170983200003, 16.067287502000056], [94.73226972700007, 16.017401434000078], [94.70313561300003, 15.982367255000042], [94.60132897200003, 15.921210028000075], [94.61019941500007, 15.904974677000041], [94.62240644600007, 15.891546942000048], [94.63282311300003, 15.88971588700008], [94.63550866000003, 15.908148505000042], [94.64893639400003, 15.86859772300005], [94.65870201900003, 15.85447825700004], [94.68384850400008, 15.84674713700008], [94.70386803500003, 15.848456122000073], [94.72120201900003, 15.856675523000092], [94.74537194100003, 15.88084544500009], [94.77418053500003, 15.94334544500009], [94.78687584700003, 15.962144273000092], [94.84620201900003, 15.99998607000009], [94.86939537900008, 16.040961005000042], [94.84839928500003, 16.096502997000073], [94.84945722700007, 16.139797268000052], [94.85466556100005, 16.160223700000074], [94.86573326900003, 16.168890692000048], [94.89307701900003, 16.20575592700004], [94.90251712300005, 16.20962148600006], [94.92465254000007, 16.208807684000078], [94.94288170700003, 16.21637604400007], [94.96697024800005, 16.220404364000046], [94.99244225400008, 16.250799872000073], [94.98682701900003, 16.232245184000078], [94.97510826900003, 16.21434153900009], [94.95923912900008, 16.200873114000046], [94.91732832100007, 16.19236888200004], [94.90007571700005, 16.18378327000005], [94.88705488400007, 16.170803127000056], [94.86841881600003, 16.14203522300005], [94.86312910200007, 16.127752997000073], [94.86353600400008, 16.11237213700008], [94.88021894600007, 16.07998281500005], [94.88453209700003, 16.036037502000056], [94.88933353000004, 16.017401434000078], [94.92408287900008, 16.03851959800005], [94.92066491000003, 16.01862213700008], [94.90723717500003, 16.00604889500005], [94.88949629000007, 15.99945709800005], [94.87256920700003, 15.99750397300005], [94.86280358200003, 15.991766669000071], [94.83961022200003, 15.962062893000052], [94.83472741000003, 15.949164130000042], [94.83594811300003, 15.936672268000052], [94.84839928500003, 15.908148505000042], [94.84839928500003, 15.863755601000037], [94.85320071700005, 15.840277411000045], [94.86394290500004, 15.844142971000053], [94.88257897200003, 15.86717357000009], [94.88770592500003, 15.864203192000048], [94.89633222700007, 15.847398179000038], [94.89673912900008, 15.839260158000059], [94.89039147200003, 15.827053127000056], [94.85865319100003, 15.80882396000004], [94.84685306100005, 15.790594794000071], [94.85865319100003, 15.782619533000059], [94.90357506600003, 15.777818101000037], [94.93775475400008, 15.764146226000037], [94.97559655000003, 15.764146226000037], [94.98617597700007, 15.77334219000005], [94.99756920700003, 15.795314846000053], [95.03394616000003, 15.80573151200008], [95.04688561300003, 15.822088934000078], [95.05502363400007, 15.846136786000045], [95.07292728000004, 15.970648505000042], [95.07374108200003, 15.99750397300005], [95.06788170700003, 16.04832591400009], [95.07056725400008, 16.07485586100006], [95.09400475400008, 16.09365469000005], [95.12159264400003, 16.131659247000073], [95.12891686300003, 16.148382880000042], [95.13575280000003, 16.148382880000042], [95.14242597700007, 16.134833075000074], [95.14869225400008, 16.132025458000044], [95.18360436300003, 16.14093659100007], [95.18881269600007, 16.138820705000057], [95.19369550900007, 16.129380601000037], [95.22250410200007, 16.124172268000052], [95.22592207100007, 16.119940497000073], [95.21762129000007, 16.11359284100007], [95.20720462300005, 16.11155833500004], [95.17359459700003, 16.11359284100007], [95.13795006600003, 16.10032786700009], [95.11019941500007, 16.06745026200008], [95.09766686300003, 16.025132554000038], [95.10775800900007, 15.983872789000088], [95.12891686300003, 16.03851959800005], [95.13754316500007, 16.006659247000073], [95.11524498800003, 15.893947658000059], [95.11622155000003, 15.855292059000078], [95.12574303500003, 15.817613023000092], [95.14454186300003, 15.789129950000074], [95.17359459700003, 15.777818101000037], [95.21273847700007, 15.78656647300005], [95.22437584700003, 15.810126044000071], [95.21762129000007, 15.884263414000088], [95.22396894600007, 15.91860586100006], [95.23902428500003, 15.950344143000052], [95.27295983200003, 16.003729559000078], [95.27588951900003, 15.970648505000042], [95.26270592500003, 15.940904039000088], [95.24610436300003, 15.915228583000044], [95.23878014400003, 15.893947658000059], [95.25163821700005, 15.86823151200008], [95.27475019600007, 15.876450914000088], [95.29712975400008, 15.90298086100006], [95.31185957100007, 15.947088934000078], [95.34180748800003, 15.983872789000088], [95.34571373800003, 15.996486721000053], [95.34864342500003, 16.041571356000077], [95.34555097700007, 16.06085846600007], [95.32748457100007, 16.10740794500009], [95.33025149800005, 16.119940497000073], [95.33822675900007, 16.12986888200004], [95.35547936300003, 16.148382880000042], [95.36158287900008, 16.148382880000042], [95.35661868600005, 16.12913646000004], [95.34546959700003, 16.10496653900009], [95.34864342500003, 16.086330471000053], [95.36850019600007, 16.038804429000038], [95.36915123800003, 16.017401434000078], [95.36426842500003, 15.984564520000049], [95.35474694100003, 15.951361395000049], [95.33855228000004, 15.922023830000057], [95.31397545700003, 15.90070221600007], [95.31771894600007, 15.884182033000059], [95.31267337300005, 15.866522528000075], [95.30225670700003, 15.852484442000048], [95.29029381600003, 15.84674713700008], [95.28256269600007, 15.838324286000045], [95.28793379000007, 15.74013906500005], [95.29444420700003, 15.727850653000075], [95.31055748800003, 15.723211981000077], [95.37419681100005, 15.715033270000049], [95.39649498800003, 15.716376044000071], [95.41578209700003, 15.72296784100007], [95.43197675900007, 15.733628648000092], [95.46159915500004, 15.76072825700004], [95.52344811300003, 15.803656317000048], [95.66472415500004, 15.94920482000009], [95.68734785200007, 15.988226630000042], [95.69068444100003, 16.00067780200004], [95.69068444100003, 16.048488674000055], [95.69703209700003, 16.06598541900007], [95.72527103000004, 16.10643138200004], [95.73226972700007, 16.12726471600007], [95.72486412900008, 16.22284577000005], [95.73462975400008, 16.212836005000042], [95.74122155000003, 16.19481028900009], [95.74586022200003, 16.158351955000057], [95.75554446700005, 16.14524974200009], [95.77662194100003, 16.140692450000074], [95.79769941500007, 16.144924221000053], [95.81812584700003, 16.17601146000004], [95.88990319100003, 16.243963934000078], [95.88306725400008, 16.20917389500005], [95.90788821700005, 16.211737372000073], [95.92212975400008, 16.225409247000073], [95.93384850400008, 16.243109442000048], [95.95142662900008, 16.257635809000078], [95.94857832100007, 16.23932526200008], [95.94174238400007, 16.22654857000009], [95.94239342500003, 16.21906159100007], [95.96192467500003, 16.21670156500005], [95.97999108200003, 16.223130601000037], [96.01880944100003, 16.256740627000056], [96.06755618600005, 16.310248114000046], [96.06657962300005, 16.335638739000046], [96.00660241000003, 16.38735586100006], [96.07740319100003, 16.36082591400009], [96.08855228000004, 16.34979889500005], [96.09766686300003, 16.328558661000045], [96.11898847700007, 16.32176341400009], [96.14405358200003, 16.32489655200004], [96.16423587300005, 16.33270905200004], [96.22181790800005, 16.34478726900005], [96.28533551400005, 16.365993422000088], [96.30469811300003, 16.406398830000057], [96.32129967500003, 16.415269273000092], [96.33643639400003, 16.43943919500009], [96.32732181100005, 16.45343659100007], [96.31006920700003, 16.464585679000038], [96.29444420700003, 16.491522528000075], [96.24634850400008, 16.55487702000005], [96.23462975400008, 16.57636139500005], [96.23194420700003, 16.587225653000075], [96.23365319100003, 16.59788646000004], [96.24382571700005, 16.61945221600007], [96.24610436300003, 16.631293036000045], [96.24089603000004, 16.650132554000038], [96.21485436300003, 16.679632880000042], [96.20460045700003, 16.696478583000044], [96.19410241000003, 16.74315013200004], [96.17115319100003, 16.771551825000074], [96.20655358200003, 16.777492580000057], [96.25757897200003, 16.81590403900009], [96.28711998800003, 16.81313711100006], [96.23454837300005, 16.77692291900007], [96.22575931100005, 16.76129791900007], [96.22925866000003, 16.71873607000009], [96.23552493600005, 16.697821356000077], [96.26156660200007, 16.640692450000074], [96.26596113400007, 16.596828518000052], [96.27312259200005, 16.582098700000074], [96.28980553500003, 16.566839911000045], [96.35710696700005, 16.518500067000048], [96.37712649800005, 16.50812409100007], [96.40015709700003, 16.504055080000057], [96.43626064100005, 16.47776837400005], [96.49762682200003, 16.48418735200005], [96.55897956600006, 16.49689671300007], [96.61594293000007, 16.518004835000056], [96.64002680300007, 16.545373148000067], [96.67947338500005, 16.57486789400008], [96.69841556100005, 16.62995026200008], [96.71631920700003, 16.658351955000057], [96.72584069100003, 16.669134833000044], [96.78321373800003, 16.71234772300005], [96.80103600400008, 16.73737213700008], [96.79086347700007, 16.74746328300006], [96.78939863400007, 16.75608958500004], [96.79639733200003, 16.76235586100006], [96.81128991000003, 16.76471588700008], [96.83187910200007, 16.821926174000055], [96.84669030000003, 16.844916083000044], [96.84888756600003, 16.860296942000048], [96.84400475400008, 16.873928127000056], [96.83432050900007, 16.885239976000037], [96.80787194100003, 16.901271877000056], [96.80787194100003, 16.908677476000037], [96.85572350400008, 16.901271877000056], [96.84253991000003, 16.917669989000046], [96.83521569100003, 16.936021226000037], [96.86833743600005, 16.92841217700004], [96.87907962300005, 16.934719143000052], [96.88689212300005, 16.979396877000056], [96.91089928500003, 17.02480703300006], [96.91016686300003, 17.066839911000045], [96.89527428500003, 17.10154857000009], [96.85572350400008, 17.168768622000073], [96.84937584700003, 17.212958075000074], [96.86548912900008, 17.240301825000074], [96.89047285200007, 17.260931708000044], [96.91089928500003, 17.284857489000046], [96.91065514400003, 17.31708405200004], [96.88461347700007, 17.33885325700004], [96.85124759200005, 17.35956452000005], [96.82154381600003, 17.39472077000005], [96.84205162900008, 17.409002997000073], [96.85572350400008, 17.388495184000078], [96.86345462300005, 17.40338776200008], [96.87159264400003, 17.44171784100007], [96.88306725400008, 17.457424221000053], [96.88835696700005, 17.444281317000048], [96.88705488400007, 17.411851304000038], [96.88990319100003, 17.39472077000005], [96.89551842500003, 17.38467031500005], [96.90455162900008, 17.37531159100007], [97.01335696700005, 17.29913971600007], [97.00717207100007, 17.27806224200009], [97.02361087300005, 17.26748281500005], [97.04867597700007, 17.26080963700008], [97.06861412900008, 17.25136953300006], [97.07862389400003, 17.231350002000056], [97.08179772200003, 17.209784247000073], [97.08871504000007, 17.193508205000057], [97.10962975400008, 17.189276434000078], [97.10962975400008, 17.182440497000073], [97.09595787900008, 17.165757554000038], [97.10027103000004, 17.13377513200004], [97.11443118600005, 17.10032786700009], [97.13062584700003, 17.079413153000075], [97.14795983200003, 17.116888739000046], [97.15805097700007, 17.129299221000053], [97.18189537900008, 17.134019273000092], [97.20264733200003, 17.13157786700009], [97.26099694100003, 17.10732656500005], [97.23365319100003, 17.09516022300005], [97.17448978000004, 17.112494208000044], [97.15723717500003, 17.086859442000048], [97.15853925900007, 17.07371653900009], [97.16456139400003, 17.05931224200009], [97.17847741000003, 17.03847890800006], [97.19507897200003, 17.021877346000053], [97.19825280000003, 17.013495184000078], [97.19898522200003, 16.99746328300006], [97.18327884200005, 16.921535549000055], [97.19157962300005, 16.901271877000056], [97.21143639400003, 16.907863674000055], [97.21949303500003, 16.901271877000056], [97.20582116000003, 16.87457916900007], [97.20460045700003, 16.859808661000045], [97.20484459700003, 16.84520091400009], [97.20899498800003, 16.833197333000044], [97.21949303500003, 16.82615794500009], [97.22429446700005, 16.853257554000038], [97.23308353000004, 16.87457916900007], [97.24048912900008, 16.87457916900007], [97.23308353000004, 16.83982982000009], [97.23568769600007, 16.82953522300005], [97.24480228000004, 16.81745026200008], [97.23020911700007, 16.796646165000084], [97.23017297700005, 16.769141733000083], [97.24027599700003, 16.731900687000063], [97.25544480700006, 16.697868885000048], [97.28583595300006, 16.658921726000074], [97.31119371300008, 16.652366398000083], [97.32982822700006, 16.679846809000082], [97.33741295700003, 16.655503648000092], [97.33741295700003, 16.63157786700009], [97.37029056100005, 16.483547268000052], [97.38648522200003, 16.50389232000009], [97.40259850400008, 16.516913153000075], [97.42310631600003, 16.52342357000009], [97.45215905000003, 16.524562893000052], [97.47632897200003, 16.51829661700009], [97.48414147200003, 16.52020905200004], [97.49984785200007, 16.53196849200009], [97.54835045700003, 16.53815338700008], [97.61296634200005, 16.530585028000075], [97.63038170700003, 16.53196849200009], [97.65284264400003, 16.539862372000073], [97.71290123800003, 16.579779364000046], [97.73552493600005, 16.566799221000053], [97.74024498800003, 16.55927155200004], [97.70313561300003, 16.552069403000075], [97.67383873800003, 16.53343333500004], [97.65186608200003, 16.50722890800006], [97.63721764400003, 16.477362372000073], [97.62663821700005, 16.437567450000074], [97.62305748800003, 16.394476630000042], [97.62647545700003, 16.351629950000074], [97.63721764400003, 16.312201239000046], [97.64991295700003, 16.28384023600006], [97.65088951900003, 16.271307684000078], [97.63900800900007, 16.238348700000074], [97.61963951900003, 16.125433661000045], [97.61215254000007, 16.10740794500009], [97.60084069100003, 16.09247467700004], [97.57699629000007, 16.08470286700009], [97.57178795700003, 16.080023505000042], [97.56885826900003, 16.06240469000005], [97.57569420700003, 16.017401434000078], [97.60971113400007, 15.983872789000088], [97.63721764400003, 15.949164130000042], [97.69141686300003, 15.912298895000049], [97.71225019600007, 15.88768138200004], [97.70606530000003, 15.86033763200004], [97.72136478000004, 15.85618724200009], [97.72706139400003, 15.84320709800005], [97.72641035200007, 15.777818101000037], [97.71412194100003, 15.763373114000046], [97.71290123800003, 15.757310289000088], [97.73389733200003, 15.726304429000038], [97.72559655000003, 15.701320705000057], [97.73845462300005, 15.67991771000004], [97.74366295700003, 15.664862372000073], [97.74447675900007, 15.65070221600007], [97.74024498800003, 15.64126211100006], [97.74732506600003, 15.626166083000044], [97.74732506600003, 15.617743231000077], [97.74293053500003, 15.60447825700004], [97.77426191500007, 15.531398830000057], [97.76189212300005, 15.50389232000009], [97.76140384200005, 15.49054596600007], [97.78687584700003, 15.419419664000088], [97.79476972700007, 15.407904364000046], [97.76693769600007, 15.389349677000041], [97.76075280000003, 15.394232489000046], [97.75049889400003, 15.36009349200009], [97.73406009200005, 15.355292059000078], [97.72641035200007, 15.339585679000038], [97.73829186300003, 15.329006252000056], [97.74203535200007, 15.317938544000071], [97.74024498800003, 15.291815497000073], [97.74317467500003, 15.266831773000092], [97.76937910200007, 15.223334052000041], [97.78028405000003, 15.211493231000077], [97.82276451900003, 15.20929596600007], [97.81088300900007, 15.191148179000038], [97.80713951900003, 15.174953518000052], [97.81023196700005, 15.095119533000059], [97.80681399800005, 15.07526276200008], [97.79476972700007, 15.05849844000005], [97.80836022200003, 15.03115469000005], [97.78744550900007, 15.03070709800005], [97.77426191500007, 15.01748281500005], [97.80437259200005, 14.99868398600006], [97.81283613400007, 14.983343817000048], [97.81592858200003, 14.958807684000078], [97.80445397200003, 14.935980536000045], [97.80250084700003, 14.900946356000077], [97.79476972700007, 14.88031647300005], [97.81511478000004, 14.850816148000092], [97.84253991000003, 14.73631419500009], [97.85035241000003, 14.72361888200004], [97.86304772200003, 14.71580638200004], [97.87549889400003, 14.716742255000042], [97.90219160200007, 14.737697658000059], [97.89454186300003, 14.779689846000053], [97.89722741000003, 14.797756252000056], [97.90406334700003, 14.797756252000056], [97.90674889400003, 14.775946356000077], [97.91716556100005, 14.758612372000073], [97.93116295700003, 14.75218333500004], [97.94556725400008, 14.763617255000042], [97.94605553500003, 14.769680080000057], [97.93816165500004, 14.784735419000071], [97.94988040500004, 14.798895575000074], [97.95883222700007, 14.778509833000044], [97.97291100400008, 14.763617255000042], [97.96461022200003, 14.74705638200004], [97.97103925900007, 14.735907294000071], [98.00025475400008, 14.722072658000059], [97.98218834700003, 14.715277411000045], [97.99244225400008, 14.693101304000038], [98.02759850400008, 14.64752838700008], [97.99244225400008, 14.663723049000055], [97.96851647200003, 14.696519273000092], [97.94312584700003, 14.720200914000088], [97.90406334700003, 14.70897044500009], [97.88550866000003, 14.684068101000037], [97.88550866000003, 14.655951239000046], [97.90007571700005, 14.63031647300005], [97.92505944100003, 14.612779039000088], [97.91358483200003, 14.586737372000073], [97.92139733200003, 14.55768463700008], [97.95183353000004, 14.50291575700004], [97.96607506600003, 14.44830963700008], [97.97641035200007, 14.443752346000053], [98.00025475400008, 14.46873607000009], [97.99594160200007, 14.449693101000037], [97.98259524800005, 14.419256903000075], [97.97974694100003, 14.397406317000048], [97.98601321700005, 14.35260651200008], [97.99350019600007, 14.330511786000045], [98.01482181100005, 14.299505927000041], [98.04175866000003, 14.242865302000041], [98.08961022200003, 14.181382554000038], [98.09522545700003, 14.193793036000045], [98.10108483200003, 14.191839911000045], [98.11011803500003, 14.167792059000078], [98.09644616000003, 14.167792059000078], [98.10857181100005, 14.132635809000078], [98.10767662900008, 14.11001211100006], [98.09742272200003, 14.092189846000053], [98.09644616000003, 14.07835521000004], [98.06625410200007, 14.032700914000088], [98.06169681100005, 14.01007721600007], [98.07927493600005, 13.948065497000073], [98.08228600400008, 13.92446523600006], [98.08545983200003, 13.917914130000042], [98.11085045700003, 13.902167059000078], [98.10328209700003, 13.876369533000059], [98.10401451900003, 13.83470286700009], [98.11011803500003, 13.790350653000075], [98.08887780000003, 13.795111395000049], [98.08277428500003, 13.769964911000045], [98.09205162900008, 13.73969147300005], [98.11695397200003, 13.728949286000045], [98.10328209700003, 13.700995184000078], [98.12378991000003, 13.693508205000057], [98.14763431100005, 13.69476959800005], [98.16041100400008, 13.690252997000073], [98.16879316500007, 13.680812893000052], [98.16765384200005, 13.673163153000075], [98.15105228000004, 13.67373281500005], [98.15805097700007, 13.65818919500009], [98.15845787900008, 13.642320054000038], [98.15186608200003, 13.630357164000088], [98.13746178500003, 13.626532294000071], [98.15105228000004, 13.606024481000077], [98.13477623800003, 13.591742255000042], [98.12973066500007, 13.58234284100007], [98.14136803500003, 13.57322825700004], [98.14429772200003, 13.53709544500009], [98.15105228000004, 13.55760325700004], [98.17107181100005, 13.53782786700009], [98.17896569100003, 13.53709544500009], [98.18685957100007, 13.543850002000056], [98.18344160200007, 13.551703192000048], [98.17156009200005, 13.563869533000059], [98.16846764400003, 13.58429596600007], [98.17156009200005, 13.606024481000077], [98.19336998800003, 13.651556708000044], [98.19605553500003, 13.668361721000053], [98.19353274800005, 13.68626536700009], [98.17945397200003, 13.73240794500009], [98.18799889400003, 13.815130927000041], [98.19947350400008, 13.869208075000074], [98.18018639400003, 13.925034898000092], [98.18238366000003, 13.93781159100007], [98.19336998800003, 13.95180898600006], [98.19825280000003, 13.964911200000074], [98.19947350400008, 13.992743231000077], [98.17896569100003, 14.019720770000049], [98.18580162900008, 14.06468333500004], [98.19214928500003, 14.06468333500004], [98.19703209700003, 14.048163153000075], [98.20866946700005, 14.02960846600007], [98.23365319100003, 14.002630927000041], [98.23365319100003, 13.996486721000053], [98.22722415500004, 13.988959052000041], [98.23365319100003, 13.96165599200009], [98.23365319100003, 13.917303778000075], [98.24805748800003, 13.862779039000088], [98.25416100400008, 13.85179271000004], [98.24781334700003, 13.837591864000046], [98.25416100400008, 13.797796942000048], [98.24048912900008, 13.746039130000042], [98.24480228000004, 13.714056708000044], [98.25733483200003, 13.706366278000075], [98.27670332100007, 13.707180080000057], [98.30201256600003, 13.700995184000078], [98.29566491000003, 13.687974351000037], [98.28825931100005, 13.69476959800005], [98.29883873800003, 13.671047268000052], [98.33643639400003, 13.619818427000041], [98.33611087300005, 13.598578192000048], [98.35661868600005, 13.584865627000056], [98.36109459700003, 13.57615794500009], [98.35718834700003, 13.563869533000059], [98.38396243600005, 13.551906643000052], [98.39405358200003, 13.542792059000078], [98.40333092500003, 13.52244700700004], [98.42644290500004, 13.490057684000078], [98.43165123800003, 13.47874583500004], [98.42920983200003, 13.471177476000037], [98.41944420700003, 13.462225653000075], [98.41863040500004, 13.454575914000088], [98.42237389400003, 13.446600653000075], [98.43913821700005, 13.434759833000044], [98.44532311300003, 13.424302476000037], [98.45378665500004, 13.39638906500005], [98.45281009200005, 13.379461981000077], [98.45899498800003, 13.399969794000071], [98.46420332100007, 13.407700914000088], [98.47315514400003, 13.413031317000048], [98.47315514400003, 13.379461981000077], [98.46013431100005, 13.369330145000049], [98.46045983200003, 13.35578034100007], [98.47315514400003, 13.324896552000041], [98.47282962300005, 13.302923895000049], [98.47999108200003, 13.283880927000041], [98.48991946700005, 13.29783763200004], [98.49512780000003, 13.28546784100007], [98.50049889400003, 13.249172268000052], [98.55307050900007, 13.20807526200008], [98.56592858200003, 13.201361395000049], [98.57846113400007, 13.186753648000092], [98.58334394600007, 13.113959052000041], [98.58985436300003, 13.084662177000041], [98.58204186300003, 13.077053127000056], [98.58041425900007, 13.065375067000048], [98.58383222700007, 13.026597398000092], [98.61402428500003, 12.954291083000044], [98.60678144600007, 12.95062897300005], [98.60010826900003, 12.94163646000004], [98.58985436300003, 12.919582424000055], [98.60124759200005, 12.911037502000056], [98.62476647200003, 12.88422272300005], [98.63428795700003, 12.878607489000046], [98.65137780000003, 12.797308661000045], [98.64698326900003, 12.78579336100006], [98.64177493600005, 12.782416083000044], [98.61898847700007, 12.775091864000046], [98.61744225400008, 12.777411200000074], [98.61784915500004, 12.76626211100006], [98.62769616000003, 12.756252346000053], [98.67017662900008, 12.760931708000044], [98.67872155000003, 12.756293036000045], [98.67302493600005, 12.74681224200009], [98.65235436300003, 12.745428778000075], [98.64454186300003, 12.742010809000078], [98.64087975400008, 12.73468659100007], [98.64177493600005, 12.728094794000071], [98.64844811300003, 12.723334052000041], [98.66163170700003, 12.721584377000056], [98.68930097700007, 12.728094794000071], [98.69288170700003, 12.725287177000041], [98.69117272200003, 12.710435289000088], [98.67310631600003, 12.687445380000042], [98.66765384200005, 12.67479075700004], [98.66504967500003, 12.646429755000042], [98.67310631600003, 12.625392971000053], [98.65463300900007, 12.62571849200009], [98.65137780000003, 12.622259833000044], [98.64437910200007, 12.60065338700008], [98.63119550900007, 12.579331773000092], [98.62305748800003, 12.558172919000071], [98.63086998800003, 12.537258205000057], [98.63998457100007, 12.53188711100006], [98.67310631600003, 12.529730536000045], [98.69483483200003, 12.51703522300005], [98.70972741000003, 12.512396552000041], [98.70875084700003, 12.505560614000046], [98.70142662900008, 12.498724677000041], [98.68921959700003, 12.495591539000088], [98.65137780000003, 12.495591539000088], [98.62842858200003, 12.492132880000042], [98.61622155000003, 12.485744533000059], [98.61133873800003, 12.473049221000053], [98.61036217500003, 12.450913804000038], [98.60515384200005, 12.428941148000092], [98.60743248800003, 12.41828034100007], [98.62680097700007, 12.409572658000059], [98.65137780000003, 12.38572825700004], [98.68425540500004, 12.373236395000049], [98.69996178500003, 12.363959052000041], [98.70655358200003, 12.34788646000004], [98.69776451900003, 12.327948309000078], [98.67676842500003, 12.315252997000073], [98.56836998800003, 12.29092031500005], [98.55201256600003, 12.27960846600007], [98.54021243600005, 12.260972398000092], [98.53907311300003, 12.241766669000071], [98.54712975400008, 12.223456122000073], [98.56324303500003, 12.20766836100006], [98.59669030000003, 12.19399648600006], [98.66293379000007, 12.236802476000037], [98.69629967500003, 12.241766669000071], [98.70329837300005, 12.237779039000088], [98.71021569100003, 12.228013414000088], [98.71371504000007, 12.215765692000048], [98.70972741000003, 12.204250393000052], [98.66765384200005, 12.177679755000042], [98.65821373800003, 12.16665273600006], [98.67310631600003, 12.16665273600006], [98.67310631600003, 12.15916575700004], [98.65072675900007, 12.155096747000073], [98.63086998800003, 12.146185614000046], [98.62964928500003, 12.131984768000052], [98.64096113400007, 12.113674221000053], [98.63428795700003, 12.101141669000071], [98.63379967500003, 12.090318101000037], [98.66504967500003, 12.060248114000046], [98.71273847700007, 12.063625393000052], [98.70313561300003, 12.048081773000092], [98.70533287900008, 12.036851304000038], [98.72022545700003, 12.008368231000077], [98.72144616000003, 11.997788804000038], [98.72022545700003, 11.96430084800005], [98.69092858200003, 11.954331773000092], [98.67920983200003, 11.932806708000044], [98.66407311300003, 11.920355536000045], [98.64503014400003, 11.910223700000074], [98.62745201900003, 11.905951239000046], [98.57813561300003, 11.906683661000045], [98.55811608200003, 11.899115302000041], [98.54900149800005, 11.878648179000038], [98.63086998800003, 11.878648179000038], [98.67310631600003, 11.892075914000088], [98.69410241000003, 11.89288971600007], [98.70655358200003, 11.878648179000038], [98.68091881600003, 11.877346096000053], [98.66797936300003, 11.86359284100007], [98.65137780000003, 11.830267645000049], [98.62403405000003, 11.830267645000049], [98.60352623800003, 11.803615627000056], [98.63086998800003, 11.803615627000056], [98.63209069100003, 11.79287344000005], [98.62330162900008, 11.79328034100007], [98.61784915500004, 11.789252020000049], [98.60596764400003, 11.769191799000055], [98.60328209700003, 11.753607489000046], [98.61036217500003, 11.731268622000073], [98.64763431100005, 11.700506903000075], [98.67416425900007, 11.685248114000046], [98.68433678500003, 11.682806708000044], [98.70313561300003, 11.697455145000049], [98.70826256600003, 11.70994700700004], [98.71216881600003, 11.736517645000049], [98.72364342500003, 11.741441148000092], [98.74415123800003, 11.762518622000073], [98.76807701900003, 11.76194896000004], [98.79127037900008, 11.802476304000038], [98.81023196700005, 11.822007554000038], [98.81609134200005, 11.833807684000078], [98.80892988400007, 11.851304429000038], [98.82569420700003, 11.825873114000046], [98.81202233200003, 11.80263906500005], [98.79029381600003, 11.779689846000053], [98.78296959700003, 11.755113023000092], [98.80494225400008, 11.736517645000049], [98.87671959700003, 11.72264232000009], [98.89161217500003, 11.69367096600007], [98.88477623800003, 11.69367096600007], [98.85434004000007, 11.707098700000074], [98.83545983200003, 11.710109768000052], [98.82260175900007, 11.707953192000048], [98.81812584700003, 11.69867584800005], [98.81714928500003, 11.677394924000055], [98.80591881600003, 11.673244533000059], [98.78028405000003, 11.68650950700004], [98.76807701900003, 11.680080471000053], [98.75220787900008, 11.681708075000074], [98.74154707100007, 11.66502513200004], [98.73560631600003, 11.64203522300005], [98.73316491000003, 11.624823309000078], [98.73633873800003, 11.588771877000056], [98.73357181100005, 11.573431708000044], [98.72022545700003, 11.557114976000037], [98.72575931100005, 11.548407294000071], [98.71794681100005, 11.53188711100006], [98.72022545700003, 11.522406317000048], [98.72885175900007, 11.517645575000074], [98.74529056100005, 11.52484772300005], [98.75440514400003, 11.522406317000048], [98.76343834700003, 11.506252346000053], [98.76563561300003, 11.46743398600006], [98.77491295700003, 11.453517971000053], [98.73568769600007, 11.450140692000048], [98.71534264400003, 11.443182684000078], [98.70655358200003, 11.423081773000092], [98.69800866000003, 11.388006903000075], [98.70264733200003, 11.379055080000057], [98.72706139400003, 11.385199286000045], [98.72136478000004, 11.367254950000074], [98.72193444100003, 11.350083726000037], [98.74642988400007, 11.28587474200009], [98.75928795700003, 11.268947658000059], [98.75098717500003, 11.257066148000092], [98.74561608200003, 11.236029364000046], [98.73316491000003, 11.207098700000074], [98.73316491000003, 11.17601146000004], [98.72413170700003, 11.156195380000042], [98.70264733200003, 11.14362213700008], [98.65821373800003, 11.131984768000052], [98.67628014400003, 11.10057200700004], [98.68881269600007, 11.092474677000041], [98.70655358200003, 11.097845770000049], [98.71062259200005, 11.07607656500005], [98.72242272200003, 11.044867255000042], [98.71648196700005, 11.032375393000052], [98.69532311300003, 11.020086981000077], [98.69288170700003, 11.00844961100006], [98.71387780000003, 10.989976304000038], [98.72022545700003, 10.980536200000074], [98.71273847700007, 10.974310614000046], [98.71762129000007, 10.960679429000038], [98.71241295700003, 10.924383856000077], [98.70655358200003, 10.91282786700009], [98.70362389400003, 10.916164455000057], [98.68921959700003, 10.913397528000075], [98.67310631600003, 10.905462958000044], [98.64795983200003, 10.919094143000052], [98.63404381600003, 10.913723049000055], [98.61378014400003, 10.890285549000055], [98.58155358200003, 10.882025458000044], [98.57886803500003, 10.875189520000049], [98.58643639400003, 10.861029364000046], [98.59546959700003, 10.856838283000059], [98.63086998800003, 10.850816148000092], [98.61597741000003, 10.838446356000077], [98.59669030000003, 10.837144273000092], [98.60271243600005, 10.819484768000052], [98.59986412900008, 10.805487372000073], [98.57740319100003, 10.770412502000056], [98.56324303500003, 10.72728099200009], [98.54371178500003, 10.745062567000048], [98.53256269600007, 10.746771552000041], [98.52100670700003, 10.74095286700009], [98.53101647200003, 10.732163804000038], [98.53834069100003, 10.718695380000042], [98.53874759200005, 10.704413153000075], [98.52849368600005, 10.693101304000038], [98.51099694100003, 10.72288646000004], [98.49830162900008, 10.731594143000052], [98.47657311300003, 10.73468659100007], [98.46355228000004, 10.729437567000048], [98.45932050900007, 10.715399481000077], [98.45899498800003, 10.672674872000073], [98.46338951900003, 10.630031643000052], [98.49545332100007, 10.55687083500004], [98.50049889400003, 10.515041408000059], [98.49341881600003, 10.472723700000074], [98.49415123800003, 10.452460028000075], [98.51221764400003, 10.422796942000048], [98.52849368600005, 10.364203192000048], [98.52849368600005, 10.343247789000088], [98.51710045700003, 10.307440497000073], [98.51221764400003, 10.261419989000046], [98.48959394600007, 10.19790273600006], [98.49366295700003, 10.179185289000088], [98.51392662900008, 10.146918036000045], [98.51482181100005, 10.101507880000042], [98.52100670700003, 10.06932200700004], [98.52100670700003, 10.028998114000046], [98.53345787900008, 10.006740627000056], [98.53532962300005, 9.997381903000075], [98.54314212300005, 9.987453518000052], [98.56055748800003, 10.002142645000049], [98.58985436300003, 10.04205963700008], [98.64421634200005, 10.15501536700009], [98.66504967500003, 10.18545156500005], [98.68702233200003, 10.208400783000059], [98.69605553500003, 10.22370026200008], [98.70281009200005, 10.26276276200008], [98.71892337300005, 10.312567450000074], [98.73503665500004, 10.343085028000075], [98.74740644600007, 10.350531317000048], [98.74626712300005, 10.329006252000056], [98.73080488400007, 10.29173411700009], [98.72046959700003, 10.227932033000059], [98.71290123800003, 10.205511786000045], [98.68962649800005, 10.162054755000042], [98.66228274800005, 10.085272528000075], [98.64795983200003, 10.06932200700004], [98.60352623800003, 9.99359772300005], [98.59961998800003, 9.973863023000092], [98.61036217500003, 9.960109768000052], [98.61255944100003, 9.965969143000052], [98.62354576900003, 9.967189846000053], [98.63314863400007, 9.962958075000074], [98.63086998800003, 9.952704169000071], [98.62208092500003, 9.947821356000077], [98.59986412900008, 9.948146877000056], [98.59197024800005, 9.942694403000075], [98.57162519600007, 9.91547272300005], [98.58985436300003, 9.905462958000044], [98.58545983200003, 9.894964911000045], [98.57048587300005, 9.88422272300005], [98.57618248800003, 9.87759023600006], [98.55990644600007, 9.87303294500009], [98.54900149800005, 9.883734442000048], [98.52076256600003, 9.854437567000048], [98.51270592500003, 9.836859442000048], [98.53028405000003, 9.825588283000059], [98.54004967500003, 9.810980536000045], [98.54900149800005, 9.809271552000041], [98.55844160200007, 9.815008856000077], [98.58301842500003, 9.84284088700008], [98.56617272200003, 9.81000397300005], [98.55543053500003, 9.798041083000044], [98.54151451900003, 9.788234768000052], [98.51636803500003, 9.782945054000038], [98.50798587300005, 9.774562893000052], [98.50798587300005, 9.740383205000057], [98.51417076900003, 9.740383205000057], [98.52100670700003, 9.75462474200009], [98.53874759200005, 9.747463283000059], [98.55925540500004, 9.747219143000052], [98.56576582100007, 9.742621161000045], [98.56128991000003, 9.73305898600006], [98.54900149800005, 9.72361888200004], [98.54395592500003, 9.70648834800005], [98.53142337300005, 9.703924872000073], [98.50049889400003, 9.719916083000044], [98.49366295700003, 9.713690497000073], [98.50660241000003, 9.705633856000077], [98.51319420700003, 9.694891669000071], [98.51002037900008, 9.68659088700008], [98.49366295700003, 9.685736395000049], [98.51417076900003, 9.654730536000045], [98.50049889400003, 9.634507554000038], [98.49024498800003, 9.634955145000049], [98.47169030000003, 9.621161200000074], [98.46338951900003, 9.604437567000048], [98.48340905000003, 9.596380927000041], [98.49366295700003, 9.575873114000046], [98.52849368600005, 9.575873114000046], [98.53109785200007, 9.566107489000046], [98.51986738400007, 9.55377838700008], [98.48682701900003, 9.52806224200009], [98.45720462300005, 9.548529364000046], [98.44320722700007, 9.520819403000075], [98.42546634200005, 9.432521877000056], [98.39714603000004, 9.37881094000005], [98.38331139400003, 9.316555080000057], [98.37598717500003, 9.298163153000075], [98.36402428500003, 9.281683661000045], [98.36109459700003, 9.26821523600006], [98.35189863400007, 9.251369533000059], [98.35230553500003, 9.235907294000071], [98.37077884200005, 9.22646719000005], [98.34782962300005, 9.202785549000055], [98.33969160200007, 9.199774481000077], [98.32691491000003, 9.203680731000077], [98.32227623800003, 9.209377346000053], [98.32837975400008, 9.16437409100007], [98.34148196700005, 9.141831773000092], [98.37077884200005, 9.103583075000074], [98.38200931100005, 9.071926174000055], [98.36597741000003, 9.06391022300005], [98.34205162900008, 9.062892971000053], [98.32984459700003, 9.052069403000075], [98.33269290500004, 9.026068427000041], [98.34245853000004, 9.01821523600006], [98.39128665500004, 9.035305080000057], [98.35808353000004, 8.99599844000005], [98.36402428500003, 8.973944403000075], [98.35157311300003, 8.973781643000052], [98.33301842500003, 8.980047919000071], [98.32488040500004, 8.97524648600006], [98.31218509200005, 8.951361395000049], [98.29273522200003, 8.924383856000077], [98.28353925900007, 8.884955145000049], [98.26156660200007, 8.85065338700008], [98.25652103000004, 8.828558661000045], [98.25074303500003, 8.759955145000049], [98.23959394600007, 8.745835679000038], [98.22413170700003, 8.73533763200004], [98.21998131600003, 8.726223049000055], [98.23853600400008, 8.673041083000044], [98.24048912900008, 8.651068427000041], [98.22681725400008, 8.61009349200009], [98.22681725400008, 8.589016018000052], [98.21949303500003, 8.57562897300005], [98.21998131600003, 8.569159247000073], [98.23015384200005, 8.556586005000042], [98.24431399800005, 8.54686107000009], [98.25310306100005, 8.534654039000088], [98.24732506600003, 8.514553127000056], [98.22315514400003, 8.540432033000059], [98.21566816500007, 8.55337148600006], [98.20972741000003, 8.58148834800005], [98.20297285200007, 8.573879299000055], [98.19800866000003, 8.556057033000059], [98.19947350400008, 8.534369208000044], [98.24203535200007, 8.40648021000004], [98.26238040500004, 8.31281159100007], [98.27759850400008, 8.28351471600007], [98.27759850400008, 8.240708726000037], [98.28142337300005, 8.225897528000075], [98.28687584700003, 8.219916083000044], [98.29330488400007, 8.21588776200008], [98.32398522200003, 8.20962148600006], [98.33122806100005, 8.195054429000038], [98.35694420700003, 8.18500397300005], [98.37525475400008, 8.150824286000045], [98.39128665500004, 8.136542059000078], [98.40202884200005, 8.148993231000077], [98.40552819100003, 8.164496161000045], [98.41163170700003, 8.164496161000045], [98.42497806100005, 8.14842357000009], [98.44613691500007, 8.175116278000075], [98.46290123800003, 8.216131903000075], [98.46265709700003, 8.243312893000052], [98.45655358200003, 8.258286851000037], [98.45679772200003, 8.277533270000049], [98.45313561300003, 8.29401276200008], [98.42221113400007, 8.306341864000046], [98.42823326900003, 8.316961981000077], [98.44564863400007, 8.325100002000056], [98.46631920700003, 8.322739976000037], [98.46631920700003, 8.335760809000078], [98.47315514400003, 8.335760809000078], [98.47982832100007, 8.325751044000071], [98.48666425900007, 8.324896552000041], [98.49195397200003, 8.331284898000092], [98.49366295700003, 8.34320709800005], [98.50049889400003, 8.34320709800005], [98.51042728000004, 8.33112213700008], [98.52605228000004, 8.336330471000053], [98.55201256600003, 8.36001211100006], [98.56755618600005, 8.367865302000041], [98.58513431100005, 8.368963934000078], [98.59888756600003, 8.37490469000005], [98.60352623800003, 8.39720286700009], [98.65544681100005, 8.37962474200009], [98.64795983200003, 8.366522528000075], [98.63160241000003, 8.354437567000048], [98.62623131600003, 8.346096096000053], [98.62208092500003, 8.29287344000005], [98.62403405000003, 8.28115469000005], [98.63086998800003, 8.28115469000005], [98.63086998800003, 8.287990627000056], [98.64820397200003, 8.284857489000046], [98.67725670700003, 8.303168036000045], [98.69629967500003, 8.30849844000005], [98.70313561300003, 8.298529364000046], [98.70655358200003, 8.225897528000075], [98.71273847700007, 8.225897528000075], [98.72706139400003, 8.253851630000042], [98.74415123800003, 8.214911200000074], [98.74740644600007, 8.19920482000009], [98.74390709700003, 8.149888414000088], [98.74740644600007, 8.136542059000078], [98.74512780000003, 8.087551174000055], [98.74740644600007, 8.06826406500005], [98.76539147200003, 8.04710521000004], [98.77027428500003, 8.02366771000004], [98.77556399800005, 8.02342357000009], [98.78858483200003, 8.034735419000071], [98.79468834700003, 8.048488674000055], [98.80030358200003, 8.052435614000046], [98.81275475400008, 8.044989325000074], [98.82943769600007, 8.006781317000048], [98.84359785200007, 8.002875067000048], [98.88819420700003, 8.021063544000071], [98.89893639400003, 8.042710679000038], [98.90528405000003, 8.048407294000071], [98.91797936300003, 8.051336981000077], [98.92212975400008, 8.048529364000046], [98.92945397200003, 8.030991929000038], [98.95346113400007, 8.015448309000078], [98.96045983200003, 8.006781317000048], [98.96387780000003, 7.998277085000041], [98.96045983200003, 7.976385809000078], [98.96778405000003, 7.956203518000052], [99.00025475400008, 7.942572333000044], [99.02808678500003, 7.90375397300005], [99.04070071700005, 7.901841539000088], [99.05030358200003, 7.905462958000044], [99.06959069100003, 7.924872137000079], [99.07032311300003, 7.907904364000046], [99.06226647200003, 7.859361070000091], [99.05600019600007, 7.847357489000046], [99.01441491000003, 7.815008856000077], [99.02767988400007, 7.788885809000078], [99.03321373800003, 7.722805080000057], [99.05600019600007, 7.698919989000046], [99.09148196700005, 7.691839911000045], [99.11215254000007, 7.705511786000045], [99.12191816500007, 7.73305898600006], [99.12427819100003, 7.767238674000055], [99.13054446700005, 7.767238674000055], [99.13754316500007, 7.744330145000049], [99.15308678500003, 7.730658270000049], [99.19255618600005, 7.705145575000074], [99.20622806100005, 7.685939846000053], [99.21436608200003, 7.67999909100007], [99.23047936300003, 7.677801825000074], [99.24366295700003, 7.6714541690000715], [99.25570722700007, 7.657375393000052], [99.26221764400003, 7.643255927000041], [99.25806725400008, 7.636867580000057], [99.24675540500004, 7.6341006530000755], [99.24976647200003, 7.627752997000073], [99.26832116000003, 7.616400458000044], [99.28589928500003, 7.621771552000041], [99.29273522200003, 7.6206729190000715], [99.30005944100003, 7.575384833000044], [99.30738366000003, 7.550279039000088], [99.30884850400008, 7.528306382000039], [99.29558353000004, 7.5071475280000755], [99.32984459700003, 7.503404039000088], [99.33187910200007, 7.491929429000038], [99.34400475400008, 7.468980210000041], [99.34742272200003, 7.423488674000055], [99.34587649800005, 7.400051174000055], [99.33659915500004, 7.383612372000073], [99.37818444100003, 7.32094961100006], [99.39234459700003, 7.312201239000046], [99.42066491000003, 7.307440497000073], [99.44516035200007, 7.28969961100006], [99.47071373800003, 7.279974677000041], [99.48829186300003, 7.285711981000077], [99.49219811300003, 7.299872137000079], [99.48804772200003, 7.335191148000092], [99.49097741000003, 7.35101959800005], [99.49781334700003, 7.370794989000046], [99.50814863400007, 7.384955145000049], [99.52149498800003, 7.383612372000073], [99.52540123800003, 7.370021877000056], [99.52051842500003, 7.326971747000073], [99.52466881600003, 7.311346747000073], [99.54957116000003, 7.301825262000079], [99.56902103000004, 7.322211005000042], [99.59734134200005, 7.376166083000044], [99.60352623800003, 7.376166083000044], [99.59839928500003, 7.342718817000048], [99.58521569100003, 7.306708075000074], [99.56674238400007, 7.278021552000041], [99.54542076900003, 7.266302802000041], [99.54004967500003, 7.244126695000091], [99.55787194100003, 7.197455145000049], [99.58399498800003, 7.156439520000049], [99.61085045700003, 7.1508649760000935], [99.61410566500007, 7.136664130000042], [99.62110436300003, 7.13703034100007], [99.63754316500007, 7.1508649760000935], [99.67237389400003, 7.170721747000073], [99.67188561300003, 7.13540273600006], [99.67758222700007, 7.123277085000041], [99.69288170700003, 7.116115627000056], [99.72339928500003, 7.131822007000039], [99.74057050900007, 7.137111721000053], [99.74805748800003, 7.126044012000079], [99.71680748800003, 7.081976630000042], [99.70573978000004, 7.075425523000092], [99.67920983200003, 7.026760158000059], [99.68620853000004, 7.013373114000046], [99.68091881600003, 6.973618882000039], [99.70720462300005, 6.961004950000074], [99.71290123800003, 6.9516462260000935], [99.71387780000003, 6.942206122000073], [99.71021569100003, 6.9379743510000935], [99.69044030000003, 6.935492255000042], [99.68604576900003, 6.917466539000088], [99.68580162900008, 6.877346096000053], [99.71070397200003, 6.85415273600006], [99.79721113400007, 6.821682033000059], [99.80958092500003, 6.808294989000046], [99.82488040500004, 6.769598700000074], [99.85173587300005, 6.776434637000079], [99.86752363400007, 6.762600002000056], [99.89144941500007, 6.725043036000045], [99.91749108200003, 6.705267645000049], [99.92847741000003, 6.692613023000092], [99.93734785200007, 6.664740302000041], [99.95655358200003, 6.664007880000042], [99.96094811300003, 6.660549221000053], [99.97396894600007, 6.622707424000055], [99.96094811300003, 6.598456122000073], [99.96412194100003, 6.593736070000091], [99.98414147200003, 6.60219961100006], [99.99122155000003, 6.597845770000049], [100.0, 6.570778884068828]], [[100.0, 8.569934492492969], [99.98414147200003, 8.579413153000075], [99.96713300900007, 8.605658270000049], [99.95923912900008, 8.637640692000048], [99.93921959700003, 8.832464911000045], [99.92628014400003, 8.863348700000074], [99.93116295700003, 8.878973700000074], [99.91944420700003, 8.95579661700009], [99.91944420700003, 8.980047919000071], [99.92652428500003, 8.994533596000053], [99.93311608200003, 9.000555731000077], [99.93132571700005, 9.011867580000057], [99.92164147200003, 9.028225002000056], [99.91944420700003, 9.038397528000075], [99.91944420700003, 9.086493231000077], [99.91627037900008, 9.101996161000045], [99.89144941500007, 9.138332424000055], [99.88648522200003, 9.157904364000046], [99.88599694100003, 9.233303127000056], [99.87777754000007, 9.22646719000005], [99.85962975400008, 9.257757880000042], [99.85303795700003, 9.273993231000077], [99.85352623800003, 9.294663804000038], [99.81544030000003, 9.31118398600006], [99.80339603000004, 9.322658596000053], [99.78158613400007, 9.308417059000078], [99.75277754000007, 9.31976959800005], [99.73951256600003, 9.320502020000049], [99.73373457100007, 9.312160549000055], [99.68946373800003, 9.31586334800005], [99.67237389400003, 9.30219147300005], [99.64128665500004, 9.294745184000078], [99.61011803500003, 9.27798086100006], [99.59351647200003, 9.27484772300005], [99.54818769600007, 9.283148505000042], [99.53581790500004, 9.281683661000045], [99.52149498800003, 9.269924221000053], [99.50171959700003, 9.220282294000071], [99.47478274800005, 9.200995184000078], [99.44385826900003, 9.195990302000041], [99.37818444100003, 9.192938544000071], [99.35075931100005, 9.219183661000045], [99.30176842500003, 9.222601630000042], [99.25505618600005, 9.232489325000074], [99.23414147200003, 9.278265692000048], [99.23023522200003, 9.31976959800005], [99.23552493600005, 9.336330471000053], [99.25464928500003, 9.356838283000059], [99.28874759200005, 9.37726471600007], [99.29078209700003, 9.39008209800005], [99.32357832100007, 9.391546942000048], [99.26531009200005, 9.466009833000044], [99.22315514400003, 9.542629299000055], [99.21778405000003, 9.582180080000057], [99.21208743600005, 9.597723700000074], [99.18140709700003, 9.643255927000041], [99.17286217500003, 9.665228583000044], [99.16195722700007, 9.727118231000077], [99.14795983200003, 9.767401434000078], [99.14478600400008, 9.788234768000052], [99.14616946700005, 9.809719143000052], [99.15162194100003, 9.82916901200008], [99.17212975400008, 9.85024648600006], [99.17237389400003, 9.85740794500009], [99.16529381600003, 9.867621161000045], [99.16529381600003, 9.946478583000044], [99.15845787900008, 9.99054596600007], [99.16163170700003, 10.003322658000059], [99.17579186300003, 10.013495184000078], [99.17888431100005, 10.02529531500005], [99.17400149800005, 10.042914130000042], [99.15349368600005, 10.075832424000055], [99.15162194100003, 10.103461005000042], [99.15992272200003, 10.128322658000059], [99.18677819100003, 10.172430731000077], [99.19255618600005, 10.19627513200004], [99.20134524800005, 10.210638739000046], [99.24170983200003, 10.214504299000055], [99.25464928500003, 10.234442450000074], [99.23609459700003, 10.229315497000073], [99.22461998800003, 10.232367255000042], [99.20630944100003, 10.254339911000045], [99.16895592500003, 10.28774648600006], [99.15845787900008, 10.30272044500009], [99.15162194100003, 10.357367255000042], [99.16065514400003, 10.367987372000073], [99.18474368600005, 10.371283270000049], [99.20004316500007, 10.378485419000071], [99.22339928500003, 10.365383205000057], [99.23072350400008, 10.35651276200008], [99.23414147200003, 10.343695380000042], [99.25635826900003, 10.356146552000041], [99.27816816500007, 10.357367255000042], [99.28500410200007, 10.364488023000092], [99.28931725400008, 10.38084544500009], [99.28874759200005, 10.41201406500005], [99.27767988400007, 10.423570054000038], [99.24675540500004, 10.443915106000077], [99.24040774800005, 10.456976630000042], [99.24382571700005, 10.472357489000046], [99.26832116000003, 10.508205471000053], [99.24903405000003, 10.50999583500004], [99.24268639400003, 10.514471747000073], [99.24040774800005, 10.521877346000053], [99.24463951900003, 10.53514232000009], [99.27816816500007, 10.546047268000052], [99.28825931100005, 10.562933661000045], [99.29615319100003, 10.610907294000071], [99.30241946700005, 10.631048895000049], [99.32715905000003, 10.663275458000044], [99.34351647200003, 10.675360419000071], [99.37435957100007, 10.681382554000038], [99.37671959700003, 10.685492255000042], [99.37134850400008, 10.703070380000042], [99.37501061300003, 10.71198151200008], [99.43506920700003, 10.80182526200008], [99.43970787900008, 10.820054429000038], [99.43970787900008, 10.861029364000046], [99.44320722700007, 10.870347398000092], [99.46119225400008, 10.877427476000037], [99.49415123800003, 10.878119208000044], [99.50326582100007, 10.866848049000055], [99.51156660200007, 10.866359768000052], [99.51531009200005, 10.881537177000041], [99.51156660200007, 10.902411200000074], [99.49610436300003, 10.944240627000056], [99.49415123800003, 10.967474677000041], [99.51246178500003, 11.019232489000046], [99.51531009200005, 11.039211330000057], [99.51205488400007, 11.05695221600007], [99.49756920700003, 11.093085028000075], [99.49415123800003, 11.114569403000075], [99.49634850400008, 11.132879950000074], [99.50814863400007, 11.162176825000074], [99.52857506600003, 11.186835028000075], [99.54615319100003, 11.198431708000044], [99.56202233200003, 11.198919989000046], [99.56934655000003, 11.17914459800005], [99.58619225400008, 11.195135809000078], [99.58619225400008, 11.21385325700004], [99.56934655000003, 11.255519924000055], [99.56625410200007, 11.276312567000048], [99.56934655000003, 11.33397044500009], [99.57374108200003, 11.34406159100007], [99.59294681100005, 11.364203192000048], [99.62574303500003, 11.44049713700008], [99.63200931100005, 11.460638739000046], [99.64185631600003, 11.523260809000078], [99.66130618600005, 11.55101146000004], [99.67058353000004, 11.577866929000038], [99.75180097700007, 11.709865627000056], [99.78044681100005, 11.737250067000048], [99.81706790500004, 11.741441148000092], [99.81104576900003, 11.753078518000052], [99.81706790500004, 11.775580145000049], [99.80982506600003, 11.824611721000053], [99.81251061300003, 11.832098700000074], [99.81959069100003, 11.836371161000045], [99.83375084700003, 11.837713934000078], [99.83692467500003, 11.843451239000046], [99.82325280000003, 11.878648179000038], [99.83122806100005, 11.924709377000056], [99.85531660200007, 11.968410549000055], [99.95533287900008, 12.07249583500004], [99.98145592500003, 12.11717357000009], [99.98764082100007, 12.153021552000041], [100.0, 12.166948737550822]], [[100.0, 12.251884393157287], [99.98275800900007, 12.270453192000048], [99.98170006600003, 12.27993398600006], [100.0, 12.341577653701748]], [[100.0, 12.409256446299503], [99.98080488400007, 12.454657294000071], [99.97706139400003, 12.47687409100007], [99.98080488400007, 12.540350653000075], [99.96094811300003, 12.625392971000053], [99.96045983200003, 12.667914130000042], [99.96501712300005, 12.710150458000044], [99.97429446700005, 12.751206773000092], [99.98764082100007, 12.79047272300005], [100.0, 12.809745837328627]], [[100.0, 13.216886104409232], [99.96713300900007, 13.259019273000092], [99.96070397200003, 13.29242584800005], [99.96273847700007, 13.309881903000075], [99.99366295700003, 13.32172272300005], [100.0, 13.327339647799068]]]}, "properties": {"featurecla": "Coastline", "scalerank": 0, "min_zoom": 0.0}}, {"type": "Feature", "geometry": {"type": "LineString", "coordinates": [[66.6918106215351, 25.0], [66.68132571700005, 24.948879299000055], [66.68132571700005, 24.910549221000053], [66.70443769600007, 24.898871161000045], [66.70443769600007, 24.89203522300005], [66.67701256600003, 24.87954336100006], [66.65674889400003, 24.858710028000075], [66.65414472700007, 24.839178778000075], [66.67969811300009, 24.830552476000037], [66.71631920700008, 24.841538804000038], [66.76929772200003, 24.84723541900007], [66.77963300900007, 24.85101959800005], [66.80250084700003, 24.839544989000046], [66.85377037900008, 24.85224030200004], [66.88209069100003, 24.85101959800005], [66.94117272200003, 24.812567450000074], [66.96509850400008, 24.81004466400009], [66.95785566500007, 24.825425523000035], [66.95769290500004, 24.843573309000078], [66.96509850400008, 24.843573309000078], [66.97299238400007, 24.833156643000052], [66.98731530000003, 24.822211005000042], [67.00505618600005, 24.81354401200008], [67.02295983200008, 24.81004466400009], [67.06373131600003, 24.781683661000045], [67.08253014400003, 24.77415599200009], [67.07374108200008, 24.795803127000056], [67.08122806100005, 24.803290106000077], [67.09994550900007, 24.79706452000005], [67.13965905000003, 24.803290106000077], [67.14820397200003, 24.79979075700004], [67.15601647200003, 24.791571356000077], [67.16732832100007, 24.760158596000053], [67.17603600400008, 24.75771719000005], [67.23267662900008, 24.770738023000035], [67.24512780000003, 24.761664130000042], [67.25554446700005, 24.747992255000042], [67.25294030000003, 24.740383205000057], [67.22461998800009, 24.726955471000053], [67.19996178500008, 24.710638739000046], [67.17554772200003, 24.688706773000035], [67.15699303500008, 24.662909247000073], [67.14958743600005, 24.63507721600007], [67.15211022200003, 24.615708726000037], [67.15992272200003, 24.612250067000048], [67.19044030000003, 24.617661851000037], [67.20899498800009, 24.613755601000037], [67.25261478000004, 24.590318101000037], [67.23666425900007, 24.58397044500009], [67.21810957100007, 24.582424221000053], [67.18360436300009, 24.590318101000037], [67.18864993600005, 24.561346747000073], [67.19459069100003, 24.547267971000053], [67.20411217500003, 24.535101630000042], [67.22673587300005, 24.532375393000052], [67.23080488400007, 24.525091864000046], [67.21094811300009, 24.50844961100006], [67.24683678500008, 24.467962958000044], [67.25684655000003, 24.444973049000055], [67.25879967500003, 24.419094143000052], [67.27361087300005, 24.426947333000044], [67.28663170700008, 24.439520575000074], [67.27361087300005, 24.395086981000077], [67.27165774800005, 24.369086005000042], [67.28296959700003, 24.35761139500005], [67.32536868600005, 24.35761139500005], [67.34253991000008, 24.35382721600007], [67.36247806100005, 24.34393952000005], [67.33643639400003, 24.34642161700009], [67.30591881600003, 24.34284088700008], [67.28598066500007, 24.32957591400009], [67.29281660200007, 24.30296458500004], [67.27914472700007, 24.28123607000009], [67.29232832100007, 24.261867580000057], [67.29330488400007, 24.212225653000075], [67.30030358200008, 24.18626536700009], [67.32642662900008, 24.143784898000035], [67.33708743600005, 24.118963934000078], [67.34131920700008, 24.086371161000045], [67.35401451900003, 24.070868231000077], [67.38355553500008, 24.066799221000053], [67.44068444100003, 24.070257880000042], [67.46729576900003, 24.064154364000046], [67.48910566500007, 24.05410390800006], [67.50977623800009, 24.052069403000075], [67.53305097700007, 24.070257880000042], [67.52979576900003, 24.05491771000004], [67.51986738400007, 24.045070705000057], [67.49219811300009, 24.02802155200004], [67.47820071700005, 24.032416083000044], [67.46810957100007, 24.021958726000037], [67.45118248800009, 23.98769765800006], [67.46363366000008, 23.98200104400007], [67.50635826900003, 23.97402578300006], [67.49691816500007, 23.935614325000074], [67.49887129000007, 23.925604559000078], [67.50904381600003, 23.92324453300006], [67.54053795700008, 23.939276434000078], [67.51254316500007, 23.898260809000078], [67.50261478000004, 23.89288971600007], [67.47852623800009, 23.891506252000056], [67.49105879000007, 23.88312409100007], [67.54664147200003, 23.87099844000005], [67.53589928500008, 23.880031643000052], [67.53012129000007, 23.89126211100006], [67.53256269600007, 23.89915599200009], [67.54664147200003, 23.898260809000078], [67.55811608200008, 23.88865794500009], [67.56609134200005, 23.87645091400009], [67.57455488400007, 23.87177155200004], [67.58838951900003, 23.88467031500005], [67.58936608200008, 23.866522528000075], [67.59961998800009, 23.85423411700009], [67.61451256600003, 23.850083726000037], [67.62924238400007, 23.856675523000035], [67.63738040500004, 23.874253648000035], [67.63803144600007, 23.91592031500005], [67.65040123800009, 23.93305084800005], [67.65202884200005, 23.92527903900009], [67.65658613400007, 23.925604559000078], [67.65658613400007, 23.91937897300005], [67.65105228000004, 23.907049872000073], [67.64291425900007, 23.850490627000056], [67.63070722700007, 23.824774481000077], [67.63160241000008, 23.80345286700009], [67.65658613400007, 23.802069403000075], [67.69361412900008, 23.793443101000037], [67.71566816500007, 23.79169342700004], [67.73226972700007, 23.79523346600007], [67.74366295700008, 23.80878327000005], [67.74105879000007, 23.823065497000073], [67.73072350400008, 23.835598049000055], [67.71859785200007, 23.843695380000042], [67.77320397200003, 23.821112372000073], [67.80258222700007, 23.81281159100007], [67.83171634200005, 23.809515692000048], [67.83904056100005, 23.823391018000052], [67.85523522200003, 23.911932684000078], [67.86329186300009, 23.902818101000037], [67.86451256600003, 23.865790106000077], [67.86890709700003, 23.850490627000056], [67.89193769600007, 23.869574286000045], [67.89991295700008, 23.867580471000053], [67.90593509200005, 23.85927969000005], [67.90463300900007, 23.846258856000077], [67.90992272200003, 23.83624909100007], [67.93425540500004, 23.83299388200004], [67.94166100400008, 23.81586334800005], [67.95085696700005, 23.80890534100007], [67.97193444100003, 23.802069403000075], [67.98316491000008, 23.80963776200008], [67.99415123800009, 23.81118398600006], [67.99927819100003, 23.805812893000052], [68.00798587300005, 23.774237372000073], [68.01351972700007, 23.76854075700004], [68.02442467500003, 23.774603583000044], [68.05388431100005, 23.829413153000075], [68.04151451900003, 23.85224030200004], [68.01351972700007, 23.939276434000078], [68.04769941500007, 23.921210028000075], [68.06373131600003, 23.923163153000075], [68.05388431100005, 23.88467031500005], [68.05941816500007, 23.861883856000077], [68.07252037900008, 23.841864325000074], [68.10222415500004, 23.815741278000075], [68.10222415500004, 23.809515692000048], [68.08822675900007, 23.809515692000048], [68.08171634200005, 23.80565013200004], [68.07325280000003, 23.78343333500004], [68.07439212300005, 23.764837958000044], [68.05697675900007, 23.75096263200004], [68.05388431100005, 23.74371979400007], [68.06275475400008, 23.723130601000037], [68.08171634200005, 23.708685614000046], [68.09888756600003, 23.70929596600007], [68.10222415500004, 23.73383209800005], [68.14909915500004, 23.694525458000044], [68.15748131600003, 23.696234442000048], [68.15479576900003, 23.71430084800005], [68.14421634200005, 23.74315013200004], [68.14332116000008, 23.76113515800006], [68.14869225400008, 23.780910549000055], [68.16675866000008, 23.820013739000046], [68.17058353000004, 23.839911200000074], [68.15748131600003, 23.864162502000056], [68.15748131600003, 23.905096747000073], [68.18311608200008, 23.843451239000046], [68.17562910200007, 23.79824453300006], [68.16602623800009, 23.773179429000038], [68.16374759200005, 23.75771719000005], [68.16814212300005, 23.74746328300006], [68.19776451900003, 23.77480703300006], [68.19752037900008, 23.714544989000046], [68.20875084700003, 23.696234442000048], [68.22486412900008, 23.68187083500004], [68.24097741000008, 23.67401764500005], [68.25896243600005, 23.674709377000056], [68.28044681100005, 23.685980536000045], [68.27588951900003, 23.665838934000078], [68.24512780000003, 23.659125067000048], [68.23267662900008, 23.645005601000037], [68.22006269600007, 23.65924713700008], [68.20932050900007, 23.66274648600006], [68.19809004000007, 23.659084377000056], [68.18425540500004, 23.65192291900007], [68.17823326900003, 23.63434479400007], [68.17432701900003, 23.631415106000077], [68.15007571700005, 23.631415106000077], [68.14340254000007, 23.61269765800006], [68.15739993600005, 23.600816148000035], [68.18140709700003, 23.59406159100007], [68.23080488400007, 23.58808014500005], [68.29411868600005, 23.590399481000077], [68.31763756600003, 23.58612702000005], [68.32732181100005, 23.58690013200004], [68.34888756600003, 23.60342031500005], [68.35303795700008, 23.610663153000075], [68.35157311300009, 23.61782461100006], [68.34197024800005, 23.623968817000048], [68.41081790500004, 23.700506903000075], [68.42774498800009, 23.71430084800005], [68.44971764400003, 23.72333405200004], [68.47282962300005, 23.737494208000044], [68.51002037900008, 23.744086005000042], [68.55469811300009, 23.76854075700004], [68.58773847700007, 23.77570221600007], [68.59888756600003, 23.78188711100006], [68.60938561300009, 23.79523346600007], [68.62305748800009, 23.82440827000005], [68.63347415500004, 23.83307526200008], [68.71778405000003, 23.841009833000044], [68.74024498800009, 23.853461005000042], [68.76693769600007, 23.87840403900009], [68.78003991000008, 23.87409088700008], [68.80567467500003, 23.884426174000055], [68.82162519600007, 23.87840403900009], [68.76880944100003, 23.841131903000075], [68.74512780000003, 23.83307526200008], [68.72559655000003, 23.818915106000077], [68.71558678500008, 23.815741278000075], [68.68018639400003, 23.81777578300006], [68.67074629000007, 23.815741278000075], [68.65455162900008, 23.79905833500004], [68.63786868600005, 23.761542059000078], [68.60173587300005, 23.74868398600006], [68.58350670700008, 23.735296942000048], [68.55469811300009, 23.70648834800005], [68.53353925900007, 23.67918528900009], [68.50473066500007, 23.674221096000053], [68.48894290500004, 23.66478099200009], [68.46941165500004, 23.65924713700008], [68.46550540500004, 23.65525950700004], [68.46876061300009, 23.64081452000005], [68.48617597700007, 23.641424872000073], [68.49268639400003, 23.637600002000056], [68.49146569100003, 23.618841864000046], [68.47152754000007, 23.61863841400009], [68.42750084700003, 23.631415106000077], [68.40886478000004, 23.62132396000004], [68.40495853000004, 23.597601630000042], [68.41081790500004, 23.54881419500009], [68.40609785200007, 23.508734442000048], [68.41163170700008, 23.494696356000077], [68.43116295700008, 23.49359772300005], [68.44695071700005, 23.50299713700008], [68.44743899800005, 23.51634349200009], [68.43734785200007, 23.54881419500009], [68.45866946700005, 23.52147044500009], [68.46802819100003, 23.51984284100007], [68.48129316500007, 23.525132554000038], [68.48585045700008, 23.514105536000045], [68.46558678500008, 23.50527578300006], [68.44743899800005, 23.487453518000052], [68.42367597700007, 23.445786851000037], [68.43091881600003, 23.43659088700008], [68.44044030000003, 23.43427155200004], [68.46550540500004, 23.445786851000037], [68.45883222700007, 23.41982656500005], [68.46257571700005, 23.409125067000048], [68.47535241000008, 23.404852606000077], [68.49048912900008, 23.409328518000052], [68.50147545700008, 23.42328522300005], [68.51319420700008, 23.418524481000077], [68.52214603000004, 23.424750067000048], [68.53012129000007, 23.42568594000005], [68.53638756600003, 23.42133209800005], [68.54102623800009, 23.41168854400007], [68.52955162900008, 23.411932684000078], [68.52076256600003, 23.407538153000075], [68.51514733200008, 23.399318752000056], [68.51514733200008, 23.377020575000074], [68.52068118600005, 23.369208075000074], [68.54102623800009, 23.35700104400007], [68.56104576900003, 23.36391836100006], [68.57105553500008, 23.34638092700004], [68.59205162900008, 23.34007396000004], [68.60303795700008, 23.332831122000073], [68.60694420700008, 23.32558828300006], [68.56104576900003, 23.316107489000046], [68.54102623800009, 23.278225002000056], [68.55225670700008, 23.259711005000042], [68.57781009200005, 23.25527578300006], [68.60531660200007, 23.259588934000078], [68.62305748800009, 23.267645575000074], [68.62012780000003, 23.245428778000075], [68.60938561300009, 23.226711330000057], [68.59571373800009, 23.240383205000057], [68.59994550900007, 23.225043036000045], [68.60914147200003, 23.206773179000038], [68.62256920700008, 23.191555080000057], [68.64966881600003, 23.180853583000044], [68.65064537900008, 23.162054755000042], [68.65406334700003, 23.15778229400007], [68.69125410200007, 23.130519924000055], [68.86622155000003, 23.019964911000045], [69.03988691500007, 22.950506903000075], [69.13559004000007, 22.888373114000046], [69.20191491000008, 22.85224030200004], [69.23878014400003, 22.841945705000057], [69.33814537900008, 22.83307526200008], [69.37256920700008, 22.81899648600006], [69.40593509200005, 22.813666083000044], [69.42465254000007, 22.80426666900007], [69.47217858200008, 22.794663804000038], [69.50001061300009, 22.781683661000045], [69.54444420700008, 22.781683661000045], [69.55697675900007, 22.778509833000044], [69.57569420700008, 22.76434967700004], [69.58570397200003, 22.76117584800005], [69.65381920700008, 22.76048411700009], [69.71583092500003, 22.746893622000073], [69.72885175900007, 22.754828192000048], [69.76010175900007, 22.808335679000038], [69.78012129000007, 22.827460028000075], [69.83318118600005, 22.85846588700008], [69.88428795700008, 22.86782461100006], [69.94068444100003, 22.88613515800006], [69.99691816500007, 22.893784898000035], [70.06177819100003, 22.91819896000004], [70.12012780000003, 22.925034898000035], [70.13542728000004, 22.92999909100007], [70.13233483200008, 22.941066799000055], [70.10954837300005, 22.95917389500005], [70.13062584700003, 22.993963934000078], [70.12501061300009, 22.97597890800006], [70.12907962300005, 22.969305731000077], [70.14747155000003, 22.966050523000035], [70.16309655000003, 22.948960679000038], [70.17847741000008, 22.95302969000005], [70.20411217500003, 22.95221588700008], [70.22201582100007, 22.95917389500005], [70.23194420700008, 22.97492096600007], [70.23308353000004, 23.000148830000057], [70.24968509200005, 22.987453518000052], [70.26929772200003, 22.95856354400007], [70.29175866000008, 22.95302969000005], [70.30347741000008, 22.93813711100006], [70.31910241000008, 22.94550202000005], [70.32569420700008, 22.945013739000046], [70.34669030000003, 22.931301174000055], [70.36353600400008, 22.938706773000035], [70.39242597700007, 22.94086334800005], [70.39877363400007, 22.94550202000005], [70.40162194100003, 22.95384349200009], [70.40381920700008, 22.98187897300005], [70.40186608200008, 22.999253648000035], [70.41098066500007, 23.023179429000038], [70.40105228000004, 23.045396226000037], [70.39877363400007, 23.06903717700004], [70.41065514400003, 23.086004950000074], [70.45093834700003, 23.10565827000005], [70.45964603000004, 23.11399974200009], [70.46713300900007, 23.129706122000073], [70.48422285200007, 23.12213776200008], [70.50294030000003, 23.104396877000056], [70.51490319100003, 23.089544989000046], [70.52369225400008, 23.070379950000074], [70.52849368600005, 23.04706452000005], [70.52719160200007, 23.023586330000057], [70.50473066500007, 22.97955963700008], [70.49756920700008, 22.970038153000075], [70.48633873800009, 22.963690497000073], [70.45337975400008, 22.966620184000078], [70.43685957100007, 22.954901434000078], [70.40463300900007, 22.91950104400007], [70.37525475400008, 22.90265534100007], [70.34294681100005, 22.84316640800006], [70.32252037900008, 22.822658596000053], [70.32325280000003, 22.787665106000077], [70.31910241000008, 22.778265692000048], [70.26726321700005, 22.705959377000056], [70.23487389400003, 22.648871161000045], [70.20728600400008, 22.614976304000038], [70.18970787900008, 22.577785549000055], [70.17847741000008, 22.56195709800005], [70.14470462300005, 22.547796942000048], [70.05909264400003, 22.558417059000078], [70.02084394600007, 22.555121161000045], [69.99626712300005, 22.541449286000045], [69.97299238400007, 22.541449286000045], [69.96208743600005, 22.53534577000005], [69.90528405000003, 22.486395575000074], [69.88477623800009, 22.473578192000048], [69.86378014400003, 22.465765692000048], [69.84180748800009, 22.46637604400007], [69.83326256600003, 22.463812567000048], [69.82227623800009, 22.452093817000048], [69.80697675900007, 22.42096588700008], [69.79493248800009, 22.41860586100006], [69.73340905000003, 22.48004791900007], [69.70899498800009, 22.418890692000048], [69.69939212300005, 22.40428294500009], [69.67465254000007, 22.411078192000048], [69.66944420700008, 22.40924713700008], [69.64722741000008, 22.38043854400007], [69.64039147200003, 22.37596263200004], [69.62973066500007, 22.38377513200004], [69.61988366000008, 22.371039130000042], [69.61605879000007, 22.355902411000045], [69.60108483200008, 22.363836981000077], [69.56902103000004, 22.37055084800005], [69.55469811300009, 22.37763092700004], [69.56169681100005, 22.39158763200004], [69.55982506600003, 22.41152578300006], [69.54786217500003, 22.452093817000048], [69.54102623800009, 22.452093817000048], [69.53077233200008, 22.446112372000073], [69.51596113400007, 22.448146877000056], [69.51368248800009, 22.431586005000042], [69.52564537900008, 22.39207591400009], [69.51986738400007, 22.37763092700004], [69.50269616000008, 22.372259833000044], [69.47966556100005, 22.342230536000045], [69.43539472700007, 22.33038971600007], [69.35987389400003, 22.32916901200008], [69.34644616000008, 22.32489655200004], [69.33570397200003, 22.30613841400009], [69.28646894600007, 22.28461334800005], [69.21208743600005, 22.273911851000037], [69.21208743600005, 22.281398830000057], [69.19044030000003, 22.292303778000075], [69.17383873800009, 22.308294989000046], [69.16968834700003, 22.327948309000078], [69.18531334700003, 22.349676825000074], [69.18213951900003, 22.366441148000035], [69.20573978000004, 22.39866771000004], [69.20215905000003, 22.414862372000073], [69.18824303500008, 22.42641836100006], [69.17855879000007, 22.42763906500005], [69.15463300900007, 22.40770091400009], [69.14698326900003, 22.404852606000077], [69.12273196700005, 22.411078192000048], [69.09742272200003, 22.398871161000045], [69.08855228000004, 22.396877346000053], [69.07178795700008, 22.39948151200008], [69.06226647200003, 22.40770091400009], [69.04818769600007, 22.431586005000042], [69.05600019600007, 22.441839911000045], [69.07447350400008, 22.44944896000004], [69.08228600400008, 22.459540106000077], [69.08521569100003, 22.47288646000004], [69.08139082100007, 22.480536200000074], [69.07357832100007, 22.48187897300005], [69.04753665500004, 22.464016018000052], [69.00749759200005, 22.443182684000078], [68.98324629000007, 22.41937897300005], [68.96762129000007, 22.387193101000037], [68.96062259200005, 22.34951406500005], [68.94402103000004, 22.31826406500005], [68.94459069100003, 22.295070705000057], [68.95329837300005, 22.27602773600006], [68.98047936300009, 22.235541083000044], [68.99415123800009, 22.203924872000073], [69.01254316500007, 22.185614325000074], [69.04818769600007, 22.157904364000046], [69.09205162900008, 22.09959544500009], [69.10303795700008, 22.07636139500005], [69.15064537900008, 22.04120514500005], [69.19841556100005, 21.979722398000035], [69.24390709700003, 21.94594961100006], [69.33619225400008, 21.862453518000052], [69.35547936300009, 21.853176174000055], [69.36784915500004, 21.85610586100006], [69.39087975400008, 21.876695054000038], [69.39519290500004, 21.86131419500009], [69.39177493600005, 21.832180080000057], [69.39771569100003, 21.815252997000073], [69.42741946700005, 21.78123607000009], [69.44629967500003, 21.76630280200004], [69.47852623800009, 21.75263092700004], [69.49935957100007, 21.72020091400009], [69.51978600400008, 21.704779364000046], [69.56820722700007, 21.650132554000038], [69.62973066500007, 21.616034247000073], [69.75635826900003, 21.49042389500005], [69.78874759200005, 21.469305731000077], [69.80860436300009, 21.46580638200004], [69.81470787900008, 21.433661200000074], [69.84498131600003, 21.389593817000048], [69.91163170700008, 21.315008856000077], [69.95826256600003, 21.27334219000005], [70.05444521916755, 21.15315547561164], [70.15219160200007, 21.078517971000053], [70.26351972700007, 20.980414130000042], [70.29997806100005, 20.95856354400007], [70.33668053500008, 20.927069403000075], [70.39877363400007, 20.903509833000044], [70.41700280000003, 20.890448309000078], [70.45142662900008, 20.855902411000045], [70.46306399800005, 20.848863023000035], [70.48414147200003, 20.84393952000005], [70.54151451900003, 20.807847398000035], [70.69857832100007, 20.74640534100007], [70.74024498800009, 20.718491929000038], [70.77458743600005, 20.727362372000073], [70.80160566500007, 20.709051825000074], [70.81967207100007, 20.702948309000078], [70.84017988400007, 20.70189036700009], [70.98243248800009, 20.710150458000044], [71.00082441500007, 20.72215403900009], [71.00766035200007, 20.74160390800006], [71.02418053500008, 20.744533596000053], [71.06234785200007, 20.73895905200004], [71.09546959700003, 20.763739325000074], [71.11011803500008, 20.759466864000046], [71.11695397200003, 20.766913153000075], [71.14063561300009, 20.765692450000074], [71.31861412900008, 20.849310614000046], [71.37810306100005, 20.859442450000074], [71.46225019600007, 20.885321356000077], [71.48072350400008, 20.90037669500009], [71.48438561300009, 20.917141018000052], [71.49341881600003, 20.92914459800005], [71.55111738400007, 20.973578192000048], [71.56934655000003, 20.97919342700004], [71.55730228000004, 20.966009833000044], [71.54957116000008, 20.951239325000074], [71.58350670700008, 20.958238023000035], [71.63998457100007, 20.99681224200009], [71.68336022200003, 21.011460679000038], [71.71762129000007, 21.032049872000073], [71.74366295700008, 21.02757396000004], [71.76295006600003, 21.03229401200008], [71.78858483200008, 21.04751211100006], [71.80616295700008, 21.06207916900007], [71.92628014400003, 21.130031643000052], [71.97242272200003, 21.13226959800005], [71.99073326900003, 21.136379299000055], [72.05502363400007, 21.168361721000053], [72.06666100400008, 21.181341864000046], [72.09083092500003, 21.191473700000074], [72.10474694100003, 21.20506419500009], [72.10450280000003, 21.22215403900009], [72.09083092500003, 21.25291575700004], [72.10254967500003, 21.27440013200004], [72.09701582100007, 21.287665106000077], [72.10775800900007, 21.289984442000048], [72.11150149800005, 21.296087958000044], [72.10450280000003, 21.315008856000077], [72.11605879000007, 21.322739976000037], [72.15162194100003, 21.360174872000073], [72.16684004000007, 21.39207591400009], [72.21989993600005, 21.44472890800006], [72.24219811300003, 21.48078034100007], [72.27515709700003, 21.595526434000078], [72.29566491000008, 21.616034247000073], [72.29883873800003, 21.626288153000075], [72.29566491000008, 21.65387604400007], [72.27833092500003, 21.671942450000074], [72.27173912900008, 21.69090403900009], [72.24040774800005, 21.69171784100007], [72.22380618600005, 21.70058828300006], [72.21436608200008, 21.712836005000042], [72.20240319100003, 21.748114325000074], [72.19581139400003, 21.75779857000009], [72.17701256600003, 21.76666901200008], [72.17107181100005, 21.790961005000042], [72.16602623800003, 21.79393138200004], [72.11744225400008, 21.776597398000035], [72.10320071700005, 21.775213934000078], [72.07390384200005, 21.788723049000055], [72.05494225400008, 21.785589911000045], [72.02182050900007, 21.774318752000056], [72.02182050900007, 21.80097077000005], [72.00538170700008, 21.79295482000009], [72.00147545700008, 21.787909247000073], [71.99610436300003, 21.79950592700004], [71.99463951900003, 21.839504299000055], [71.99732506600003, 21.85492584800005], [72.00416100400008, 21.85773346600007], [72.06283613400007, 21.834377346000053], [72.08676191500007, 21.83026764500005], [72.10450280000003, 21.835760809000078], [72.08643639400003, 21.865627346000053], [72.08033287900008, 21.86985911700009], [72.05290774800005, 21.87653229400007], [72.04932701900003, 21.88043854400007], [72.05795332100007, 21.89874909100007], [72.07764733200008, 21.89443594000005], [72.09848066500007, 21.880519924000055], [72.11133873800003, 21.86985911700009], [72.13086998800003, 21.846258856000077], [72.16187584700003, 21.839178778000075], [72.16944420700008, 21.84137604400007], [72.16260826900003, 21.852850653000075], [72.16000410200007, 21.86591217700004], [72.16976972700007, 21.890448309000078], [72.15235436300003, 21.89785390800006], [72.15919030000003, 21.90460846600007], [72.14535566500007, 21.91083405200004], [72.14535566500007, 21.917669989000046], [72.15650475400008, 21.925848700000074], [72.10450280000003, 21.917669989000046], [72.08757571700005, 21.919663804000038], [72.02865644600007, 21.938788153000075], [72.03842207100007, 21.94757721600007], [72.05518639400003, 21.953517971000053], [72.07325280000003, 21.95449453300006], [72.09620201900003, 21.943019924000055], [72.10206139400003, 21.945054429000038], [72.10450280000003, 21.95921458500004], [72.07650800900007, 21.979722398000035], [72.11491946700005, 21.96938711100006], [72.12484785200007, 21.972316799000055], [72.12810306100005, 21.983547268000052], [72.11931399800005, 21.99363841400009], [72.09701582100007, 22.007025458000044], [72.11378014400003, 22.010565497000073], [72.13428795700008, 22.00458405200004], [72.15170332100007, 21.993882554000038], [72.16342207100007, 21.973211981000077], [72.17310631600003, 21.97565338700008], [72.18637129000007, 21.98655833500004], [72.19516035200007, 22.003648179000038], [72.19988040500004, 22.006984768000052], [72.20630944100003, 21.99404531500005], [72.21436608200008, 21.99404531500005], [72.21648196700005, 22.00779857000009], [72.22095787900008, 22.010972398000035], [72.23731530000003, 22.007025458000044], [72.25766035200007, 22.012152411000045], [72.27515709700003, 22.02753327000005], [72.29175866000008, 22.05341217700004], [72.29566491000008, 22.051174221000053], [72.30762780000003, 22.079006252000056], [72.31723066500007, 22.184881903000075], [72.30648847700007, 22.22955963700008], [72.26832116000008, 22.22675202000005], [72.23910566500007, 22.23891836100006], [72.23414147200003, 22.24355703300006], [72.24610436300003, 22.27558014500005], [72.24040774800005, 22.288234768000052], [72.20923912900008, 22.259426174000055], [72.19068444100003, 22.251288153000075], [72.16602623800003, 22.260321356000077], [72.14877363400007, 22.277899481000077], [72.16179446700005, 22.280951239000046], [72.20630944100003, 22.273911851000037], [72.20093834700003, 22.291449286000045], [72.20850670700008, 22.300441799000055], [72.22339928500008, 22.303168036000045], [72.24040774800005, 22.301906643000052], [72.26465905000003, 22.29523346600007], [72.26319420700008, 22.27635325700004], [72.27515709700003, 22.260321356000077], [72.28834069100003, 22.26129791900007], [72.30909264400003, 22.25722890800006], [72.32829837300005, 22.26072825700004], [72.34050540500004, 22.303208726000037], [72.36101321700005, 22.343451239000046], [72.37134850400008, 22.355902411000045], [72.39722741000008, 22.36676666900007], [72.40805097700007, 22.353461005000042], [72.40495853000004, 22.332953192000048], [72.38819420700008, 22.322333075000074], [72.38038170700008, 22.31240469000005], [72.38103274800005, 22.289943752000056], [72.39185631600003, 22.25348541900007], [72.41374759200005, 22.24632396000004], [72.44874108200008, 22.266831773000035], [72.46387780000003, 22.26398346600007], [72.46697024800005, 22.25584544500009], [72.45484459700003, 22.245306708000044], [72.45704186300003, 22.236721096000053], [72.46615644600007, 22.232570705000057], [72.50171959700003, 22.24042389500005], [72.52116946700005, 22.253119208000044], [72.55307050900007, 22.282456773000035], [72.57374108200008, 22.288234768000052], [72.60661868600005, 22.28384023600006], [72.62501061300003, 22.27138906500005], [72.65943444100003, 22.273911851000037], [72.72657311300003, 22.248928127000056], [72.75660241000008, 22.24371979400007], [72.81820722700007, 22.27342357000009], [72.83863366000008, 22.276556708000044], [72.86947675900007, 22.26239655200004], [72.88607832100007, 22.26239655200004], [72.89966881600003, 22.269191799000055], [72.90577233200008, 22.281398830000057], [72.91749108200008, 22.271429755000042], [72.92269941500007, 22.25458405200004], [72.92212975400008, 22.23651764500005], [72.91602623800003, 22.223089911000045], [72.89722741000008, 22.213039455000057], [72.88111412900008, 22.220404364000046], [72.86508222700007, 22.23346588700008], [72.84742272200003, 22.24042389500005], [72.81226647200003, 22.234116929000038], [72.79021243600005, 22.217230536000045], [72.74822024800005, 22.16404857000009], [72.72925866000008, 22.177435614000046], [72.70777428500008, 22.18577708500004], [72.68189537900008, 22.181586005000042], [72.65235436300003, 22.202337958000044], [72.63445071700005, 22.21039459800005], [72.61410566500007, 22.211737372000073], [72.59050540500004, 22.205023505000042], [72.57545006600003, 22.194525458000044], [72.54216556100005, 22.156724351000037], [72.53589928500008, 22.14052969000005], [72.53003991000008, 22.107489325000074], [72.51954186300003, 22.088446356000077], [72.52222741000008, 22.05426666900007], [72.50171959700003, 21.97601959800005], [72.50709069100003, 21.96230703300006], [72.53337649800005, 21.920314846000053], [72.54273522200003, 21.91083405200004], [72.55860436300003, 21.915269273000035], [72.58179772200003, 21.928168036000045], [72.60271243600005, 21.94358958500004], [72.62305748800003, 21.966620184000078], [72.69353274800005, 21.972316799000055], [72.70093834700003, 21.98891836100006], [72.70777428500008, 21.99404531500005], [72.71989993600005, 21.99632396000004], [72.73454837300005, 21.99404531500005], [72.73454837300005, 21.98655833500004], [72.71404056100005, 21.982977606000077], [72.70232181100005, 21.94757721600007], [72.69011478000004, 21.938788153000075], [72.65211022200003, 21.941066799000055], [72.63404381600003, 21.93748607000009], [72.61841881600003, 21.925116278000075], [72.59880618600005, 21.881008205000057], [72.58545983200008, 21.85887278900009], [72.56690514400003, 21.849351304000038], [72.56275475400008, 21.83942291900007], [72.55632571700005, 21.774318752000056], [72.55014082100007, 21.75193919500009], [72.53207441500007, 21.71385325700004], [72.52849368600005, 21.695135809000078], [72.53467858200008, 21.67291901200008], [72.55030358200008, 21.66669342700004], [72.61605879000007, 21.68545156500005], [72.67644290500004, 21.678127346000053], [72.73324629000007, 21.68748607000009], [72.75562584700003, 21.68496328300006], [72.79810631600003, 21.673529364000046], [72.81918379000007, 21.675034898000035], [72.84034264400003, 21.688381252000056], [72.85816491000008, 21.694973049000055], [72.92693118600005, 21.68496328300006], [72.95020592500003, 21.689154364000046], [72.99146569100003, 21.70844147300005], [73.02247155000003, 21.716009833000044], [73.04664147200003, 21.733343817000048], [73.08399498800003, 21.74640534100007], [73.11882571700005, 21.76471588700008], [73.12614993600005, 21.766831773000035], [73.13200931100005, 21.75779857000009], [73.12696373800003, 21.74677155200004], [73.11695397200003, 21.737250067000048], [73.08497155000003, 21.729681708000044], [73.02247155000003, 21.698553778000075], [72.96534264400003, 21.67877838700008], [72.93555748800003, 21.658351955000057], [72.88965905000003, 21.64052969000005], [72.87159264400003, 21.636542059000078], [72.83399498800003, 21.644476630000042], [72.82309004000007, 21.64394765800006], [72.81039472700007, 21.63507721600007], [72.78907311300003, 21.595526434000078], [72.77320397200003, 21.580511786000045], [72.75114993600005, 21.56513092700004], [72.72681725400008, 21.553168036000045], [72.70394941500007, 21.54840729400007], [72.69011478000004, 21.540676174000055], [72.65105228000004, 21.507025458000044], [72.61963951900003, 21.48737213700008], [72.58366946700005, 21.41742584800005], [72.61247806100005, 21.42186107000009], [72.66504967500003, 21.45722077000005], [72.68327884200005, 21.46580638200004], [72.73829186300003, 21.482855536000045], [72.74854576900003, 21.479641018000052], [72.75261478000004, 21.46356842700004], [72.74708092500003, 21.452866929000038], [72.72828209700003, 21.46580638200004], [72.67286217500003, 21.428127346000053], [72.63510175900007, 21.407456773000035], [72.56462649800005, 21.38580963700008], [72.56763756600003, 21.37641022300005], [72.57886803500008, 21.367010809000078], [72.59408613400007, 21.36277903900009], [72.63868248800003, 21.371242580000057], [72.64576256600003, 21.36277903900009], [72.63851972700007, 21.357163804000038], [72.59050540500004, 21.348537502000056], [72.58676191500007, 21.34121328300006], [72.59791100400008, 21.307562567000048], [72.60206139400003, 21.27765534100007], [72.60613040500004, 21.26658763200004], [72.61841881600003, 21.25291575700004], [72.64576256600003, 21.273382880000042], [72.64698326900003, 21.253607489000046], [72.67318769600007, 21.239081122000073], [72.68767337300005, 21.220445054000038], [72.72364342500003, 21.209133205000057], [72.73454837300005, 21.198919989000046], [72.72103925900007, 21.19879791900007], [72.71176191500007, 21.19403717700004], [72.69353274800005, 21.17845286700009], [72.63038170700008, 21.135972398000035], [72.61548912900008, 21.11981842700004], [72.61500084700003, 21.105861721000053], [72.62964928500008, 21.087958075000074], [72.63786868600005, 21.08539459800005], [72.65870201900003, 21.097601630000042], [72.67123457100007, 21.09979889500005], [72.67269941500007, 21.145738023000035], [72.67644290500004, 21.153631903000075], [72.68669681100005, 21.158148505000042], [72.70655358200008, 21.15770091400009], [72.71404056100005, 21.164129950000074], [72.72868899800005, 21.148098049000055], [72.70582116000008, 21.106350002000056], [72.70036868600005, 21.074774481000077], [72.73015384200005, 21.087836005000042], [72.73454837300005, 21.09247467700004], [72.73560631600003, 21.11074453300006], [72.74195397200003, 21.12323639500005], [72.75562584700003, 21.10956452000005], [72.79957116000008, 21.12881094000005], [72.80958092500003, 21.130031643000052], [72.84986412900008, 21.048000393000052], [72.84498131600003, 21.038316148000035], [72.82309004000007, 21.03384023600006], [72.78394616000008, 21.04043203300006], [72.76685631600003, 21.03856028900009], [72.77198326900003, 21.023871161000045], [72.78760826900003, 21.00690338700008], [72.80836022200003, 21.003973700000074], [72.81609134200005, 20.99900950700004], [72.82309004000007, 20.98261139500005], [72.83269290500004, 20.972357489000046], [72.88843834700003, 20.98261139500005], [72.88648522200003, 20.962103583000044], [72.85645592500003, 20.94798411700009], [72.83668053500008, 20.92991771000004], [72.86491946700005, 20.897284247000073], [72.85425866000008, 20.887152411000045], [72.84587649800005, 20.85179271000004], [72.83692467500003, 20.83584219000005], [72.88119550900007, 20.865668036000045], [72.89380944100003, 20.870062567000048], [72.90040123800003, 20.868109442000048], [72.88843834700003, 20.851955471000053], [72.88013756600003, 20.829901434000078], [72.88575280000003, 20.807114976000037], [72.90023847700007, 20.79913971600007], [72.91944420700008, 20.821519273000035], [72.92497806100005, 20.810614325000074], [72.91911868600005, 20.79559967700004], [72.91944420700008, 20.78742096600007], [72.94499759200005, 20.770005601000037], [72.94678795700008, 20.759466864000046], [72.94027754000007, 20.759426174000055], [72.89893639400003, 20.732163804000038], [72.90796959700003, 20.71832916900007], [72.90943444100003, 20.69867584800005], [72.90259850400008, 20.641913153000075], [72.88843834700003, 20.62848541900007], [72.88526451900003, 20.619208075000074], [72.89144941500007, 20.575140692000048], [72.88648522200003, 20.53156159100007], [72.87916100400008, 20.51243724200009], [72.84001712300005, 20.458726304000038], [72.82943769600007, 20.437933661000045], [72.82309004000007, 20.416815497000073], [72.82081139400003, 20.38613515800006], [72.81706790500004, 20.375921942000048], [72.79818769600007, 20.359320380000042], [72.78679446700005, 20.35224030200004], [72.78158613400007, 20.35228099200009], [72.77751712300005, 20.33006419500009], [72.74822024800005, 20.28034088700008], [72.74195397200003, 20.24555084800005], [72.74195397200003, 20.225043036000045], [72.74439537900008, 20.21938711100006], [72.75359134200005, 20.21820709800005], [72.75562584700003, 20.21515534100007], [72.75228925900007, 20.20376211100006], [72.73764082100007, 20.18427155200004], [72.72828209700003, 20.129461981000077], [72.71029707100007, 20.082912502000056], [72.70777428500008, 20.071112372000073], [72.70777428500008, 20.01276276200008], [72.70337975400008, 19.99762604400007], [72.68433678500008, 19.964016018000052], [72.66521243600005, 19.952948309000078], [72.66277103000004, 19.941799221000053], [72.66618899800005, 19.916571356000077], [72.66423587300005, 19.88157786700009], [72.65919030000003, 19.866441148000035], [72.64918053500008, 19.851996161000045], [72.65007571700005, 19.84198639500005], [72.67986087300005, 19.800482489000046], [72.67579186300003, 19.764146226000037], [72.67790774800005, 19.746568101000037], [72.69011478000004, 19.748968817000048], [72.72828209700003, 19.79364655200004], [72.73275800900007, 19.779730536000045], [72.73454837300005, 19.762640692000048], [72.73129316500007, 19.75458405200004], [72.71729576900003, 19.75153229400007], [72.71404056100005, 19.745835679000038], [72.71859785200007, 19.72793203300006], [72.72641035200007, 19.715236721000053], [72.72641035200007, 19.70579661700009], [72.70777428500008, 19.69745514500005], [72.69996178500008, 19.714178778000075], [72.68669681100005, 19.72479889500005], [72.70964603000004, 19.64996979400007], [72.71802819100003, 19.606675523000035], [72.71078535200007, 19.587591864000046], [72.72250410200007, 19.536281643000052], [72.74154707100007, 19.516017971000053], [72.74919681100005, 19.512600002000056], [72.75562584700003, 19.519354559000078], [72.75489342500003, 19.527044989000046], [72.73454837300005, 19.546616929000038], [72.73975670700008, 19.552679755000042], [72.74073326900003, 19.56073639500005], [72.73454837300005, 19.58079661700009], [72.74195397200003, 19.58079661700009], [72.77068118600005, 19.566148179000038], [72.78126061300003, 19.53656647300005], [72.79590905000003, 19.52680084800005], [72.81592858200008, 19.528509833000044], [72.85670006600003, 19.54132721600007], [72.87916100400008, 19.532375393000052], [72.76921634200005, 19.49046458500004], [72.75440514400003, 19.481756903000075], [72.74683678500008, 19.467962958000044], [72.74822024800005, 19.444240627000056], [72.76343834700003, 19.380194403000075], [72.78760826900003, 19.34520091400009], [72.80209394600007, 19.33193594000005], [72.81853274800005, 19.33026764500005], [72.83692467500003, 19.348049221000053], [72.85531660200007, 19.339504299000055], [72.89893639400003, 19.307033596000053], [72.91675866000008, 19.30337148600006], [72.97095787900008, 19.307033596000053], [72.98780358200008, 19.30068594000005], [73.01246178500008, 19.27244700700004], [73.02914472700007, 19.25934479400007], [73.03003991000008, 19.227728583000044], [73.04965254000007, 19.217718817000048], [73.02662194100003, 19.205511786000045], [73.01050866000008, 19.224310614000046], [72.98829186300003, 19.279120184000078], [72.97266686300003, 19.29368724200009], [72.95972741000008, 19.29482656500005], [72.93034915500004, 19.28656647300005], [72.90056399800005, 19.290757554000038], [72.88550866000008, 19.296047268000052], [72.86703535200007, 19.316799221000053], [72.83936608200008, 19.31907786700009], [72.78541100400008, 19.31391022300005], [72.77564537900008, 19.29901764500005], [72.77222741000008, 19.26512278900009], [72.77540123800003, 19.20465729400007], [72.78939863400007, 19.217352606000077], [72.81511478000004, 19.253648179000038], [72.83008873800003, 19.252427476000037], [72.80250084700003, 19.21161530200004], [72.78158613400007, 19.15965403900009], [72.78492272200003, 19.15037669500009], [72.79216556100005, 19.150458075000074], [72.79957116000008, 19.15688711100006], [72.80518639400003, 19.171820380000042], [72.81120853000004, 19.175523179000038], [72.81804446700005, 19.17536041900007], [72.82309004000007, 19.169256903000075], [72.82243899800005, 19.163763739000046], [72.81218509200005, 19.15371328300006], [72.80958092500003, 19.146307684000078], [72.82309004000007, 19.10846588700008], [72.82195071700005, 19.09711334800005], [72.80958092500003, 19.066839911000045], [72.82129967500003, 19.06317780200004], [72.82422936300003, 19.053534247000073], [72.81706790500004, 19.03270091400009], [72.80274498800003, 19.040187893000052], [72.80494225400008, 19.011053778000075], [72.80241946700005, 18.999660549000055], [72.79590905000003, 18.984930731000077], [72.77035566500007, 18.948187567000048], [72.77540123800003, 18.93650950700004], [72.78825931100005, 18.946519273000035], [72.79590905000003, 18.957586981000077], [72.80274498800003, 18.957586981000077], [72.80738366000008, 18.94281647300005], [72.80201256600003, 18.920477606000077], [72.80274498800003, 18.909816799000055], [72.81251061300003, 18.89744700700004], [72.82129967500003, 18.90330638200004], [72.82764733200008, 18.918361721000053], [72.83627363400007, 18.959133205000057], [72.85108483200008, 18.987127997000073], [72.86931399800005, 19.011419989000046], [72.88526451900003, 19.025864976000037], [72.89144941500007, 18.99176666900007], [72.93425540500004, 19.034084377000056], [72.94336998800003, 19.055121161000045], [72.92693118600005, 19.066839911000045], [72.93392988400007, 19.08030833500004], [72.93555748800003, 19.115057684000078], [72.95004316500007, 19.12791575700004], [72.96729576900003, 19.16307200700004], [72.97478274800005, 19.16307200700004], [72.96729576900003, 19.091009833000044], [72.97380618600005, 19.078558661000045], [72.98568769600007, 19.074286200000074], [72.99187259200005, 19.067206122000073], [72.98096764400003, 19.04637278900009], [72.98780358200008, 19.036932684000078], [72.98357181100005, 19.01044342700004], [72.98829186300003, 18.998602606000077], [73.01189212300005, 19.009426174000055], [73.03980553500008, 19.017523505000042], [73.05681399800005, 19.015326239000046], [73.04664147200003, 18.99518463700008], [72.99203535200007, 18.982489325000074], [72.96827233200008, 18.972601630000042], [72.95362389400003, 18.971258856000077], [72.95362389400003, 18.96442291900007], [72.98829186300003, 18.96442291900007], [72.97722415500004, 18.948431708000044], [72.94922936300003, 18.95148346600007], [72.93677819100003, 18.947414455000057], [72.93458092500003, 18.920803127000056], [72.92807050900007, 18.911363023000035], [72.91260826900003, 18.923488674000055], [72.89682050900007, 18.894476630000042], [72.91627037900008, 18.87051015800006], [72.94613691500007, 18.858303127000056], [72.96168053500008, 18.86513906500005], [72.97217858200008, 18.874253648000035], [72.97779381600003, 18.87498607000009], [72.98170006600003, 18.871486721000053], [72.97478274800005, 18.84833405200004], [72.98129316500007, 18.83270905200004], [72.98796634200005, 18.82493724200009], [73.01628665500004, 18.813625393000052], [73.00245201900003, 18.80145905200004], [72.99170983200008, 18.779364325000074], [72.98804772200003, 18.753851630000042], [72.99512780000003, 18.731024481000077], [72.98064212300005, 18.736761786000045], [72.96957441500007, 18.746975002000056], [72.96631920700008, 18.761419989000046], [72.97478274800005, 18.77948639500005], [72.92693118600005, 18.826646226000037], [72.91260826900003, 18.799994208000044], [72.90202884200005, 18.79950592700004], [72.88705488400007, 18.807033596000053], [72.87916100400008, 18.80735911700009], [72.86557050900007, 18.799383856000077], [72.85694420700008, 18.78620026200008], [72.85238691500007, 18.769924221000053], [72.85173587300005, 18.719671942000048], [72.85531660200007, 18.68113841400009], [72.86451256600003, 18.648911851000037], [72.88217207100007, 18.63548411700009], [72.90577233200008, 18.57713450700004], [72.91016686300003, 18.558986721000053], [72.92115319100003, 18.55487702000005], [72.95020592500003, 18.560370184000078], [72.96029707100007, 18.55467357000009], [72.97787519600007, 18.52411530200004], [72.98878014400003, 18.489935614000046], [73.01498457100007, 18.469956773000092], [73.00879967500003, 18.450506903000075], [72.99024498800003, 18.469956773000092], [72.96111087300005, 18.517726955000057], [72.94678795700008, 18.532416083000044], [72.92465254000007, 18.535630601000037], [72.90723717500003, 18.523586330000057], [72.89576256600003, 18.50299713700008], [72.89144941500007, 18.480902411000045], [72.89144941500007, 18.429388739000046], [72.91016686300003, 18.399237372000073], [72.91260826900003, 18.385646877000056], [72.90984134200005, 18.368068752000056], [72.91260826900003, 18.361151434000078], [72.91732832100007, 18.356390692000048], [72.92790774800005, 18.357570705000057], [72.93360436300003, 18.35492584800005], [72.95085696700005, 18.332953192000048], [72.95875084700003, 18.32811107000009], [72.97478274800005, 18.32758209800005], [72.96802819100003, 18.310614325000074], [72.97738691500007, 18.295070705000057], [72.99488366000008, 18.283596096000053], [73.01246178500008, 18.27920156500005], [73.05697675900007, 18.280951239000046], [73.07154381600003, 18.27301666900007], [73.06527754000007, 18.257554429000038], [73.07398522200003, 18.22418854400007], [73.07154381600003, 18.20408763200004], [73.05746504000007, 18.185614325000074], [73.04761803500008, 18.188788153000075], [73.04761803500008, 18.20115794500009], [73.06348717500003, 18.21035390800006], [73.05095462300005, 18.227484442000048], [73.03239993600005, 18.23786041900007], [73.01246178500008, 18.24315013200004], [72.97266686300003, 18.244696356000077], [72.96452884200005, 18.25495026200008], [72.95313561300003, 18.281317450000074], [72.93995201900003, 18.286037502000056], [72.93327884200005, 18.26658763200004], [72.93482506600003, 18.257879950000074], [72.93995201900003, 18.251288153000075], [72.92693118600005, 18.223944403000075], [72.95484459700003, 18.21751536700009], [72.96729576900003, 18.19599030200004], [72.97608483200008, 18.11863841400009], [72.98812910200007, 18.09601471600007], [72.98666425900007, 18.087713934000078], [72.98096764400003, 18.080552476000037], [72.98731530000003, 18.066555080000057], [73.00114993600005, 18.052069403000075], [73.00879967500003, 18.039007880000042], [73.02271569100003, 18.05768463700008], [73.04346764400003, 18.066961981000077], [73.04224694100003, 18.048976955000057], [73.01954186300003, 18.03587474200009], [73.00879967500003, 18.025946356000077], [73.00521894600007, 18.01235586100006], [73.00863691500007, 18.00023021000004], [73.01889082100007, 17.99249909100007], [73.03541100400008, 17.991848049000055], [73.01710045700008, 17.97211334800005], [73.01856530000003, 17.951727606000077], [73.06519616000008, 17.87836334800005], [73.07374108200008, 17.857123114000046], [73.07943769600007, 17.824611721000053], [73.10132897200003, 17.79633209800005], [73.10661868600005, 17.785549221000053], [73.10987389400003, 17.758286851000037], [73.12330162900008, 17.73578522300005], [73.12322024800005, 17.72333405200004], [73.10816491000008, 17.699774481000077], [73.10547936300003, 17.68891022300005], [73.11052493600005, 17.675726630000042], [73.12614993600005, 17.655422268000052], [73.12029056100005, 17.64203522300005], [73.12134850400008, 17.62641022300005], [73.12818444100003, 17.61155833500004], [73.13917076900003, 17.600775458000044], [73.15406334700003, 17.59560781500005], [73.18588300900007, 17.59251536700009], [73.20069420700008, 17.586493231000077], [73.16342207100007, 17.569484768000052], [73.12794030000003, 17.56468333500004], [73.12598717500003, 17.55654531500005], [73.13168379000007, 17.53937409100007], [73.16553795700008, 17.50340403900009], [73.18067467500003, 17.477687893000052], [73.17335045700008, 17.457424221000053], [73.18539472700007, 17.441880601000037], [73.16529381600003, 17.413031317000048], [73.17058353000004, 17.38971588700008], [73.19597415500004, 17.36937083500004], [73.20736738400007, 17.35374583500004], [73.23471113400007, 17.30231354400007], [73.24903405000003, 17.284857489000046], [73.23121178500008, 17.27928294500009], [73.20346113400007, 17.29873281500005], [73.18702233200008, 17.305975653000075], [73.19312584700003, 17.29401276200008], [73.21485436300003, 17.268744208000044], [73.21802819100003, 17.253241278000075], [73.23601321700005, 17.22060781500005], [73.23617597700007, 17.19920482000009], [73.26059004000007, 17.150539455000057], [73.26197350400008, 17.13495514500005], [73.25513756600003, 17.12099844000005], [73.26742597700007, 17.101385809000078], [73.27572675900007, 17.078599351000037], [73.27735436300003, 17.05467357000009], [73.26937910200007, 17.031642971000053], [73.25896243600005, 17.044094143000052], [73.25147545700008, 17.04242584800005], [73.25123131600003, 17.032171942000048], [73.26270592500003, 17.01854075700004], [73.25456790500004, 17.006740627000056], [73.26238040500004, 16.996975002000056], [73.28939863400007, 16.98383209800005], [73.27491295700008, 16.958644924000055], [73.27051842500003, 16.945013739000046], [73.26937910200007, 16.92918528900009], [73.27955162900008, 16.887640692000048], [73.26937910200007, 16.87563711100006], [73.27466881600003, 16.848822333000044], [73.28663170700008, 16.820868231000077], [73.29688561300003, 16.80565013200004], [73.30372155000003, 16.81313711100006], [73.30445397200003, 16.793524481000077], [73.29525800900007, 16.768052476000037], [73.28956139400003, 16.74022044500009], [73.30030358200008, 16.71320221600007], [73.32162519600007, 16.69245026200008], [73.32349694100003, 16.67910390800006], [73.32146243600005, 16.670843817000048], [73.31251061300003, 16.65839264500005], [73.31218509200005, 16.64472077000005], [73.32349694100003, 16.62067291900007], [73.33887780000003, 16.631659247000073], [73.35425866000008, 16.63467031500005], [73.36646569100003, 16.628078518000052], [73.37126712300005, 16.610174872000073], [73.36866295700008, 16.59902578300006], [73.36304772200003, 16.596828518000052], [73.35840905000003, 16.603949286000045], [73.35824629000007, 16.62067291900007], [73.32349694100003, 16.60643138200004], [73.31462649800005, 16.599432684000078], [73.32276451900003, 16.57615794500009], [73.33643639400003, 16.565619208000044], [73.35401451900003, 16.55963776200008], [73.37126712300005, 16.55927155200004], [73.35084069100003, 16.53815338700008], [73.36231530000003, 16.525458075000074], [73.37867272200003, 16.51829661700009], [73.35572350400008, 16.51943594000005], [73.34400475400008, 16.523586330000057], [73.30730228000004, 16.56317780200004], [73.30372155000003, 16.555568752000056], [73.30298912900008, 16.533026434000078], [73.30583743600005, 16.522650458000044], [73.31381269600007, 16.51829661700009], [73.31918379000007, 16.50975169500009], [73.33399498800003, 16.46816640800006], [73.34131920700008, 16.432074286000045], [73.35206139400003, 16.418117580000057], [73.38493899800005, 16.401597398000092], [73.36443118600005, 16.38930898600006], [73.35938561300003, 16.380601304000038], [73.35824629000007, 16.36749909100007], [73.37867272200003, 16.35691966400009], [73.37867272200003, 16.33270905200004], [73.41358483200008, 16.223944403000075], [73.41968834700003, 16.21670156500005], [73.42595462300005, 16.21515534100007], [73.43083743600005, 16.21873607000009], [73.43523196700005, 16.21784088700008], [73.44019616000008, 16.202337958000044], [73.44019616000008, 16.16201406500005], [73.44703209700003, 16.11359284100007], [73.44800866000008, 16.14329661700009], [73.45281009200005, 16.166571356000077], [73.46501712300005, 16.18227773600006], [73.48796634200005, 16.18935781500005], [73.46338951900003, 16.15957265800006], [73.46070397200003, 16.144680080000057], [73.46070397200003, 16.086330471000053], [73.44703209700003, 16.068915106000077], [73.45036868600005, 16.05890534100007], [73.46485436300003, 16.051662502000056], [73.47250410200007, 16.036363023000092], [73.48389733200008, 16.028225002000056], [73.49927819100003, 16.024318752000056], [73.51596113400007, 16.02484772300005], [73.51596113400007, 16.017401434000078], [73.48731530000003, 16.014227606000077], [73.49097741000008, 15.993475653000075], [73.51010175900007, 15.967596747000073], [73.52898196700005, 15.949164130000042], [73.58757571700005, 15.902899481000077], [73.60466556100005, 15.88084544500009], [73.63884524800005, 15.817206122000073], [73.64625084700003, 15.792141018000052], [73.64356530000003, 15.74909088700008], [73.64625084700003, 15.736883856000077], [73.65601647200003, 15.730292059000078], [73.70085696700005, 15.723211981000077], [73.68677819100003, 15.71312083500004], [73.68588300900007, 15.704291083000044], [73.69792728000004, 15.66282786700009], [73.71827233200008, 15.627142645000049], [73.72828209700003, 15.619574286000045], [73.77662194100003, 15.650864976000037], [73.78386478000004, 15.659125067000048], [73.80103600400008, 15.661851304000038], [73.83814537900008, 15.66111888200004], [73.83814537900008, 15.65428294500009], [73.76042728000004, 15.632025458000044], [73.74870853000004, 15.616766669000071], [73.74659264400003, 15.60838450700004], [73.73707116000008, 15.598537502000056], [73.73682701900003, 15.57172272300005], [73.75611412900008, 15.537583726000037], [73.75123131600003, 15.51312897300005], [73.76628665500004, 15.497259833000044], [73.78638756600003, 15.49217357000009], [73.79639733200008, 15.500392971000053], [73.86597741000008, 15.537583726000037], [73.86597741000008, 15.531398830000057], [73.85954837300005, 15.521144924000055], [73.87224368600005, 15.510931708000044], [73.81755618600005, 15.496649481000077], [73.80046634200005, 15.475002346000053], [73.79517662900008, 15.460760809000078], [73.79639733200008, 15.448879299000055], [73.80616295700008, 15.45221588700008], [73.84156334700003, 15.448879299000055], [73.85857181100005, 15.435207424000055], [73.88591556100005, 15.435207424000055], [73.92758222700007, 15.417385158000059], [73.93702233200008, 15.411322333000044], [73.96778405000003, 15.37376536700009], [73.95411217500003, 15.36627838700008], [73.94532311300003, 15.385687567000048], [73.93336022200003, 15.395412502000056], [73.89958743600005, 15.407904364000046], [73.88493899800005, 15.398016669000071], [73.86011803500008, 15.407863674000055], [73.83936608200008, 15.404038804000038], [73.78288821700005, 15.407904364000046], [73.81039472700007, 15.37759023600006], [73.82740319100003, 15.365179755000042], [73.88257897200003, 15.355292059000078], [73.89128665500004, 15.34320709800005], [73.94727623800003, 15.160834052000041], [73.95411217500003, 15.16828034100007], [73.96216881600003, 15.152044989000046], [73.95826256600003, 15.143133856000077], [73.93702233200008, 15.130438544000071], [73.92896569100003, 15.120591539000088], [73.91309655000003, 15.078924872000073], [73.96436608200008, 15.064642645000049], [73.97299238400007, 15.05687083500004], [73.99577884200005, 15.010687567000048], [74.03126061300003, 14.995306708000044], [74.03598066500007, 14.979641018000052], [74.03028405000003, 14.935207424000055], [74.03598066500007, 14.921291408000059], [74.09115644600007, 14.887600002000056], [74.10303795700008, 14.856919664000088], [74.11182701900003, 14.846177476000037], [74.12501061300003, 14.845851955000057], [74.14087975400008, 14.852687893000052], [74.15406334700003, 14.862127997000073], [74.16618899800005, 14.876532294000071], [74.19752037900008, 14.89085521000004], [74.20801842500003, 14.900824286000045], [74.21119225400008, 14.88735586100006], [74.23519941500007, 14.876532294000071], [74.23308353000004, 14.864569403000075], [74.22689863400007, 14.86273834800005], [74.20801842500003, 14.86664459800005], [74.19068444100003, 14.863104559000078], [74.17896569100003, 14.856268622000073], [74.15951582100007, 14.825669664000088], [74.15154056100005, 14.835109768000052], [74.14047285200007, 14.838771877000056], [74.12875410200007, 14.837469794000071], [74.11866295700008, 14.831854559000078], [74.11426842500003, 14.82094961100006], [74.11402428500008, 14.808417059000078], [74.10914147200003, 14.80263906500005], [74.09131920700008, 14.811428127000056], [74.09644616000008, 14.793361721000053], [74.11133873800003, 14.78034088700008], [74.14584394600007, 14.763617255000042], [74.15333092500003, 14.749945380000042], [74.17383873800003, 14.749945380000042], [74.19434655000003, 14.71580638200004], [74.20875084700003, 14.731838283000059], [74.22046959700003, 14.738104559000078], [74.23406009200005, 14.734076239000046], [74.25294030000003, 14.718939520000049], [74.26319420700008, 14.701605536000045], [74.26921634200005, 14.65892161700009], [74.27621504000007, 14.64008209800005], [74.26685631600003, 14.631293036000045], [74.26807701900003, 14.619940497000073], [74.27588951900003, 14.610174872000073], [74.28711998800003, 14.605943101000037], [74.32390384200005, 14.61859772300005], [74.33904056100005, 14.612779039000088], [74.33904056100005, 14.605943101000037], [74.30738366000008, 14.60187409100007], [74.29517662900008, 14.587307033000059], [74.29590905000003, 14.565008856000077], [74.30355879000007, 14.537665106000077], [74.30054772200003, 14.527411200000074], [74.30982506600003, 14.51943594000005], [74.32488040500004, 14.517238674000055], [74.33904056100005, 14.523993231000077], [74.34294681100005, 14.536851304000038], [74.34294681100005, 14.563666083000044], [74.35873457100007, 14.571234442000048], [74.35547936300003, 14.557074286000045], [74.35873457100007, 14.544582424000055], [74.36833743600005, 14.549709377000056], [74.37924238400007, 14.544582424000055], [74.37240644600007, 14.530218817000048], [74.38542728000004, 14.524115302000041], [74.42774498800003, 14.476263739000046], [74.40113366000008, 14.479722398000092], [74.39763431100005, 14.475409247000073], [74.40723717500003, 14.46198151200008], [74.38884524800005, 14.462713934000078], [74.36703535200007, 14.51235586100006], [74.35189863400007, 14.530218817000048], [74.35385175900007, 14.505072333000044], [74.37427819100003, 14.467271226000037], [74.38160241000008, 14.431219794000071], [74.39185631600003, 14.41901276200008], [74.39421634200005, 14.41079336100006], [74.39698326900003, 14.372748114000046], [74.41260826900003, 14.34479401200008], [74.41537519600007, 14.30109284100007], [74.42774498800003, 14.28384023600006], [74.50001061300003, 14.257961330000057], [74.50896243600005, 14.25031159100007], [74.49496504000007, 14.247463283000059], [74.47103925900007, 14.24868398600006], [74.44703209700003, 14.253973700000074], [74.43336022200003, 14.263373114000046], [74.42904707100007, 14.240423895000049], [74.43873131600003, 14.220119533000059], [74.46745853000004, 14.181382554000038], [74.47315514400003, 14.161688544000071], [74.47486412900008, 14.10569896000004], [74.49537194100003, 14.071519273000092], [74.49537194100003, 14.030585028000075], [74.50473066500007, 14.010239976000037], [74.58399498800003, 13.903876044000071], [74.59595787900008, 13.871486721000053], [74.61459394600007, 13.835516669000071], [74.62305748800003, 13.77415599200009], [74.64698326900003, 13.692084052000041], [74.66049238400007, 13.66006094000005], [74.67603600400008, 13.70107656500005], [74.68775475400008, 13.711818752000056], [74.70142662900008, 13.69476959800005], [74.68897545700008, 13.69086334800005], [74.68832441500007, 13.685939846000053], [74.70142662900008, 13.67373281500005], [74.71290123800003, 13.656195380000042], [74.72055097700007, 13.652289130000042], [74.73560631600003, 13.653794664000088], [74.70997155000003, 13.640570380000042], [74.69678795700008, 13.640448309000078], [74.68718509200005, 13.646958726000037], [74.68091881600003, 13.646958726000037], [74.67709394600007, 13.63031647300005], [74.67286217500003, 13.62889232000009], [74.66667728000004, 13.632757880000042], [74.66797936300003, 13.625148830000057], [74.67351321700005, 13.619086005000042], [74.67139733200008, 13.603949286000045], [74.67798912900008, 13.54913971600007], [74.67709394600007, 13.526760158000059], [74.70142662900008, 13.461371161000045], [74.70191491000008, 13.420355536000045], [74.70826256600003, 13.413031317000048], [74.69369550900007, 13.415269273000092], [74.69076582100007, 13.439113674000055], [74.68091881600003, 13.468247789000088], [74.68751061300003, 13.410345770000049], [74.69459069100003, 13.393133856000077], [74.68946373800003, 13.38157786700009], [74.71509850400008, 13.33104075700004], [74.73340905000003, 13.26276276200008], [74.73780358200008, 13.221380927000041], [74.74878991000008, 13.170843817000048], [74.75294030000003, 13.16038646000004], [74.75977623800003, 13.155218817000048], [74.76295006600003, 13.118801174000055], [74.76921634200005, 13.099554755000042], [74.78337649800005, 13.084662177000041], [74.77027428500008, 13.052435614000046], [74.81755618600005, 12.861761786000045], [74.85059655000003, 12.857163804000038], [74.89478600400008, 12.871161200000074], [74.94092858200008, 12.878607489000046], [74.93287194100003, 12.866441148000092], [74.91749108200008, 12.85814036700009], [74.88111412900008, 12.848049221000053], [74.85914147200003, 12.824611721000053], [74.85141035200007, 12.825506903000075], [74.82496178500008, 12.83820221600007], [74.82764733200008, 12.824652411000045], [74.85230553500008, 12.797308661000045], [74.85572350400008, 12.759426174000055], [74.87012780000003, 12.742865302000041], [74.87964928500008, 12.725490627000056], [74.95525149800005, 12.537258205000057], [74.98536217500003, 12.491359768000052], [74.99203535200007, 12.461737372000073], [75.00993899800005, 12.443793036000045], [75.01840254000007, 12.414740302000041], [75.08285566500007, 12.305894273000092], [75.09864342500003, 12.269029039000088], [75.10474694100003, 12.24607982000009], [75.10547936300003, 12.221258856000077], [75.12671959700003, 12.245835679000038], [75.13965905000003, 12.248602606000077], [75.13086998800003, 12.207831122000073], [75.14380944100003, 12.161322333000044], [75.18051191500007, 12.077297268000052], [75.18628991000008, 12.041571356000077], [75.19369550900007, 12.022284247000073], [75.20850670700008, 12.008368231000077], [75.20704186300003, 12.01203034100007], [75.21062259200005, 12.016994533000059], [75.22217858200008, 12.022040106000077], [75.24561608200008, 12.00291575700004], [75.27670332100007, 11.96743398600006], [75.26050866000008, 11.997788804000038], [75.26433353000004, 12.013332424000055], [75.30420983200008, 12.043158270000049], [75.32496178500008, 12.022650458000044], [75.32976321700005, 12.012640692000048], [75.31470787900008, 12.008368231000077], [75.28109785200007, 12.010646877000056], [75.27881920700008, 12.003241278000075], [75.29037519600007, 11.98110586100006], [75.30225670700008, 11.966050523000092], [75.31609134200005, 11.955633856000077], [75.33171634200005, 11.94953034100007], [75.34913170700008, 11.94757721600007], [75.36133873800003, 11.951239325000074], [75.38021894600007, 11.968695380000042], [75.39340254000007, 11.97483958500004], [75.38282311300003, 11.945502020000049], [75.38656660200007, 11.935126044000071], [75.40023847700007, 11.926459052000041], [75.40023847700007, 11.92023346600007], [75.32650800900007, 11.93585846600007], [75.30762780000003, 11.932196356000077], [75.32455488400007, 11.899115302000041], [75.34937584700003, 11.871975002000056], [75.35580488400007, 11.85765208500004], [75.37973066500007, 11.864976304000038], [75.50611412900008, 11.727240302000041], [75.53077233200008, 11.69367096600007], [75.58529707100007, 11.563381252000056], [75.58187910200007, 11.54979075700004], [75.60084069100003, 11.523382880000042], [75.60889733200008, 11.484930731000077], [75.61654707100007, 11.47361888200004], [75.66480553500008, 11.462632554000038], [75.67709394600007, 11.450100002000056], [75.69516035200007, 11.419989325000074], [75.71119225400008, 11.381781317000048], [75.72217858200008, 11.36749909100007], [75.73552493600005, 11.371527411000045], [75.74244225400008, 11.358710028000075], [75.73951256600003, 11.350734768000052], [75.72925866000008, 11.34365469000005], [75.73080488400007, 11.331732489000046], [75.74293053500008, 11.310126044000071], [75.83277428500008, 11.097845770000049], [75.88013756600003, 10.93268463700008], [75.89454186300003, 10.849758205000057], [75.91114342500003, 10.80923086100006], [75.94157962300005, 10.796210028000075], [75.92408287900008, 10.78070709800005], [75.92107181100005, 10.77570221600007], [75.92204837300005, 10.765570380000042], [75.93213951900003, 10.75096263200004], [75.93913821700005, 10.726060289000088], [75.99968509200005, 10.605536200000074], [76.00806725400008, 10.567084052000041], [76.04460696700005, 10.52928294500009], [76.05241946700005, 10.51398346600007], [76.07007897200003, 10.432806708000044], [76.10613040500004, 10.38467031500005], [76.12061608200008, 10.343573309000078], [76.13819420700008, 10.261053778000075], [76.15316816500007, 10.22016022300005], [76.17058353000004, 10.193752346000053], [76.18409264400003, 10.18935781500005], [76.20167076900003, 10.199693101000037], [76.20948326900003, 10.216009833000044], [76.20785566500007, 10.234564520000049], [76.19483483200008, 10.26862213700008], [76.20630944100003, 10.262884833000044], [76.22282962300005, 10.234442450000074], [76.24024498800003, 10.238959052000041], [76.24170983200008, 10.223944403000075], [76.23633873800003, 10.210272528000075], [76.22413170700008, 10.196926174000055], [76.17750084700003, 10.17064036700009], [76.17774498800003, 10.15534088700008], [76.18458092500003, 10.144924221000053], [76.18116295700008, 10.121161200000074], [76.18238366000008, 10.105658270000049], [76.21461022200003, 10.02448151200008], [76.22820071700005, 9.999945380000042], [76.24268639400003, 9.987453518000052], [76.23503665500004, 10.005072333000044], [76.23096764400003, 10.025824286000045], [76.22901451900003, 10.065904039000088], [76.20753014400003, 10.117132880000042], [76.21534264400003, 10.138251044000071], [76.22771243600005, 10.109564520000049], [76.23633873800003, 10.103461005000042], [76.24512780000003, 10.10219961100006], [76.25505618600005, 10.047674872000073], [76.27393639400003, 10.035834052000041], [76.26929772200003, 10.01626211100006], [76.27816816500007, 9.977932033000059], [76.29428144600007, 9.951320705000057], [76.31153405000003, 9.966945705000057], [76.32081139400003, 9.953314520000049], [76.35922285200007, 9.915432033000059], [76.36378014400003, 9.899237372000073], [76.39405358200008, 9.84284088700008], [76.39649498800003, 9.822658596000053], [76.38404381600003, 9.80263906500005], [76.38038170700008, 9.785101630000042], [76.39405358200008, 9.747219143000052], [76.39405358200008, 9.706244208000044], [76.40259850400008, 9.710598049000055], [76.41000410200007, 9.70026276200008], [76.41456139400003, 9.68268463700008], [76.41504967500003, 9.63617584800005], [76.41960696700005, 9.614488023000092], [76.41968834700003, 9.594183661000045], [76.40699303500008, 9.56907786700009], [76.42823326900003, 9.55540599200009], [76.44849694100003, 9.563421942000048], [76.46656334700003, 9.556382554000038], [76.50326582100007, 9.534979559000078], [76.47706139400003, 9.503729559000078], [76.45899498800003, 9.497300523000092], [76.43506920700008, 9.507635809000078], [76.42579186300003, 9.505275783000059], [76.35743248800003, 9.520697333000044], [76.35328209700003, 9.535345770000049], [76.37289472700007, 9.624335028000075], [76.39242597700007, 9.66282786700009], [76.39405358200008, 9.678941148000092], [76.37712649800005, 9.695502020000049], [76.36801191500007, 9.71556224200009], [76.35922285200007, 9.76829661700009], [76.35922285200007, 9.816107489000046], [76.33741295700008, 9.85618724200009], [76.33269290500004, 9.870754299000055], [76.32007897200003, 9.86163971600007], [76.32398522200003, 9.846177476000037], [76.34620201900003, 9.816107489000046], [76.33757571700005, 9.789252020000049], [76.34734134200005, 9.72687409100007], [76.34620201900003, 9.699408270000049], [76.33887780000003, 9.699408270000049], [76.31381269600007, 9.86131419500009], [76.30860436300003, 9.87962474200009], [76.29712975400008, 9.870754299000055], [76.30469811300003, 9.856268622000073], [76.29997806100005, 9.847805080000057], [76.28077233200008, 9.84284088700008], [76.28825931100005, 9.86123281500005], [76.28907311300003, 9.877142645000049], [76.28419030000003, 9.891180731000077], [76.27735436300003, 9.870754299000055], [76.26685631600003, 9.87604401200008], [76.26059004000007, 9.884711005000042], [76.25684655000003, 9.908596096000053], [76.26221764400003, 9.91156647300005], [76.28565514400003, 9.904364325000074], [76.29102623800003, 9.908596096000053], [76.28467858200008, 9.928534247000073], [76.26954186300003, 9.950995184000078], [76.25147545700008, 9.96312083500004], [76.23633873800003, 9.952704169000071], [76.24675540500004, 9.893744208000044], [76.25318444100003, 9.883734442000048], [76.27735436300003, 9.809271552000041], [76.29712975400008, 9.65843333500004], [76.29102623800003, 9.633205471000053], [76.31177819100003, 9.492987372000073], [76.36296634200005, 9.32518138200004], [76.44255618600005, 9.14516836100006], [76.44874108200008, 9.14516836100006], [76.44678795700008, 9.15961334800005], [76.41602623800003, 9.23631419500009], [76.41456139400003, 9.246975002000056], [76.42823326900003, 9.245347398000092], [76.44336998800003, 9.212144273000092], [76.46241295700008, 9.15135325700004], [76.46908613400007, 9.15135325700004], [76.47331790500004, 9.164252020000049], [76.48275800900007, 9.171820380000042], [76.47657311300003, 9.116603908000059], [76.46908613400007, 9.116603908000059], [76.46241295700008, 9.138332424000055], [76.46045983200008, 9.114935614000046], [76.48926842500003, 9.055568752000056], [76.50017337300005, 9.022284247000073], [76.51384524800005, 9.002142645000049], [76.52149498800003, 8.961330471000053], [76.52808678500008, 8.946966864000046], [76.53809655000003, 8.939113674000055], [76.53443444100003, 8.957831122000073], [76.53882897200003, 8.972601630000042], [76.54965254000007, 8.984442450000074], [76.56544030000003, 8.994330145000049], [76.56153405000003, 8.978989976000037], [76.55111738400007, 8.966376044000071], [76.55860436300003, 8.952093817000048], [76.56592858200008, 8.963283596000053], [76.57683353000004, 8.99412669500009], [76.58277428500008, 9.000555731000077], [76.60645592500003, 8.989406643000052], [76.62061608200008, 8.987127997000073], [76.63209069100003, 9.002346096000053], [76.64405358200008, 9.007879950000074], [76.65788821700005, 9.010687567000048], [76.66846764400003, 9.007391669000071], [76.66846764400003, 8.999823309000078], [76.63428795700008, 8.986883856000077], [76.66081790500004, 8.969875393000052], [76.65756269600007, 8.966376044000071], [76.60328209700003, 8.973211981000077], [76.59327233200008, 8.96820709800005], [76.57398522200003, 8.942572333000044], [76.57227623800003, 8.93162669500009], [76.58155358200008, 8.91990794500009], [76.60726972700007, 8.92576732000009], [76.62061608200008, 8.925441799000055], [76.59115644600007, 8.908148505000042], [76.57325280000003, 8.904445705000057], [76.55909264400003, 8.92523834800005], [76.54810631600003, 8.924221096000053], [76.54395592500003, 8.912502346000053], [76.55860436300003, 8.890692450000074], [76.64454186300003, 8.81899648600006], [76.66032962300005, 8.799750067000048], [76.69564863400007, 8.739813544000071], [76.73129316500007, 8.707953192000048], [76.74170983200008, 8.684515692000048], [76.81373131600003, 8.601263739000046], [76.82650800900007, 8.569810289000088], [76.88013756600003, 8.520697333000044], [76.96257571700005, 8.404689846000053], [76.99586022200003, 8.368109442000048], [77.12875410200007, 8.27179596600007], [77.22527103000004, 8.184393622000073], [77.23894290500004, 8.175116278000075], [77.26295006600003, 8.168402411000045], [77.28679446700005, 8.153509833000044], [77.30860436300003, 8.130926825000074], [77.44971764400003, 8.087469794000071], [77.51091556100005, 8.075995184000078], [77.56527754000007, 8.082505601000037], [77.56104576900003, 8.114569403000075], [77.59522545700008, 8.13898346600007], [77.64380944100003, 8.15570709800005], [77.75245201900003, 8.17381419500009], [77.76832116000008, 8.18154531500005], [77.80616295700008, 8.228664455000057], [77.99976647200003, 8.344916083000044], [78.03882897200003, 8.360907294000071], [78.05591881600003, 8.363714911000045], [78.06275475400008, 8.373195705000057], [78.07984459700003, 8.43195221600007], [78.11459394600007, 8.466131903000075], [78.12826582100007, 8.488023179000038], [78.14234459700003, 8.593085028000075], [78.13550866000008, 8.625799872000073], [78.11459394600007, 8.657904364000046], [78.14258873800003, 8.657904364000046], [78.13672936300003, 8.669867255000042], [78.14047285200007, 8.680609442000048], [78.15495853000004, 8.698879299000055], [78.16920006600003, 8.733628648000092], [78.20460045700008, 8.753322658000059], [78.21517988400007, 8.765448309000078], [78.21021569100003, 8.788275458000044], [78.20045006600003, 8.769680080000057], [78.17579186300003, 8.76390208500004], [78.16236412900008, 8.753485419000071], [78.17042076900003, 8.771877346000053], [78.17448978000004, 8.794419664000088], [78.17790774800005, 8.861070054000038], [78.18279056100005, 8.877101955000057], [78.21762129000007, 8.938950914000088], [78.23975670700008, 8.96556224200009], [78.37745201900003, 9.077460028000075], [78.41211998800003, 9.09983958500004], [78.44988040500004, 9.116603908000059], [78.48585045700008, 9.124823309000078], [78.63477623800003, 9.144598700000074], [78.64893639400003, 9.15143463700008], [78.66130618600005, 9.17719147300005], [78.67628014400003, 9.184149481000077], [78.72779381600003, 9.187445380000042], [78.74073326900003, 9.19281647300005], [78.77711022200003, 9.21938711100006], [78.81519616000008, 9.22842031500005], [78.84376061300003, 9.243963934000078], [78.89551842500003, 9.25381094000005], [78.91846764400003, 9.251613674000055], [78.92896569100003, 9.25381094000005], [78.95679772200003, 9.27484772300005], [78.98894290500004, 9.278265692000048], [79.02572675900007, 9.27374909100007], [79.06080162900008, 9.264593817000048], [79.08716881600003, 9.25381094000005], [79.09864342500003, 9.257228908000059], [79.12940514400003, 9.256333726000037], [79.16537519600007, 9.274237372000073], [79.20101972700007, 9.266506252000056], [79.21697024800005, 9.267401434000078], [79.23243248800003, 9.257879950000074], [79.29273522200003, 9.25031159100007], [79.36101321700005, 9.213446356000077], [79.42400149800005, 9.159084377000056], [79.44027754000007, 9.15135325700004], [79.45362389400003, 9.159002997000073], [79.43824303500008, 9.176336981000077], [79.35352623800003, 9.240912177000041], [79.33570397200003, 9.267645575000074], [79.33366946700005, 9.278265692000048], [79.33668053500008, 9.29047272300005], [79.34571373800003, 9.30654531500005], [79.34107506600003, 9.31586334800005], [79.32007897200003, 9.32330963700008], [79.29712975400008, 9.312648830000057], [79.27377363400007, 9.296698309000078], [79.25171959700003, 9.28851959800005], [79.11557050900007, 9.29124583500004], [79.07471764400003, 9.29987213700008], [79.03988691500007, 9.31468333500004], [78.95972741000008, 9.384955145000049], [78.93344160200007, 9.416449286000045], [78.91529381600003, 9.45302969000005], [78.91325931100005, 9.474269924000055], [78.92530358200008, 9.513617255000042], [78.93148847700007, 9.561672268000052], [78.93832441500007, 9.583685614000046], [78.95679772200003, 9.61749909100007], [78.97730553500008, 9.637925523000092], [78.98080488400007, 9.667181708000044], [79.03882897200003, 9.747219143000052], [79.07781009200005, 9.782171942000048], [79.09408613400007, 9.802313544000071], [79.10084069100003, 9.82607656500005], [79.12134850400008, 9.85024648600006], [79.14185631600003, 9.891180731000077], [79.20036868600005, 9.970282294000071], [79.24073326900003, 10.010565497000073], [79.27906334700003, 10.035834052000041], [79.25416100400008, 10.054266669000071], [79.24431399800005, 10.08494700700004], [79.23633873800003, 10.166571356000077], [79.24000084700003, 10.179754950000074], [79.24830162900008, 10.189195054000038], [79.26921634200005, 10.197821356000077], [79.27222741000008, 10.234442450000074], [79.28614342500003, 10.252834377000056], [79.30494225400008, 10.268133856000077], [79.36378014400003, 10.301906643000052], [79.38550866000008, 10.320135809000078], [79.39812259200005, 10.324652411000045], [79.43726647200003, 10.30955638200004], [79.45972741000008, 10.308294989000046], [79.51148522200003, 10.316595770000049], [79.53223717500003, 10.323187567000048], [79.52857506600003, 10.338324286000045], [79.56771894600007, 10.335882880000042], [79.58692467500003, 10.343695380000042], [79.60710696700005, 10.336004950000074], [79.60401451900003, 10.32908763200004], [79.57390384200005, 10.316961981000077], [79.55176842500003, 10.313299872000073], [79.55274498800003, 10.30272044500009], [79.55665123800003, 10.298651434000078], [79.75977623800003, 10.258246161000045], [79.77247155000003, 10.26170482000009], [79.77369225400008, 10.27366771000004], [79.75896243600005, 10.28221263200004], [79.73080488400007, 10.28904857000009], [79.70362389400003, 10.28904857000009], [79.66179446700005, 10.307074286000045], [79.61410566500007, 10.30955638200004], [79.62126712300005, 10.324164130000042], [79.63314863400007, 10.328599351000037], [79.75709069100003, 10.309068101000037], [79.78003991000008, 10.296616929000038], [79.77857506600003, 10.27537669500009], [79.79509524800005, 10.269232489000046], [79.85132897200003, 10.28221263200004], [79.85670006600003, 10.29328034100007], [79.86378014400003, 10.378729559000078], [79.85962975400008, 10.551459052000041], [79.85027103000004, 10.59210846600007], [79.84986412900008, 10.755194403000075], [79.84066816500007, 10.950140692000048], [79.85222415500004, 11.006984768000052], [79.85531660200007, 11.159857489000046], [79.83497155000003, 11.263861395000049], [79.83301842500003, 11.341986395000049], [79.82992597700007, 11.346096096000053], [79.79688561300003, 11.359035549000055], [79.77637780000003, 11.362982489000046], [79.75928795700008, 11.358343817000048], [79.75196373800003, 11.340521552000041], [79.69629967500003, 11.303412177000041], [79.68311608200008, 11.296454169000071], [79.67628014400003, 11.296454169000071], [79.68433678500008, 11.312201239000046], [79.74984785200007, 11.37368398600006], [79.76929772200003, 11.380926825000074], [79.81031334700003, 11.37889232000009], [79.81934655000003, 11.38149648600006], [79.82195071700005, 11.391058661000045], [79.81666100400008, 11.443060614000046], [79.80933678500008, 11.451361395000049], [79.79297936300003, 11.453517971000053], [79.79916425900007, 11.442206122000073], [79.79737389400003, 11.434881903000075], [79.79297936300003, 11.426174221000053], [79.78598066500007, 11.426174221000053], [79.78077233200008, 11.46507396000004], [79.75733483200008, 11.536078192000048], [79.75196373800003, 11.576971747000073], [79.78589928500008, 11.769191799000055], [79.79273522200003, 11.78807200700004], [79.80323326900003, 11.796087958000044], [79.82032311300003, 11.878648179000038], [79.84498131600003, 11.933254299000055], [79.85035241000008, 11.959133205000057], [79.86182701900003, 11.97797272300005], [79.86182701900003, 12.022040106000077], [79.87012780000003, 12.03742096600007], [79.89698326900003, 12.068752346000053], [79.92750084700003, 12.12986888200004], [79.94760175900007, 12.153631903000075], [80.00513756600003, 12.241766669000071], [79.97380618600005, 12.222398179000038], [79.95313561300003, 12.213568427000041], [79.94385826900003, 12.21784088700008], [79.95215905000003, 12.22992584800005], [80.00513756600003, 12.256048895000049], [80.02572675900007, 12.276516018000052], [80.05982506600003, 12.33421458500004], [80.08716881600003, 12.35101959800005], [80.09595787900008, 12.362250067000048], [80.11703535200007, 12.400946356000077], [80.12126712300005, 12.416815497000073], [80.15601647200003, 12.47451406500005], [80.17969811300003, 12.532619533000059], [80.19646243600005, 12.613714911000045], [80.20386803500008, 12.632147528000075], [80.22868899800005, 12.674994208000044], [80.23365319100003, 12.711004950000074], [80.25171959700003, 12.762518622000073], [80.26319420700008, 12.835353908000059], [80.26905358200008, 12.95726146000004], [80.28272545700008, 13.029364325000074], [80.28581790500004, 13.067572333000044], [80.28972415500004, 13.076727606000077], [80.31373131600003, 13.10578034100007], [80.30689537900008, 13.146063544000071], [80.33277428500008, 13.198146877000056], [80.33415774800005, 13.221177476000037], [80.31373131600003, 13.215033270000049], [80.31983483200008, 13.249172268000052], [80.33415774800005, 13.24290599200009], [80.34782962300005, 13.34906647300005], [80.34400475400008, 13.375433661000045], [80.32699629000007, 13.430365302000041], [80.31373131600003, 13.427232164000088], [80.30689537900008, 13.413031317000048], [80.29314212300005, 13.42914459800005], [80.26238040500004, 13.451239325000074], [80.26587975400008, 13.468247789000088], [80.24341881600003, 13.472154039000088], [80.22771243600005, 13.485581773000092], [80.21973717500003, 13.487779039000088], [80.17595462300005, 13.48932526200008], [80.11939537900008, 13.500677802000041], [80.10132897200003, 13.53709544500009], [80.06950931100005, 13.574408270000049], [80.05648847700007, 13.59516022300005], [80.05298912900008, 13.619086005000042], [80.07553144600007, 13.648382880000042], [80.09131920700008, 13.659125067000048], [80.09400475400008, 13.69476959800005], [80.10084069100003, 13.68626536700009], [80.11784915500004, 13.674505927000041], [80.12126712300005, 13.663763739000046], [80.11768639400003, 13.638861395000049], [80.12126712300005, 13.62726471600007], [80.13559004000007, 13.619086005000042], [80.14177493600005, 13.649115302000041], [80.14185631600003, 13.728949286000045], [80.18360436300003, 13.679185289000088], [80.19727623800003, 13.64362213700008], [80.24545332100007, 13.591742255000042], [80.30689537900008, 13.440904039000088], [80.31373131600003, 13.440904039000088], [80.30958092500003, 13.479315497000073], [80.25904381600003, 13.591742255000042], [80.23804772200003, 13.660223700000074], [80.22771243600005, 13.677069403000075], [80.22095787900008, 13.696966864000046], [80.22738691500007, 13.720526434000078], [80.24545332100007, 13.755601304000038], [80.24927819100003, 13.800279039000088], [80.23715254000007, 13.839667059000078], [80.16391035200007, 13.987982489000046], [80.14966881600003, 14.027736721000053], [80.12582441500007, 14.148504950000074], [80.12338300900007, 14.193508205000057], [80.13559004000007, 14.229193427000041], [80.12110436300003, 14.242010809000078], [80.10661868600005, 14.234035549000055], [80.07349694100003, 14.201849677000041], [80.05062910200007, 14.196112372000073], [80.04664147200003, 14.206610419000071], [80.05502363400007, 14.221584377000056], [80.07007897200003, 14.229193427000041], [80.08716881600003, 14.25031159100007], [80.09791100400008, 14.254299221000053], [80.12818444100003, 14.256537177000041], [80.13705488400007, 14.269924221000053], [80.15943444100003, 14.324774481000077], [80.17497806100005, 14.344549872000073], [80.17872155000003, 14.38939036700009], [80.17595462300005, 14.46873607000009], [80.19019616000008, 14.54759349200009], [80.19695071700005, 14.565008856000077], [80.19019616000008, 14.571234442000048], [80.14918053500008, 14.565008856000077], [80.14185631600003, 14.571234442000048], [80.16968834700003, 14.58584219000005], [80.17595462300005, 14.592962958000044], [80.17847741000008, 14.60578034100007], [80.16635175900007, 14.628159898000092], [80.15984134200005, 14.662665106000077], [80.15186608200008, 14.672796942000048], [80.11695397200003, 14.698146877000056], [80.11068769600007, 14.704779364000046], [80.10816491000008, 14.714341539000088], [80.10515384200005, 14.763861395000049], [80.07300866000008, 14.92055898600006], [80.07341556100005, 14.94204336100006], [80.06153405000003, 14.974676825000074], [80.05453535200007, 15.014146226000037], [80.05298912900008, 15.092596747000073], [80.08236738400007, 15.20408763200004], [80.09253991000008, 15.296576239000046], [80.09058678500008, 15.304877020000049], [80.12126712300005, 15.370021877000056], [80.12680097700007, 15.38812897300005], [80.14031009200005, 15.406398830000057], [80.18384850400008, 15.452297268000052], [80.21119225400008, 15.496649481000077], [80.19760175900007, 15.503078518000052], [80.20134524800005, 15.51829661700009], [80.21745853000004, 15.548163153000075], [80.21949303500008, 15.56745026200008], [80.26319420700008, 15.67454661700009], [80.27963300900007, 15.700669664000088], [80.35962975400008, 15.775824286000045], [80.39332116000008, 15.797023830000057], [80.43628991000008, 15.808294989000046], [80.46908613400007, 15.834662177000041], [80.49187259200005, 15.839260158000059], [80.52588951900003, 15.856919664000088], [80.55388431100005, 15.88084544500009], [80.56072024800005, 15.88084544500009], [80.57113691500007, 15.868719794000071], [80.61841881600003, 15.88768138200004], [80.66285241000008, 15.889349677000041], [80.66041100400008, 15.893947658000059], [80.66309655000003, 15.90070221600007], [80.67017662900008, 15.907700914000088], [80.69044030000003, 15.90070221600007], [80.76010175900007, 15.892971096000053], [80.77613366000008, 15.884263414000088], [80.80274498800003, 15.84243398600006], [80.80836022200003, 15.803941148000092], [80.80713951900003, 15.716376044000071], [80.82007897200003, 15.72687409100007], [80.83025149800005, 15.747626044000071], [80.85572350400008, 15.822699286000045], [80.89014733200008, 15.89524974200009], [80.89576256600003, 15.936021226000037], [80.89128665500004, 15.978257554000038], [80.87533613400007, 16.017401434000078], [80.88900800900007, 16.003729559000078], [80.89649498800003, 16.010565497000073], [80.89226321700005, 16.02094147300005], [80.89649498800003, 16.031073309000078], [80.90894616000008, 15.98346588700008], [80.91016686300003, 15.96588776200008], [80.90267988400007, 15.890814520000049], [80.90430748800003, 15.871283270000049], [80.91000410200007, 15.852687893000052], [80.92164147200003, 15.83860911700009], [80.94947350400008, 15.827866929000038], [80.97901451900003, 15.803412177000041], [80.99586022200003, 15.784328518000052], [81.00473066500007, 15.778509833000044], [81.01254316500007, 15.777818101000037], [81.01905358200008, 15.78416575700004], [81.01921634200005, 15.792385158000059], [81.01254316500007, 15.81195709800005], [80.99838300900007, 15.83470286700009], [80.99887129000007, 15.84674713700008], [81.02686608200008, 15.88084544500009], [81.04330488400007, 15.894110419000071], [81.08822675900007, 15.921210028000075], [81.13510175900007, 15.966498114000046], [81.14975019600007, 15.969631252000056], [81.15544681100005, 15.985500393000052], [81.15601647200003, 16.03851959800005], [81.16195722700007, 16.057074286000045], [81.18002363400007, 16.086737372000073], [81.19027754000007, 16.13886139500005], [81.21851647200003, 16.19944896000004], [81.23031660200007, 16.24359772300005], [81.25416100400008, 16.271307684000078], [81.25961347700007, 16.28864166900007], [81.24854576900003, 16.320135809000078], [81.25961347700007, 16.33270905200004], [81.31739342500003, 16.36749909100007], [81.35962975400008, 16.374335028000075], [81.37574303500008, 16.36749909100007], [81.39893639400003, 16.382635809000078], [81.41138756600003, 16.382513739000046], [81.42408287900008, 16.37368398600006], [81.42823326900003, 16.365668036000045], [81.41667728000004, 16.34015534100007], [81.47535241000008, 16.358628648000092], [81.49586022200003, 16.360663153000075], [81.53598066500007, 16.350043036000045], [81.54908287900008, 16.352362372000073], [81.54021243600005, 16.37368398600006], [81.55697675900007, 16.37303294500009], [81.56918379000007, 16.367580471000053], [81.57390384200005, 16.358343817000048], [81.56812584700003, 16.34638092700004], [81.58497155000003, 16.34210846600007], [81.62094160200007, 16.339504299000055], [81.63640384200005, 16.33270905200004], [81.65626061300003, 16.33734772300005], [81.69605553500008, 16.314927476000037], [81.71159915500004, 16.312201239000046], [81.76295006600003, 16.32257721600007], [81.78321373800003, 16.33856842700004], [81.86166425900007, 16.375392971000053], [81.89991295700008, 16.38580963700008], [81.94076582100007, 16.388373114000046], [81.94809004000007, 16.391546942000048], [81.95622806100005, 16.407171942000048], [81.99268639400003, 16.40843333500004], [82.03736412900008, 16.447658596000053], [82.06861412900008, 16.444281317000048], [82.09066816500007, 16.454779364000046], [82.12289472700007, 16.477362372000073], [82.20346113400007, 16.51268138200004], [82.25904381600003, 16.56549713700008], [82.30738366000008, 16.579779364000046], [82.28549238400007, 16.60651276200008], [82.28093509200005, 16.620835679000038], [82.28687584700003, 16.628159898000092], [82.29379316500007, 16.62563711100006], [82.29932701900003, 16.61009349200009], [82.30396569100003, 16.60643138200004], [82.31283613400007, 16.60814036700009], [82.31421959700003, 16.628159898000092], [82.33814537900008, 16.67841217700004], [82.34595787900008, 16.70612213700008], [82.35206139400003, 16.76129791900007], [82.36557050900007, 16.81159088700008], [82.36654707100007, 16.908636786000045], [82.36117597700007, 16.936021226000037], [82.34888756600003, 16.95648834800005], [82.35743248800003, 16.92487213700008], [82.36247806100005, 16.859076239000046], [82.35206139400003, 16.845404364000046], [82.33464603000004, 16.854071356000077], [82.31421959700003, 16.846625067000048], [82.29835045700008, 16.85846588700008], [82.26791425900007, 16.86749909100007], [82.25513756600003, 16.885321356000077], [82.25074303500008, 16.907863674000055], [82.25269616000008, 16.92918528900009], [82.29167728000004, 16.998439846000053], [82.29932701900003, 17.03034088700008], [82.31169681100005, 17.046616929000038], [82.34205162900008, 17.073187567000048], [82.37037194100003, 17.11009349200009], [82.38770592500003, 17.12693919500009], [82.42286217500003, 17.139960028000075], [82.43506920700008, 17.15379466400009], [82.45191491000008, 17.182440497000073], [82.47486412900008, 17.205959377000056], [82.71851647200003, 17.34861888200004], [82.75814863400007, 17.359198309000078], [82.79639733200008, 17.38304271000004], [82.83765709700003, 17.39276764500005], [82.88331139400003, 17.42206452000005], [82.88868248800003, 17.41014232000009], [82.89682050900007, 17.409328518000052], [82.94548587300005, 17.443101304000038], [82.97584069100003, 17.453680731000077], [83.01986738400007, 17.49091217700004], [83.05323326900003, 17.50649648600006], [83.08822675900007, 17.53070709800005], [83.17139733200008, 17.559800523000092], [83.20923912900008, 17.583685614000046], [83.23894290500004, 17.592962958000044], [83.23389733200008, 17.60773346600007], [83.21290123800003, 17.634914455000057], [83.24691816500007, 17.63422272300005], [83.29908287900008, 17.66429271000004], [83.29859459700003, 17.672796942000048], [83.29249108200008, 17.677476304000038], [83.24927819100003, 17.695379950000074], [83.24203535200007, 17.70652903900009], [83.24691816500007, 17.71625397300005], [83.26823978000004, 17.71747467700004], [83.27637780000003, 17.71308014500005], [83.28467858200008, 17.69635651200008], [83.29859459700003, 17.69013092700004], [83.34131920700008, 17.71743398600006], [83.40235436300003, 17.784491278000075], [83.41773522200003, 17.80621979400007], [83.43116295700008, 17.85423411700009], [83.45297285200007, 17.868475653000075], [83.44898522200003, 17.90688711100006], [83.45191491000003, 17.92291901200008], [83.46558678500003, 17.902492580000057], [83.47291100400008, 17.902492580000057], [83.48658287900008, 17.916896877000056], [83.52613366000003, 17.942531643000052], [83.55665123800003, 17.973456122000073], [83.58228600400008, 18.01911041900007], [83.61394290500004, 18.04515208500004], [83.77515709700003, 18.139593817000048], [84.07740319100003, 18.271551825000074], [84.11312910200007, 18.29828522300005], [84.12403405000003, 18.333807684000078], [84.13282311300003, 18.343410549000055], [84.14389082100007, 18.374823309000078], [84.17448978000004, 18.39984772300005], [84.18832441500007, 18.418036200000074], [84.23047936300003, 18.446234442000048], [84.24008222700007, 18.460760809000078], [84.28793379000007, 18.50576406500005], [84.34994550900007, 18.55292389500005], [84.27100670700008, 18.50018952000005], [84.24935957100007, 18.501654364000046], [84.23764082100007, 18.510931708000044], [84.24691816500007, 18.52558014500005], [84.28174889400003, 18.52558014500005], [84.30632571700005, 18.54368724200009], [84.33285566500007, 18.55369700700004], [84.34945722700007, 18.56981028900009], [84.37045332100007, 18.601304429000038], [84.42367597700007, 18.636460679000038], [84.43262780000003, 18.645697333000044], [84.43718509200005, 18.66278717700004], [84.44825280000003, 18.68065013200004], [84.54184004000007, 18.775783596000053], [84.54786217500003, 18.796087958000044], [84.63086998800003, 18.915716864000046], [84.66504967500003, 18.930121161000045], [84.74105879000007, 19.028143622000073], [84.75114993600005, 19.053900458000044], [84.78003991000003, 19.09707265800006], [84.77523847700007, 19.100490627000056], [84.76099694100003, 19.101629950000074], [84.74048912900008, 19.07367584800005], [84.71998131600003, 19.101629950000074], [84.72095787900008, 19.11424388200004], [84.73121178500003, 19.12881094000005], [84.73878014400003, 19.147650458000044], [84.77515709700003, 19.115301825000074], [84.79102623800003, 19.12059153900009], [84.87208092500003, 19.219875393000052], [84.99586022200003, 19.32330963700008], [85.06950931100005, 19.37213776200008], [85.18043053500003, 19.475002346000053], [85.24057050900007, 19.518052476000037], [85.28541100400008, 19.536281643000052], [85.33668053500003, 19.57518138200004], [85.46338951900003, 19.63104889500005], [85.57650800900007, 19.690619208000044], [85.33057701900003, 19.57640208500004], [85.30290774800005, 19.573919989000046], [85.30583743600005, 19.580145575000074], [85.30250084700003, 19.58665599200009], [85.28842207100007, 19.601263739000046], [85.30909264400003, 19.595038153000075], [85.31104576900003, 19.610500393000052], [85.31836998800003, 19.619533596000053], [85.32642662900008, 19.618801174000055], [85.33008873800003, 19.60496653900009], [85.33676191500007, 19.596096096000053], [85.35230553500003, 19.599432684000078], [85.37794030000003, 19.614935614000046], [85.38461347700007, 19.635972398000035], [85.40528405000003, 19.64594147300005], [85.40316816500007, 19.67129140800006], [85.39144941500007, 19.690619208000044], [85.38306725400008, 19.67609284100007], [85.35059655000003, 19.67763906500005], [85.30909264400003, 19.642238674000055], [85.26075280000003, 19.656073309000078], [85.24756920700008, 19.65648021000004], [85.23324629000007, 19.632554429000038], [85.23731530000003, 19.62055084800005], [85.24756920700008, 19.614935614000046], [85.24756920700008, 19.608710028000075], [85.23259524800005, 19.60154857000009], [85.21290123800003, 19.58112213700008], [85.19304446700005, 19.58079661700009], [85.19304446700005, 19.573919989000046], [85.23324629000007, 19.55410390800006], [85.21452884200005, 19.547267971000053], [85.20630944100003, 19.548000393000052], [85.19922936300003, 19.55410390800006], [85.19629967500003, 19.53847890800006], [85.20289147200003, 19.51715729400007], [85.18555748800003, 19.505682684000078], [85.16244550900007, 19.50348541900007], [85.15137780000003, 19.498846747000073], [85.13575280000003, 19.481594143000052], [85.12403405000003, 19.478338934000078], [85.12867272200003, 19.487982489000046], [85.12875410200007, 19.509507554000038], [85.12403405000003, 19.519354559000078], [85.11548912900008, 19.507473049000055], [85.10873457100007, 19.506781317000048], [85.10450280000003, 19.514878648000035], [85.10287519600007, 19.52960846600007], [85.10889733200008, 19.53896719000005], [85.12289472700007, 19.54901764500005], [85.15137780000003, 19.560288804000038], [85.15137780000003, 19.56777578300006], [85.13933353000004, 19.579779364000046], [85.14014733200008, 19.596584377000056], [85.15015709700003, 19.61347077000005], [85.17514082100007, 19.63690827000005], [85.18995201900003, 19.67096588700008], [85.20655358200008, 19.68378327000005], [85.20337975400008, 19.70726146000004], [85.22095787900008, 19.736029364000046], [85.24683678500003, 19.762640692000048], [85.27808678500003, 19.785589911000045], [85.31959069100003, 19.79364655200004], [85.37452233200008, 19.83779531500005], [85.41627037900008, 19.879787502000056], [85.44011478000004, 19.896226304000038], [85.46355228000004, 19.902899481000077], [85.47681725400008, 19.90102773600006], [85.51498457100007, 19.88930898600006], [85.55713951900003, 19.881781317000048], [85.57032311300003, 19.87563711100006], [85.56714928500003, 19.79165273600006], [85.57032311300003, 19.773179429000038], [85.56413821700005, 19.76439036700009], [85.56324303500003, 19.75690338700008], [85.57650800900007, 19.745835679000038], [85.51498457100007, 19.71112702000005], [85.52556399800005, 19.734035549000055], [85.52198326900003, 19.739081122000073], [85.45085696700005, 19.71629466400009], [85.43685957100007, 19.70465729400007], [85.42701256600003, 19.70408763200004], [85.42628014400003, 19.69745514500005], [85.43043053500003, 19.69171784100007], [85.44678795700008, 19.690619208000044], [85.44988040500004, 19.66669342700004], [85.45679772200003, 19.663316148000035], [85.48047936300003, 19.66632721600007], [85.54916425900007, 19.690619208000044], [85.61426842500003, 19.72793203300006], [85.63795006600003, 19.731634833000044], [85.63599694100003, 19.726629950000074], [85.62598717500003, 19.72288646000004], [85.62427819100003, 19.718573309000078], [85.68458092500003, 19.747748114000046], [85.71485436300003, 19.75421784100007], [85.73438561300003, 19.763617255000042], [85.78882897200003, 19.765692450000074], [85.80860436300003, 19.773382880000042], [85.84636478000004, 19.795843817000048], [85.88884524800005, 19.80296458500004], [86.01351972700007, 19.839056708000044], [86.03207441500007, 19.841498114000046], [86.05665123800003, 19.85687897300005], [86.07837975400008, 19.843573309000078], [86.08904056100005, 19.844224351000037], [86.11158287900008, 19.85569896000004], [86.26856530000003, 19.91034577000005], [86.37240644600007, 19.964992580000057], [86.35645592500003, 19.970404364000046], [86.34156334700003, 19.97988515800006], [86.31495201900003, 19.986883856000077], [86.29590905000003, 20.00657786700009], [86.29322350400008, 20.021429755000042], [86.28907311300003, 20.02643463700008], [86.26856530000003, 20.02643463700008], [86.23023522200003, 20.035305080000057], [86.21371504000007, 20.04242584800005], [86.18775475400008, 20.063666083000044], [86.16773522200003, 20.07294342700004], [86.15870201900003, 20.08104075700004], [86.15430748800003, 20.089992580000057], [86.14503014400003, 20.122015692000048], [86.15251712300005, 20.143133856000077], [86.15870201900003, 20.143133856000077], [86.16309655000003, 20.134833075000074], [86.17302493600005, 20.10219961100006], [86.20915774800005, 20.06663646000004], [86.27540123800003, 20.06736888200004], [86.34839928500003, 20.00885651200008], [86.39722741000003, 19.982855536000045], [86.42628014400003, 19.999172268000052], [86.41407311300003, 19.998846747000073], [86.40414472700007, 20.00263092700004], [86.39144941500007, 20.02020905200004], [86.41504967500003, 20.036322333000044], [86.46713300900007, 20.094671942000048], [86.46851647200003, 20.10927969000005], [86.47885175900007, 20.129339911000045], [86.49512780000003, 20.184068101000037], [86.51148522200003, 20.19745514500005], [86.53419030000003, 20.20612213700008], [86.58383222700007, 20.21820709800005], [86.62818444100003, 20.235256252000056], [86.71745853000004, 20.286932684000078], [86.75464928500003, 20.31443919500009], [86.71973717500003, 20.29173411700009], [86.70167076900003, 20.28465403900009], [86.69369550900007, 20.29393138200004], [86.70167076900003, 20.30377838700008], [86.71973717500003, 20.31509023600006], [86.75147545700008, 20.328070380000042], [86.76832116000003, 20.343451239000046], [86.79420006600003, 20.378159898000035], [86.80982506600003, 20.41510651200008], [86.79615319100003, 20.437323309000078], [86.78980553500003, 20.41469961100006], [86.78874759200005, 20.39012278900009], [86.76978600400008, 20.40070221600007], [86.75635826900003, 20.393744208000044], [86.74195397200003, 20.37954336100006], [86.72046959700003, 20.368475653000075], [86.72461998800003, 20.43195221600007], [86.73389733200008, 20.462225653000075], [86.75147545700008, 20.489162502000056], [86.77418053500003, 20.51194896000004], [86.92318769600007, 20.62173086100006], [86.97624759200005, 20.637884833000044], [87.00359134200005, 20.657049872000073], [87.04322350400008, 20.69798411700009], [87.01937910200007, 20.68036530200004], [86.99488366000003, 20.670721747000073], [86.98650149800005, 20.684393622000073], [86.97429446700005, 20.684393622000073], [86.96119225400008, 20.695054429000038], [86.94019616000003, 20.69798411700009], [86.94825280000003, 20.709051825000074], [86.96119225400008, 20.712836005000042], [86.97575931100005, 20.710679429000038], [86.98861738400007, 20.704250393000052], [86.99870853000004, 20.71112702000005], [87.00180097700007, 20.71898021000004], [87.00001061300003, 20.728216864000046], [86.98658287900008, 20.75185781500005], [86.97999108200008, 20.755560614000046], [86.95720462300005, 20.753241278000075], [86.91065514400003, 20.756415106000077], [86.88933353000004, 20.764471747000073], [86.87875410200007, 20.780585028000075], [86.91651451900003, 20.78807200700004], [86.93628991000003, 20.787502346000053], [86.95386803500003, 20.780585028000075], [86.96566816500007, 20.805975653000075], [86.95215905000003, 20.84910716400009], [86.84400475400008, 21.08222077000005], [86.83725019600007, 21.174709377000056], [86.86695397200003, 21.25604889500005], [86.91765384200005, 21.327378648000035], [87.06373131600003, 21.475002346000053], [87.11304772200003, 21.507961330000057], [87.20093834700003, 21.551988023000035], [87.23519941500007, 21.554510809000078], [87.25611412900008, 21.56199778900009], [87.29346764400003, 21.553656317000048], [87.34180748800003, 21.56240469000005], [87.40495853000004, 21.58665599200009]]}, "properties": {"featurecla": "Coastline", "scalerank": 0, "min_zoom": 0.0}}, {"type": "Feature", "geometry": {"type": "LineString", "coordinates": [[97.87183678500003, 9.379584052000041], [97.84001712300005, 9.40428294500009], [97.83529707100007, 9.412054755000042], [97.84359785200007, 9.424953518000052], [97.85726972700007, 9.42869700700004], [97.86841881600003, 9.420396226000037], [97.87468509200005, 9.40570709800005], [97.87614993600005, 9.390204169000071], [97.87183678500003, 9.379584052000041]]}, "properties": {"featurecla": "Coastline", "scalerank": 6, "min_zoom": 6.0}}, {"type": "Feature", "geometry": {"type": "LineString", "coordinates": [[99.69874108200003, 9.542222398000092], [99.70346113400007, 9.521307684000078], [99.68148847700007, 9.512884833000044], [99.66814212300005, 9.519191799000055], [99.69874108200003, 9.542222398000092]]}, "properties": {"featurecla": "Coastline", "scalerank": 6, "min_zoom": 6.0}}, {"type": "Feature", "geometry": {"type": "LineString", "coordinates": [[99.68425540500004, 9.620021877000056], [99.68043053500003, 9.612209377000056], [99.67807050900007, 9.61041901200008], [99.67530358200003, 9.62445709800005], [99.68425540500004, 9.620021877000056]]}, "properties": {"featurecla": "Coastline", "scalerank": 6, "min_zoom": 6.0}}, {"type": "Feature", "geometry": {"type": "LineString", "coordinates": [[98.05746504000007, 9.79686107000009], [98.03760826900003, 9.790716864000046], [98.01832116000003, 9.79490794500009], [98.00806725400008, 9.807440497000073], [98.01539147200003, 9.82640208500004], [98.03028405000003, 9.833400783000059], [98.04607181100005, 9.827948309000078], [98.05689537900008, 9.81435781500005], [98.05746504000007, 9.79686107000009]]}, "properties": {"featurecla": "Coastline", "scalerank": 6, "min_zoom": 6.0}}, {"type": "Feature", "geometry": {"type": "LineString", "coordinates": [[73.64633222700007, 10.08470286700009], [73.64096113400007, 10.06932200700004], [73.63257897200003, 10.05727773600006], [73.63331139400003, 10.077866929000038], [73.64389082100007, 10.094549872000073], [73.64633222700007, 10.08470286700009]]}, "properties": {"featurecla": "Coastline", "scalerank": 6, "min_zoom": 6.0}}, {"type": "Feature", "geometry": {"type": "LineString", "coordinates": [[73.66228274800005, 10.144598700000074], [73.65788821700005, 10.139064846000053], [73.65463300900007, 10.141506252000056], [73.65560957100007, 10.14476146000004], [73.66228274800005, 10.144598700000074]]}, "properties": {"featurecla": "Coastline", "scalerank": 6, "min_zoom": 6.0}}, {"type": "Feature", "geometry": {"type": "LineString", "coordinates": [[98.22868899800005, 10.519964911000045], [98.22185306100005, 10.498114325000074], [98.20736738400007, 10.48346588700008], [98.19271894600007, 10.48240794500009], [98.18531334700003, 10.501166083000044], [98.18970787900008, 10.515570380000042], [98.20199629000007, 10.524318752000056], [98.23365319100003, 10.529364325000074], [98.22868899800005, 10.519964911000045]]}, "properties": {"featurecla": "Coastline", "scalerank": 6, "min_zoom": 6.0}}, {"type": "Feature", "geometry": {"type": "LineString", "coordinates": [[72.64975019600007, 10.566839911000045], [72.63851972700007, 10.559393622000073], [72.62745201900003, 10.554754950000074], [72.64861087300005, 10.573960679000038], [72.64975019600007, 10.566839911000045]]}, "properties": {"featurecla": "Coastline", "scalerank": 6, "min_zoom": 6.0}}, {"type": "Feature", "geometry": {"type": "LineString", "coordinates": [[72.54883873800003, 10.779445705000057], [72.54875735800005, 10.779323635000083], [72.54118899800005, 10.77289459800005], [72.54086347700007, 10.776516018000052], [72.54883873800003, 10.779445705000057]]}, "properties": {"featurecla": "Coastline", "scalerank": 6, "min_zoom": 6.0}}, {"type": "Feature", "geometry": {"type": "LineString", "coordinates": [[73.67139733200008, 10.829738674000055], [73.68124433700007, 10.828070380000042], [73.68441816500007, 10.827541408000059], [73.67286217500003, 10.824693101000037], [73.67139733200008, 10.829738674000055]]}, "properties": {"featurecla": "Coastline", "scalerank": 6, "min_zoom": 6.0}}, {"type": "Feature", "geometry": {"type": "LineString", "coordinates": [[98.42953535200007, 10.977728583000044], [98.43287194100003, 10.99359772300005], [98.44255618600005, 11.00299713700008], [98.45142662900008, 11.00193919500009], [98.45289147200003, 10.986273505000042], [98.44800866000003, 10.974310614000046], [98.44027754000007, 10.96556224200009], [98.43295332100007, 10.965033270000049], [98.42953535200007, 10.977728583000044]]}, "properties": {"featurecla": "Coastline", "scalerank": 6, "min_zoom": 6.0}}, {"type": "Feature", "geometry": {"type": "LineString", "coordinates": [[72.75001061300003, 11.119086005000042], [72.74496504000007, 11.109523830000057], [72.73951256600003, 11.10883209800005], [72.73951256600003, 11.113959052000041], [72.75001061300003, 11.119086005000042]]}, "properties": {"featurecla": "Coastline", "scalerank": 6, "min_zoom": 6.0}}, {"type": "Feature", "geometry": {"type": "LineString", "coordinates": [[73.01319420700008, 11.50218333500004], [73.01091556100005, 11.49013906500005], [73.00562584700003, 11.479641018000052], [73.00440514400003, 11.496486721000053], [73.00709069100003, 11.501288153000075], [73.01319420700008, 11.50218333500004]]}, "properties": {"featurecla": "Coastline", "scalerank": 6, "min_zoom": 6.0}}, {"type": "Feature", "geometry": {"type": "LineString", "coordinates": [[72.71615644600007, 11.694159247000073], [72.70525149800005, 11.687323309000078], [72.70093834700003, 11.686428127000056], [72.70508873800003, 11.692328192000048], [72.71615644600007, 11.694159247000073]]}, "properties": {"featurecla": "Coastline", "scalerank": 6, "min_zoom": 6.0}}, {"type": "Feature", "geometry": {"type": "LineString", "coordinates": [[97.46452884200005, 11.782456773000092], [97.45923912900008, 11.78620026200008], [97.44434655000003, 11.80023834800005], [97.46290123800003, 11.79979075700004], [97.47689863400007, 11.788234768000052], [97.47966556100005, 11.77798086100006], [97.46452884200005, 11.782456773000092]]}, "properties": {"featurecla": "Coastline", "scalerank": 6, "min_zoom": 6.0}}, {"type": "Feature", "geometry": {"type": "LineString", "coordinates": [[93.87281334700003, 12.268866278000075], [93.85377037900008, 12.260565497000073], [93.85189863400007, 12.271551825000074], [93.86060631600003, 12.281195380000042], [93.87281334700003, 12.268866278000075]]}, "properties": {"featurecla": "Coastline", "scalerank": 6, "min_zoom": 6.0}}, {"type": "Feature", "geometry": {"type": "LineString", "coordinates": [[97.83692467500003, 12.77244700700004], [97.83529707100007, 12.792792059000078], [97.84180748800003, 12.805812893000052], [97.85279381600003, 12.80654531500005], [97.86459394600007, 12.790228583000044], [97.86801191500007, 12.774807033000059], [97.86353600400008, 12.766831773000092], [97.85254967500003, 12.76626211100006], [97.83692467500003, 12.77244700700004]]}, "properties": {"featurecla": "Coastline", "scalerank": 6, "min_zoom": 6.0}}, {"type": "Feature", "geometry": {"type": "LineString", "coordinates": [[94.28093509200005, 13.443548895000049], [94.29078209700003, 13.42291901200008], [94.27491295700003, 13.420314846000053], [94.26189212300005, 13.429266669000071], [94.28093509200005, 13.443548895000049]]}, "properties": {"featurecla": "Coastline", "scalerank": 6, "min_zoom": 6.0}}, {"type": "Feature", "geometry": {"type": "LineString", "coordinates": [[98.38871808142648, 0.0], [98.36402428500003, 0.010484117000089554], [98.3106564656974, 0.0]]}, "properties": {"featurecla": "Coastline", "scalerank": 3, "min_zoom": 2.0}}, {"type": "Feature", "geometry": {"type": "LineString", "coordinates": [[98.55518639400003, 1.6820335960000534], [98.54053795700003, 1.6734072940000715], [98.53109785200007, 1.6614444030000755], [98.52100670700003, 1.6555850280000755], [98.50416100400008, 1.664943752000056], [98.47706139400003, 1.7035993510000935], [98.46265709700003, 1.7092959660000702], [98.44564863400007, 1.7043317730000922], [98.43482506600003, 1.6919619810000768], [98.43018639400003, 1.676459052000041], [98.43165123800003, 1.6615257830000587], [98.43995201900003, 1.6498477230000503], [98.46485436300003, 1.6441917990000547], [98.49756920700003, 1.6272647160000702], [98.52881920700003, 1.623236395000049], [98.55990644600007, 1.6236026060000768], [98.59913170700003, 1.631984768000052], [98.59066816500007, 1.6519229190000715], [98.57097415500004, 1.6730817730000922], [98.55518639400003, 1.6820335960000534]]}, "properties": {"featurecla": "Coastline", "scalerank": 6, "min_zoom": 5.0}}, {"type": "Feature", "geometry": {"type": "LineString", "coordinates": [[97.15113366000003, 2.0580915390000882], [97.14291425900007, 2.0922712260000935], [97.13379967500003, 2.107163804000038], [97.12012780000003, 2.113348700000074], [97.10035241000003, 2.1112735050000424], [97.07545006600003, 2.086004950000074], [97.06902103000004, 2.087144273000092], [97.10230553500003, 2.016058661000045], [97.11500084700003, 2.0147158870000794], [97.12427819100003, 2.021673895000049], [97.12012780000003, 2.0348574890000464], [97.12305748800003, 2.0392927100000406], [97.15113366000003, 2.0580915390000882]]}, "properties": {"featurecla": "Coastline", "scalerank": 6, "min_zoom": 5.0}}, {"type": "Feature", "geometry": {"type": "LineString", "coordinates": [[96.64405358200003, 2.127020575000074], [96.62769616000003, 2.1294619810000768], [96.61833743600005, 2.1268578150000508], [96.61329186300003, 2.119126695000091], [96.60987389400003, 2.1065127620000794], [96.60962975400008, 2.080145575000074], [96.62289472700007, 2.07062409100007], [96.64356530000003, 2.0744489600000406], [96.66537519600007, 2.087876695000091], [96.67172285200007, 2.101996161000045], [96.66822350400008, 2.1134300800000574], [96.65796959700003, 2.1218122420000896], [96.64405358200003, 2.127020575000074]]}, "properties": {"featurecla": "Coastline", "scalerank": 6, "min_zoom": 6.0}}, {"type": "Feature", "geometry": {"type": "LineString", "coordinates": [[97.32862389400003, 2.1475283870000794], [97.31983483200003, 2.1786563170000477], [97.30583743600005, 2.185370184000078], [97.28150475400008, 2.2089297550000424], [97.28923587300005, 2.2211774760000935], [97.28126061300003, 2.2290713560000768], [97.26465905000003, 2.232245184000078], [97.24675540500004, 2.230658270000049], [97.20801842500003, 2.2075869810000768], [97.19157962300005, 2.2089297550000424], [97.18279056100005, 2.2260602890000882], [97.17172285200007, 2.233099677000041], [97.12517337300005, 2.225490627000056], [97.10938561300003, 2.2201602230000503], [97.10279381600003, 2.212713934000078], [97.20736738400007, 2.175523179000038], [97.27808678500003, 2.1030947940000715], [97.29615319100003, 2.0695254580000437], [97.30616295700003, 2.0571963560000768], [97.32178795700003, 2.0580915390000882], [97.32178795700003, 2.031439520000049], [97.33521569100003, 2.0421817080000437], [97.34229576900003, 2.0580915390000882], [97.34107506600003, 2.1056989600000406], [97.32862389400003, 2.1475283870000794]]}, "properties": {"featurecla": "Coastline", "scalerank": 3, "min_zoom": 3.0}}, {"type": "Feature", "geometry": {"type": "LineString", "coordinates": [[96.47950280000003, 2.4149844420000477], [96.46501712300005, 2.43781159100007], [96.44410241000003, 2.4903832050000574], [96.42432701900003, 2.510565497000073], [96.41724694100003, 2.5063337260000935], [96.41065514400003, 2.508937893000052], [96.39649498800003, 2.5248477230000503], [96.39527428500003, 2.477362372000073], [96.39014733200003, 2.4696719420000477], [96.37525475400008, 2.473863023000092], [96.35914147200003, 2.5214297550000424], [96.33594811300003, 2.5521507830000587], [96.32129967500003, 2.566148179000038], [96.29070071700005, 2.5751813820000393], [96.24610436300003, 2.6000023460000534], [96.15796959700003, 2.6804059920000896], [96.14372806100005, 2.6787783870000794], [96.14698326900003, 2.670721747000073], [96.16089928500003, 2.6612002620000794], [96.16423587300005, 2.65460846600007], [96.16187584700003, 2.6477725280000755], [96.15626061300003, 2.648423570000091], [96.12973066500007, 2.6647809920000896], [96.11866295700003, 2.666001695000091], [96.10279381600003, 2.65460846600007], [96.10181725400008, 2.6754417990000547], [96.13086998800003, 2.715277411000045], [96.12631269600007, 2.7337100280000755], [96.10678144600007, 2.7496605490000547], [96.09050540500004, 2.757798570000091], [96.02833092500003, 2.768459377000056], [96.00326582100007, 2.7770042990000547], [95.98170006600003, 2.7903506530000755], [95.96452884200005, 2.827948309000078], [95.92774498800003, 2.844549872000073], [95.91724694100003, 2.8606631530000755], [95.88306725400008, 2.846380927000041], [95.88298587300005, 2.883937893000052], [95.89079837300005, 2.889105536000045], [95.91041100400008, 2.87368398600006], [95.91187584700003, 2.906236070000091], [95.88404381600003, 2.9190127620000794], [95.81413821700005, 2.9221052100000406], [95.80152428500003, 2.937567450000074], [95.79151451900003, 2.942531643000052], [95.77320397200003, 2.9050153670000896], [95.76677493600005, 2.8781192080000437], [95.76636803500003, 2.86749909100007], [95.78150475400008, 2.8550479190000715], [95.78003991000003, 2.846380927000041], [95.76872806100005, 2.8408063820000393], [95.71485436300003, 2.84015534100007], [95.69955488400007, 2.831773179000038], [95.69263756600003, 2.81281159100007], [95.69263756600003, 2.7920596370000794], [95.69800866000003, 2.7787539730000503], [95.74008222700007, 2.7780622420000896], [95.73519941500007, 2.757879950000074], [95.76156660200007, 2.7399356140000464], [95.75896243600005, 2.7241071640000882], [95.78891035200007, 2.704006252000056], [95.79428144600007, 2.6962344420000477], [95.78532962300005, 2.660589911000045], [95.79053795700003, 2.65460846600007], [95.86255944100003, 2.65460846600007], [95.87476647200003, 2.6458194030000755], [95.87818444100003, 2.6285667990000547], [95.88306725400008, 2.6204287780000755], [95.91146894600007, 2.6102969420000477], [95.93140709700003, 2.5956078150000508], [95.95508873800003, 2.6000023460000534], [95.96509850400008, 2.6142438820000393], [95.97193444100003, 2.612209377000056], [95.98609459700003, 2.6000023460000534], [96.02027428500003, 2.6000023460000534], [96.06568444100003, 2.5794131530000755], [96.23991946700005, 2.4486758480000503], [96.28516686300003, 2.436428127000056], [96.30616295700003, 2.405096747000073], [96.32813561300003, 2.394517320000091], [96.30762780000003, 2.3740908870000794], [96.33497155000003, 2.355454820000091], [96.35108483200003, 2.3550479190000715], [96.36963951900003, 2.367254950000074], [96.41138756600003, 2.343817450000074], [96.42090905000003, 2.343003648000092], [96.46583092500003, 2.359808661000045], [96.45850670700003, 2.359808661000045], [96.48121178500003, 2.3639997420000896], [96.48121178500003, 2.3788516300000424], [96.47510826900003, 2.3978539080000587], [96.47950280000003, 2.4149844420000477]]}, "properties": {"featurecla": "Coastline", "scalerank": 3, "min_zoom": 2.0}}, {"type": "Feature", "geometry": {"type": "LineString", "coordinates": [[95.17741946700005, 5.62836334800005], [95.15503991000003, 5.656683661000045], [95.14177493600005, 5.664129950000074], [95.13575280000003, 5.646307684000078], [95.10914147200003, 5.622015692000048], [95.11158287900008, 5.611883856000077], [95.12232506600003, 5.6067569030000755], [95.14527428500003, 5.6042341170000896], [95.15626061300003, 5.594794012000079], [95.17139733200003, 5.607245184000078], [95.19109134200005, 5.608465887000079], [95.17741946700005, 5.62836334800005]]}, "properties": {"featurecla": "Coastline", "scalerank": 6, "min_zoom": 6.0}}, {"type": "Feature", "geometry": {"type": "LineString", "coordinates": [[95.11524498800003, 5.711493231000077], [95.12208092500003, 5.7046572940000715], [95.05827884200005, 5.757310289000088], [95.03394616000003, 5.759914455000057], [95.01465905000003, 5.7446149760000935], [95.01270592500003, 5.735825914000088], [95.02312259200005, 5.7320010440000715], [95.04883873800003, 5.736476955000057], [95.06072024800005, 5.7320010440000715], [95.06072024800005, 5.724554755000042], [95.04867597700007, 5.718451239000046], [95.05713951900003, 5.70734284100007], [95.05730228000004, 5.700913804000038], [95.04786217500003, 5.689642645000049], [95.05030358200003, 5.686224677000041], [95.06072024800005, 5.683579820000091], [95.05689537900008, 5.669094143000052], [95.06072024800005, 5.656236070000091], [95.09473717500003, 5.683579820000091], [95.12208092500003, 5.6692569030000755], [95.13233483200003, 5.680121161000045], [95.13331139400003, 5.691310940000051], [95.12696373800003, 5.702053127000056], [95.11524498800003, 5.711493231000077]]}, "properties": {"featurecla": "Coastline", "scalerank": 6, "min_zoom": 5.0}}, {"type": "Feature", "geometry": {"type": "LineString", "coordinates": [[95.34180748800003, 5.896429755000042], [95.32496178500003, 5.8980166690000715], [95.31495201900003, 5.887762762000079], [95.29712975400008, 5.858587958000044], [95.28386478000004, 5.857407945000091], [95.27247155000003, 5.870306708000044], [95.25928795700003, 5.896429755000042], [95.24781334700003, 5.905218817000048], [95.23617597700007, 5.909125067000048], [95.21461022200003, 5.910101630000042], [95.21355228000004, 5.902533270000049], [95.23145592500003, 5.869289455000057], [95.25269616000003, 5.854966539000088], [95.27295983200003, 5.807074286000045], [95.28663170700003, 5.794419664000088], [95.30274498800003, 5.785711981000077], [95.33838951900003, 5.779201565000051], [95.35043379000007, 5.783636786000045], [95.35531660200007, 5.795152085000041], [95.35547936300003, 5.82758209800005], [95.36866295700003, 5.818304755000042], [95.37598717500003, 5.807074286000045], [95.38282311300003, 5.807074286000045], [95.38282311300003, 5.841864325000074], [95.34180748800003, 5.896429755000042]]}, "properties": {"featurecla": "Coastline", "scalerank": 5, "min_zoom": 3.0}}, {"type": "Feature", "geometry": {"type": "LineString", "coordinates": [[99.78629161100008, 6.24182214800004], [99.76723441600006, 6.223804251000047], [99.77471042300004, 6.204017199000077], [99.78405904600004, 6.201118998000084], [99.78952269900003, 6.185875956000075], [99.80559648300004, 6.171792982000056], [99.81695288700007, 6.176527626000052], [99.82642783100005, 6.190674611000077], [99.83023316600003, 6.205753451000078], [99.82381200400005, 6.222867477000079], [99.82485877300007, 6.257720434000078], [99.83978225000004, 6.277297115000067], [99.83697849400005, 6.294227056000068], [99.82392178600003, 6.282135856000082], [99.80044244900006, 6.27281133200006], [99.78629161100008, 6.24182214800004]]}, "properties": {"featurecla": "Coastline", "scalerank": 6, "min_zoom": 5.0}}, {"type": "Feature", "geometry": {"type": "LineString", "coordinates": [[99.90061659800006, 6.364303784000072], [99.91334069100003, 6.3902041690000715], [99.89759415000003, 6.402046953000081], [99.89893639400003, 6.410345770000049], [99.87826582100007, 6.419745184000078], [99.86646569100003, 6.429673570000091], [99.85108483200003, 6.465643622000073], [99.84202909600003, 6.4696390390000715], [99.83277428500003, 6.470851955000057], [99.83920332100007, 6.454820054000038], [99.81429161100004, 6.4540366600000425], [99.80224884300003, 6.436050476000048], [99.78599624100008, 6.422854432000065], [99.77092667200003, 6.419841624000071], [99.73647816000005, 6.423983516000078], [99.72137140400008, 6.4341516320000665], [99.68875121300005, 6.43530531600004], [99.66944363000005, 6.426886127000046], [99.64522806000008, 6.435840878000079], [99.64600670700003, 6.394191799000055], [99.65007571700005, 6.376695054000038], [99.65870201900003, 6.3626162780000755], [99.67683825200004, 6.3639737600000785], [99.71904369200007, 6.353230673000041], [99.72213222700003, 6.327483499000039], [99.71545779600007, 6.310057516000086], [99.72873460300008, 6.261475800000085], [99.74894929300007, 6.270182652000074], [99.76166422200004, 6.282842796000068], [99.77803186100004, 6.282972726000082], [99.80730692400005, 6.317532434000043], [99.82533255000004, 6.324098670000069], [99.84458594200004, 6.324685901000066], [99.84941794500003, 6.300711598000078], [99.86569178000008, 6.2905266040000924], [99.87050805600006, 6.304923615000064], [99.89169428400004, 6.321944661000089], [99.91627037900008, 6.331529039000088], [99.91086526100003, 6.348726301000056], [99.90061659800006, 6.364303784000072]]}, "properties": {"featurecla": "Coastline", "scalerank": 3, "min_zoom": 3.0}}, {"type": "Feature", "geometry": {"type": "LineString", "coordinates": [[99.24781334700003, 6.57485586100006], [99.23926842500003, 6.57680898600006], [99.20630944100003, 6.57485586100006], [99.21371504000007, 6.57485586100006], [99.19556725400008, 6.571234442000048], [99.17644290500004, 6.550197658000059], [99.15845787900008, 6.554388739000046], [99.17400149800005, 6.539007880000042], [99.19483483200003, 6.533107815000051], [99.21729576900003, 6.536932684000078], [99.25757897200003, 6.560939846000053], [99.26026451900003, 6.565822658000059], [99.24781334700003, 6.57485586100006]]}, "properties": {"featurecla": "Coastline", "scalerank": 6, "min_zoom": 6.0}}, {"type": "Feature", "geometry": {"type": "LineString", "coordinates": [[99.67237389400003, 6.516546942000048], [99.67579186300003, 6.524562893000052], [99.69263756600003, 6.528143622000073], [99.69971764400003, 6.533270575000074], [99.70443769600007, 6.558294989000046], [99.69604397700004, 6.587452689000088], [99.68028986000007, 6.62403914500004], [99.68051191500007, 6.672919012000079], [99.65699303500003, 6.723822333000044], [99.65064537900008, 6.717759507000039], [99.64242597700007, 6.67133209800005], [99.62387129000007, 6.657416083000044], [99.62598717500003, 6.632798570000091], [99.62387129000007, 6.622707424000055], [99.60303795700003, 6.5969912780000755], [99.60027103000004, 6.58344147300005], [99.63414807500004, 6.552054746000067], [99.64682050900007, 6.509670315000051], [99.65870201900003, 6.492336330000057], [99.67042076900003, 6.501450914000088], [99.67237389400003, 6.516546942000048]]}, "properties": {"featurecla": "Coastline", "scalerank": 5, "min_zoom": 3.0}}, {"type": "Feature", "geometry": {"type": "LineString", "coordinates": [[93.92025800900007, 7.024318752000056], [93.88705488400007, 7.08930084800005], [93.88314863400007, 7.104722398000092], [93.88062584700003, 7.144273179000038], [93.86500084700003, 7.200669664000088], [93.85531660200007, 7.2141787780000755], [93.83082116000003, 7.2359072940000715], [93.81397545700008, 7.241848049000055], [93.79761803500003, 7.234605210000041], [93.77214603000004, 7.211737372000073], [93.76531009200005, 7.219142971000053], [93.73462975400008, 7.205511786000045], [93.71729576900003, 7.187689520000049], [93.67644290500004, 7.181870835000041], [93.64966881600003, 7.1196149760000935], [93.64918053500003, 7.013088283000059], [93.66456139400003, 7.026516018000052], [93.68433678500003, 7.020900783000059], [93.70362389400003, 7.006293036000045], [93.71753991000003, 6.992621161000045], [93.74805748800003, 6.923570054000038], [93.76531009200005, 6.9243024760000935], [93.76612389400003, 6.9011091170000896], [93.77076256600003, 6.8938662780000755], [93.77955162900008, 6.8902041690000715], [93.77312259200005, 6.877997137000079], [93.77572675900007, 6.867377020000049], [93.79322350400008, 6.8491885440000715], [93.78443444100003, 6.8364118510000935], [93.79216556100005, 6.825873114000046], [93.81373131600003, 6.808294989000046], [93.80933678500003, 6.769029039000088], [93.81267337300005, 6.753973700000074], [93.83423912900008, 6.74555084800005], [93.84791100400008, 6.785305080000057], [93.85938561300003, 6.8042666690000715], [93.88990319100003, 6.800970770000049], [93.90308678500003, 6.808294989000046], [93.90414472700007, 6.819240627000056], [93.88941491000003, 6.841782945000091], [93.89356530000003, 6.876776434000078], [93.92107181100005, 6.933823960000041], [93.92986087300005, 6.959051825000074], [93.92872155000003, 7.01235586100006], [93.92025800900007, 7.024318752000056]]}, "properties": {"featurecla": "Coastline", "scalerank": 3, "min_zoom": 2.0}}, {"type": "Feature", "geometry": {"type": "LineString", "coordinates": [[99.40544681100005, 7.266302802000041], [99.38550866000003, 7.275580145000049], [99.37777754000007, 7.252346096000053], [99.37818444100003, 7.20180898600006], [99.38331139400003, 7.1940778670000896], [99.39429772200003, 7.205471096000053], [99.40886478000004, 7.229396877000056], [99.41724694100003, 7.235337632000039], [99.42823326900003, 7.2389997420000896], [99.45386803500003, 7.2389997420000896], [99.44581139400003, 7.250921942000048], [99.41911868600005, 7.2565778670000896], [99.40544681100005, 7.266302802000041]]}, "properties": {"featurecla": "Coastline", "scalerank": 6, "min_zoom": 6.0}}, {"type": "Feature", "geometry": {"type": "LineString", "coordinates": [[93.73121178500003, 7.369370835000041], [93.72169030000003, 7.38117096600007], [93.69947350400008, 7.39874909100007], [93.69695071700005, 7.445054429000038], [93.68376712300005, 7.421698309000078], [93.67798912900008, 7.399400132000039], [93.66724694100003, 7.382757880000042], [93.63868248800003, 7.376166083000044], [93.61670983200008, 7.367254950000074], [93.60694420700008, 7.326402085000041], [93.59400475400008, 7.31476471600007], [93.61508222700007, 7.28742096600007], [93.61793053500003, 7.259955145000049], [93.62818444100003, 7.253322658000059], [93.64421634200005, 7.257513739000046], [93.67920983200008, 7.298325914000088], [93.72852623800003, 7.337103583000044], [93.73438561300003, 7.350816148000092], [93.73121178500003, 7.369370835000041]]}, "properties": {"featurecla": "Coastline", "scalerank": 5, "min_zoom": 3.0}}, {"type": "Feature", "geometry": {"type": "LineString", "coordinates": [[99.03492272200003, 7.644273179000038], [99.02808678500003, 7.644273179000038], [99.02068118600005, 7.636867580000057], [99.02711022200003, 7.622870184000078], [99.02808678500003, 7.57172272300005], [99.03126061300003, 7.561916408000059], [99.05713951900003, 7.504055080000057], [99.07715905000003, 7.480292059000078], [99.09994550900007, 7.467230536000045], [99.11744225400008, 7.479193427000041], [99.10141035200007, 7.503566799000055], [99.08611087300005, 7.536525783000059], [99.07593834700003, 7.573228257000039], [99.07585696700005, 7.6089541690000715], [99.06568444100003, 7.615057684000078], [99.03492272200003, 7.644273179000038]]}, "properties": {"featurecla": "Coastline", "scalerank": 5, "min_zoom": 4.0}}, {"type": "Feature", "geometry": {"type": "LineString", "coordinates": [[99.12427819100003, 7.657375393000052], [99.10450280000003, 7.66937897300005], [99.06706790500004, 7.675197658000059], [99.04460696700005, 7.6633975280000755], [99.06959069100003, 7.622544664000088], [99.08765709700003, 7.6120466170000896], [99.09302819100003, 7.601263739000046], [99.10873457100007, 7.594183661000045], [99.11744225400008, 7.595892645000049], [99.12403405000003, 7.606838283000059], [99.12745201900003, 7.625189520000049], [99.12427819100003, 7.657375393000052]]}, "properties": {"featurecla": "Coastline", "scalerank": 6, "min_zoom": 5.0}}, {"type": "Feature", "geometry": {"type": "LineString", "coordinates": [[81.73878014400003, 7.66046784100007], [81.77637780000003, 7.602728583000044], [81.78736412900008, 7.593451239000046], [81.79029381600003, 7.57172272300005], [81.78736412900008, 7.4968122420000896], [81.80779056100005, 7.479193427000041], [81.82260175900007, 7.491359768000052], [81.82325280000003, 7.511379299000055], [81.80632571700005, 7.598578192000048], [81.77076256600003, 7.654689846000053], [81.75928795700008, 7.685288804000038], [81.75025475400008, 7.698635158000059], [81.73796634200005, 7.727484442000048], [81.72510826900003, 7.739935614000046], [81.72999108200008, 7.728216864000046], [81.72510826900003, 7.698919989000046], [81.73878014400003, 7.66046784100007]]}, "properties": {"featurecla": "Coastline", "scalerank": 6, "min_zoom": 5.0}}, {"type": "Feature", "geometry": {"type": "LineString", "coordinates": [[93.42945397200003, 7.955267645000049], [93.42416425900007, 7.959865627000056], [93.40121504000007, 7.967962958000044], [93.39600670700008, 7.976385809000078], [93.39616946700005, 7.997219143000052], [93.39136803500003, 8.015570380000042], [93.37029056100005, 8.017320054000038], [93.34441165500004, 8.012111721000053], [93.32260175900007, 8.002101955000057], [93.31332441500007, 7.989732164000088], [93.30502363400007, 7.9499372420000896], [93.30665123800003, 7.938544012000079], [93.31364993600005, 7.929185289000088], [93.32300866000003, 7.924383856000077], [93.33269290500004, 7.924953518000052], [93.34066816500007, 7.931708075000074], [93.34815514400003, 7.924872137000079], [93.34107506600003, 7.912583726000037], [93.34034264400003, 7.901271877000056], [93.34498131600003, 7.8913434920000896], [93.35425866000003, 7.883286851000037], [93.36784915500004, 7.878607489000046], [93.40211022200003, 7.89008209800005], [93.42123457100007, 7.891791083000044], [93.45443769600007, 7.869289455000057], [93.46045983200008, 7.89984772300005], [93.45980879000007, 7.91079336100006], [93.43311608200008, 7.954291083000044], [93.42945397200003, 7.955267645000049]]}, "properties": {"featurecla": "Coastline", "scalerank": 5, "min_zoom": 3.0}}, {"type": "Feature", "geometry": {"type": "LineString", "coordinates": [[93.56592858200008, 7.9993350280000755], [93.55860436300003, 8.013617255000042], [93.54835045700008, 8.020086981000077], [93.54029381600003, 8.016180731000077], [93.53931725400008, 7.9993350280000755], [93.52076256600003, 8.004380601000037], [93.51148522200003, 7.995510158000059], [93.51075280000003, 7.980169989000046], [93.51832116000003, 7.965806382000039], [93.57398522200003, 7.924872137000079], [93.57422936300003, 7.968817450000074], [93.56592858200008, 7.9993350280000755]]}, "properties": {"featurecla": "Coastline", "scalerank": 6, "min_zoom": 6.0}}, {"type": "Feature", "geometry": {"type": "LineString", "coordinates": [[98.54053795700003, 8.10492584800005], [98.53630618600005, 8.11513906500005], [98.52849368600005, 8.123480536000045], [98.53101647200003, 8.088568427000041], [98.55111738400007, 8.042547919000071], [98.55486087300005, 8.036932684000078], [98.57439212300005, 8.031805731000077], [98.58228600400008, 8.015366929000038], [98.58041425900007, 7.996161200000074], [98.56804446700005, 7.993353583000044], [98.56324303500003, 7.986314195000091], [98.57081139400003, 7.939357815000051], [98.57732181100005, 7.919623114000046], [98.58822675900007, 7.90493398600006], [98.60352623800003, 7.90375397300005], [98.61182701900003, 7.92609284100007], [98.61036217500003, 8.034735419000071], [98.60238691500007, 8.06346263200004], [98.58692467500003, 8.079291083000044], [98.54053795700003, 8.10492584800005]]}, "properties": {"featurecla": "Coastline", "scalerank": 5, "min_zoom": 4.0}}, {"type": "Feature", "geometry": {"type": "LineString", "coordinates": [[98.41863040500004, 7.90375397300005], [98.40154056100005, 7.935777085000041], [98.39747155000003, 7.955023505000042], [98.39812259200005, 7.972642320000091], [98.40219160200007, 7.981024481000077], [98.41863040500004, 7.993150132000039], [98.41863040500004, 8.027289130000042], [98.43848717500003, 8.065741278000075], [98.43913821700005, 8.082505601000037], [98.43213951900003, 8.09593333500004], [98.42261803500003, 8.099310614000046], [98.41285241000003, 8.094305731000077], [98.40552819100003, 8.082505601000037], [98.37370853000004, 8.110907294000071], [98.36011803500003, 8.118841864000046], [98.34961998800003, 8.109198309000078], [98.34351647200003, 8.109198309000078], [98.33570397200003, 8.156439520000049], [98.33008873800003, 8.170477606000077], [98.31153405000003, 8.18553294500009], [98.30290774800005, 8.188055731000077], [98.29566491000003, 8.184963283000059], [98.28142337300005, 8.191799221000053], [98.29021243600005, 8.130113023000092], [98.28825931100005, 8.109198309000078], [98.27442467500003, 8.06932200700004], [98.27613366000003, 8.03384023600006], [98.28142337300005, 8.003078518000052], [98.26596113400007, 7.973781643000052], [98.27409915500004, 7.953680731000077], [98.25863691500007, 7.938299872000073], [98.25416100400008, 7.928290106000077], [98.28142337300005, 7.91742584800005], [98.28532962300005, 7.90375397300005], [98.28003991000003, 7.896918036000045], [98.26775149800005, 7.89008209800005], [98.26905358200003, 7.879136460000041], [98.28142337300005, 7.855943101000037], [98.28663170700003, 7.791693427000041], [98.29184004000007, 7.777492580000057], [98.30909264400003, 7.767726955000057], [98.32309004000007, 7.77094147300005], [98.33253014400003, 7.785956122000073], [98.33611087300005, 7.8112653670000896], [98.34392337300005, 7.832912502000056], [98.36231530000003, 7.832424221000053], [98.39812259200005, 7.815008856000077], [98.39535566500007, 7.850490627000056], [98.39966881600003, 7.8645694030000755], [98.43181399800005, 7.874945380000042], [98.43978925900007, 7.886623440000051], [98.43962649800005, 7.9019229190000715], [98.43165123800003, 7.91742584800005], [98.41863040500004, 7.90375397300005]]}, "properties": {"featurecla": "Coastline", "scalerank": 3, "min_zoom": 3.0}}, {"type": "Feature", "geometry": {"type": "LineString", "coordinates": [[98.63754316500007, 8.171291408000059], [98.63575280000003, 8.18553294500009], [98.63209069100003, 8.18976471600007], [98.62403405000003, 8.191799221000053], [98.61589603000004, 8.176174221000053], [98.59229576900003, 8.14679596600007], [98.59669030000003, 8.13031647300005], [98.57471764400003, 8.12498607000009], [98.57007897200003, 8.118882554000038], [98.57960045700003, 8.106146552000041], [98.62086022200003, 8.089992580000057], [98.63754316500007, 8.171291408000059]]}, "properties": {"featurecla": "Coastline", "scalerank": 6, "min_zoom": 6.0}}, {"type": "Feature", "geometry": {"type": "LineString", "coordinates": [[93.53191165500004, 8.034735419000071], [93.53736412900008, 8.047796942000048], [93.53760826900003, 8.057318427000041], [93.52515709700003, 8.095038153000075], [93.50855553500003, 8.12881094000005], [93.50521894600007, 8.147040106000077], [93.51050866000003, 8.166571356000077], [93.53101647200003, 8.193752346000053], [93.53166751400005, 8.21320221600007], [93.52344811300003, 8.225816148000092], [93.50464928500003, 8.226996161000045], [93.48585045700008, 8.220119533000059], [93.47730553500003, 8.209133205000057], [93.46509850400008, 8.183294989000046], [93.44654381600003, 8.164496161000045], [93.44662519600007, 8.154364325000074], [93.45736738400007, 8.089992580000057], [93.46631920700008, 8.074408270000049], [93.47974694100003, 8.06321849200009], [93.49219811300003, 8.063625393000052], [93.49781334700003, 8.082505601000037], [93.51148522200003, 8.07485586100006], [93.51693769600007, 8.063299872000073], [93.51482181100005, 8.056219794000071], [93.50521894600007, 8.061997789000088], [93.49781334700003, 8.061997789000088], [93.49561608200008, 8.049383856000077], [93.48080488400007, 8.040513414000088], [93.47730553500003, 8.030991929000038], [93.47925866000003, 8.00291575700004], [93.48438561300003, 7.991888739000046], [93.49496504000007, 7.996283270000049], [93.51490319100003, 8.02765534100007], [93.53191165500004, 8.034735419000071]]}, "properties": {"featurecla": "Coastline", "scalerank": 5, "min_zoom": 3.0}}, {"type": "Feature", "geometry": {"type": "LineString", "coordinates": [[73.07715905000003, 8.315252997000073], [73.07300866000008, 8.295396226000037], [73.06316165500004, 8.279486395000049], [73.04835045700008, 8.26756419500009], [73.02930748800003, 8.25999583500004], [73.02930748800003, 8.274359442000048], [73.02247155000003, 8.274359442000048], [73.02409915500004, 8.255438544000071], [73.03272545700008, 8.249497789000088], [73.04468834700003, 8.252427476000037], [73.06609134200005, 8.270453192000048], [73.08399498800003, 8.30845774900007], [73.08179772200003, 8.315822658000059], [73.07715905000003, 8.315252997000073]]}, "properties": {"featurecla": "Coastline", "scalerank": 5, "min_zoom": 4.0}}, {"type": "Feature", "geometry": {"type": "LineString", "coordinates": [[93.13453209700003, 8.240179755000042], [93.11410566500007, 8.256415106000077], [93.10401451900003, 8.275580145000049], [93.10075931100005, 8.299261786000045], [93.10141035200007, 8.345770575000074], [93.09506269600007, 8.355169989000046], [93.08375084700003, 8.355902411000045], [93.06983483200008, 8.346625067000048], [93.06430097700007, 8.336127020000049], [93.05958092500003, 8.291408596000053], [93.06576582100007, 8.268133856000077], [93.08155358200008, 8.242377020000049], [93.10254967500003, 8.221502997000073], [93.15349368600005, 8.205511786000045], [93.16732832100007, 8.20453522300005], [93.17628014400003, 8.21287669500009], [93.17302493600005, 8.221258856000077], [93.13453209700003, 8.240179755000042]]}, "properties": {"featurecla": "Coastline", "scalerank": 5, "min_zoom": 4.0}}, {"type": "Feature", "geometry": {"type": "LineString", "coordinates": [[93.60767662900008, 8.548041083000044], [93.60767662900008, 8.569159247000073], [93.59498131600003, 8.558010158000059], [93.59555097700007, 8.54173411700009], [93.60767662900008, 8.507066148000092], [93.60035241000003, 8.450344143000052], [93.60141035200007, 8.438177802000041], [93.60971113400007, 8.438421942000048], [93.61833743600005, 8.453924872000073], [93.62818444100003, 8.48655833500004], [93.62680097700007, 8.50584544500009], [93.60767662900008, 8.548041083000044]]}, "properties": {"featurecla": "Coastline", "scalerank": 6, "min_zoom": 6.0}}, {"type": "Feature", "geometry": {"type": "LineString", "coordinates": [[79.71412194100003, 9.07562897300005], [79.75896243600005, 9.06704336100006], [79.79981530000003, 9.048976955000057], [79.84099368600005, 9.012600002000056], [79.85938561300003, 9.001206773000092], [79.87012780000003, 8.98818594000005], [79.88575280000003, 8.976223049000055], [79.90967858200008, 8.973211981000077], [79.90072675900007, 8.989081122000073], [79.85434004000007, 9.041489976000037], [79.87126712300005, 9.038560289000088], [79.90007571700005, 9.02440013200004], [79.91651451900003, 9.020982164000088], [79.88233483200008, 9.05377838700008], [79.84164472700007, 9.07721588700008], [79.79900149800005, 9.093329169000071], [79.75879967500003, 9.103583075000074], [79.71412194100003, 9.103583075000074], [79.70118248800003, 9.099188544000071], [79.69800866000008, 9.089585679000038], [79.70297285200007, 9.07998281500005], [79.71412194100003, 9.07562897300005]]}, "properties": {"featurecla": "Coastline", "scalerank": 6, "min_zoom": 4.0}}, {"type": "Feature", "geometry": {"type": "LineString", "coordinates": [[98.29566491000003, 9.14516836100006], [98.28223717500003, 9.156724351000037], [98.27328535200007, 9.159979559000078], [98.26091556100005, 9.158148505000042], [98.24822024800005, 9.150091864000046], [98.24048912900008, 9.048976955000057], [98.25424238400007, 9.036810614000046], [98.27418053500003, 9.035956122000073], [98.30933678500003, 9.048976955000057], [98.30201256600003, 9.055161851000037], [98.32300866000003, 9.076239325000074], [98.32276451900003, 9.09796784100007], [98.31739342500003, 9.117132880000042], [98.30787194100003, 9.133002020000049], [98.29566491000003, 9.14516836100006]]}, "properties": {"featurecla": "Coastline", "scalerank": 5, "min_zoom": 4.0}}, {"type": "Feature", "geometry": {"type": "LineString", "coordinates": [[92.81137327200008, 9.23116996200008], [92.76303144600007, 9.264146226000037], [92.75098717500003, 9.261216539000088], [92.75440514400003, 9.24445221600007], [92.74512780000003, 9.229071356000077], [92.72925866000003, 9.21784088700008], [92.71387780000003, 9.213446356000077], [92.70850670700008, 9.201605536000045], [92.71168053500003, 9.175116278000075], [92.72022545700008, 9.14712148600006], [92.73121178500003, 9.13084544500009], [92.79956466200008, 9.110154001000069], [92.83198132300004, 9.145025417000056], [92.83384929400006, 9.202359329000046], [92.81137327200008, 9.23116996200008]]}, "properties": {"featurecla": "Coastline", "scalerank": 5, "min_zoom": 4.0}}, {"type": "Feature", "geometry": {"type": "LineString", "coordinates": [[79.73080488400007, 9.500189520000049], [79.71924889400003, 9.524359442000048], [79.71412194100003, 9.52806224200009], [79.69353274800005, 9.52960846600007], [79.67628014400003, 9.534979559000078], [79.66529381600003, 9.554022528000075], [79.65870201900003, 9.555365302000041], [79.65577233200008, 9.544867255000042], [79.65577233200008, 9.50389232000009], [79.66602623800003, 9.49127838700008], [79.68946373800003, 9.483587958000044], [79.71469160200007, 9.485052802000041], [79.73080488400007, 9.500189520000049]]}, "properties": {"featurecla": "Coastline", "scalerank": 6, "min_zoom": 6.0}}, {"type": "Feature", "geometry": {"type": "LineString", "coordinates": [[100.0, 9.575157675388954], [99.95948326900003, 9.580755927000041], [99.93628991000003, 9.577704169000071], [99.92628014400003, 9.565985419000071], [99.93962649800005, 9.53025950700004], [99.94117272200003, 9.511867580000057], [99.92628014400003, 9.493963934000078], [99.93669681100005, 9.474554755000042], [99.94076582100007, 9.43748607000009], [99.94662519600007, 9.41819896000004], [99.95630944100003, 9.421616929000038], [100.0, 9.425865666880776]]}, "properties": {"featurecla": "Coastline", "scalerank": 3, "min_zoom": 3.0}}, {"type": "Feature", "geometry": {"type": "LineString", "coordinates": [[79.89584394600007, 9.61749909100007], [79.90853925900007, 9.618963934000078], [79.92652428500008, 9.629461981000077], [79.95777428500008, 9.61717357000009], [79.97095787900008, 9.617254950000074], [79.97787519600007, 9.624335028000075], [79.97339928500008, 9.63377513200004], [79.93360436300003, 9.654730536000045], [79.92969811300003, 9.675970770000049], [79.92644290500004, 9.678941148000092], [79.90284264400003, 9.678941148000092], [79.89470462300005, 9.688177802000041], [79.89039147200003, 9.69830963700008], [79.88843834700003, 9.72361888200004], [79.89503014400003, 9.748968817000048], [79.89405358200008, 9.757391669000071], [79.88233483200008, 9.760891018000052], [79.86052493600005, 9.756252346000053], [79.85425866000008, 9.738470770000049], [79.85173587300005, 9.716538804000038], [79.84066816500007, 9.699408270000049], [79.86491946700005, 9.651516018000052], [79.88038170700008, 9.628607489000046], [79.89584394600007, 9.61749909100007]]}, "properties": {"featurecla": "Coastline", "scalerank": 6, "min_zoom": 4.0}}, {"type": "Feature", "geometry": {"type": "LineString", "coordinates": [[98.41163170700003, 9.76829661700009], [98.41163170700003, 9.774562893000052], [98.40211022200003, 9.75584544500009], [98.38965905000003, 9.74241771000004], [98.38493899800005, 9.727932033000059], [98.39812259200005, 9.706244208000044], [98.41667728000004, 9.73346588700008], [98.41781660200007, 9.74705638200004], [98.41163170700003, 9.76829661700009]]}, "properties": {"featurecla": "Coastline", "scalerank": 6, "min_zoom": 6.0}}, {"type": "Feature", "geometry": {"type": "LineString", "coordinates": [[100.0, 9.797078151376345], [99.98764082100007, 9.80182526200008], [99.97071373800003, 9.771226304000038], [99.97055097700007, 9.764593817000048], [99.98991946700005, 9.74290599200009], [99.99333743600005, 9.731675523000092], [99.98764082100007, 9.719916083000044], [100.0, 9.710022622325718]]}, "properties": {"featurecla": "Coastline", "scalerank": 5, "min_zoom": 4.0}}, {"type": "Feature", "geometry": {"type": "LineString", "coordinates": [[98.29566491000003, 10.048895575000074], [98.29566491000003, 10.05565013200004], [98.28248131600003, 10.059393622000073], [98.27515709700003, 10.05565013200004], [98.25440514400003, 10.062689520000049], [98.23462975400008, 10.054185289000088], [98.20573978000004, 10.028998114000046], [98.17156009200005, 10.007961330000057], [98.16016686300003, 9.984116929000038], [98.15447024800005, 9.980617580000057], [98.14820397200003, 9.970363674000055], [98.14063561300003, 9.963283596000053], [98.12745201900003, 9.960109768000052], [98.11817467500003, 9.90851471600007], [98.11719811300003, 9.882025458000044], [98.12061608200003, 9.86131419500009], [98.13119550900007, 9.864488023000092], [98.13347415500004, 9.84560781500005], [98.14576256600003, 9.856838283000059], [98.17156009200005, 9.898098049000055], [98.16846764400003, 9.90460846600007], [98.17896569100003, 9.932806708000044], [98.19353274800005, 9.931463934000078], [98.22779381600003, 9.954006252000056], [98.24390709700003, 9.960109768000052], [98.25123131600003, 9.968329169000071], [98.25814863400007, 9.985988674000055], [98.26921634200005, 10.00259023600006], [98.28825931100005, 10.007961330000057], [98.29411868600005, 10.019110419000071], [98.27515709700003, 10.035834052000041], [98.27393639400003, 10.048041083000044], [98.28003991000003, 10.05101146000004], [98.29566491000003, 10.048895575000074]]}, "properties": {"featurecla": "Coastline", "scalerank": 5, "min_zoom": 3.0}}, {"type": "Feature", "geometry": {"type": "LineString", "coordinates": [[98.18580162900008, 10.121161200000074], [98.18580162900008, 10.04205963700008], [98.19532311300003, 10.070502020000049], [98.20142662900008, 10.118068752000056], [98.20777428500003, 10.128648179000038], [98.23365319100003, 10.144476630000042], [98.22771243600005, 10.150824286000045], [98.22779381600003, 10.15525950700004], [98.23365319100003, 10.165513414000088], [98.24089603000004, 10.167792059000078], [98.24048912900008, 10.172349351000037], [98.22217858200003, 10.177923895000049], [98.19605553500003, 10.193182684000078], [98.17896569100003, 10.192857164000088], [98.17896569100003, 10.18545156500005], [98.18523196700005, 10.17682526200008], [98.17156009200005, 10.148138739000046], [98.18580162900008, 10.121161200000074]]}, "properties": {"featurecla": "Coastline", "scalerank": 6, "min_zoom": 6.0}}, {"type": "Feature", "geometry": {"type": "LineString", "coordinates": [[97.91146894600007, 10.494533596000053], [97.89625084700003, 10.487534898000092], [97.89340254000007, 10.470770575000074], [97.90406334700003, 10.439276434000078], [97.88941491000003, 10.419989325000074], [97.89380944100003, 10.405991929000038], [97.91016686300003, 10.401922919000071], [97.93189537900008, 10.41201406500005], [97.91773522200003, 10.43305084800005], [97.93336022200003, 10.433742580000057], [97.94353274800005, 10.443793036000045], [97.93531334700003, 10.46116771000004], [97.92505944100003, 10.47406647300005], [97.90870201900003, 10.473456122000073], [97.90259850400008, 10.479315497000073], [97.91146894600007, 10.494533596000053]]}, "properties": {"featurecla": "Coastline", "scalerank": 6, "min_zoom": 6.0}}, {"type": "Feature", "geometry": {"type": "LineString", "coordinates": [[98.49366295700003, 10.891099351000037], [98.49146569100003, 10.866685289000088], [98.50049889400003, 10.837144273000092], [98.50049889400003, 10.823472398000092], [98.51832116000003, 10.829494533000059], [98.52556399800005, 10.826849677000041], [98.52849368600005, 10.820054429000038], [98.52637780000003, 10.81085846600007], [98.50416100400008, 10.80609772300005], [98.49838300900007, 10.79360586100006], [98.50953209700003, 10.786607164000088], [98.52711022200003, 10.786932684000078], [98.54151451900003, 10.796210028000075], [98.55323326900003, 10.832831122000073], [98.54224694100003, 10.860052802000041], [98.51880944100003, 10.879095770000049], [98.49366295700003, 10.891099351000037]]}, "properties": {"featurecla": "Coastline", "scalerank": 6, "min_zoom": 6.0}}, {"type": "Feature", "geometry": {"type": "LineString", "coordinates": [[92.58509171100008, 10.771268527000075], [92.58211625500007, 10.790261387000044], [92.56798145700003, 10.815300556000068], [92.56505953100003, 10.849308437000047], [92.54887977100003, 10.874373390000073], [92.52759174000005, 10.89546557400007], [92.48279630600007, 10.885621584000091], [92.42896569100003, 10.850816148000092], [92.41541966300008, 10.79886279100009], [92.40726464100004, 10.789890639000077], [92.38587826200006, 10.781981174000066], [92.37672144300006, 10.784019970000088], [92.37948613800006, 10.672121597000057], [92.40891697100005, 10.647054595000043], [92.41700341400008, 10.629058572000076], [92.41385518600003, 10.606117140000038], [92.40255653800006, 10.575206237000089], [92.37805710600003, 10.541328843000088], [92.38411072300005, 10.529328010000086], [92.40646613500007, 10.529265955000085], [92.42178793400006, 10.546203260000084], [92.44413915300004, 10.545142522000049], [92.47955770100003, 10.516073275000053], [92.51302707600007, 10.507968928000082], [92.53542331400007, 10.52486095100005], [92.54667534900005, 10.547781204000046], [92.57421307300007, 10.580623724000077], [92.54175975000004, 10.591720078000037], [92.53983511800004, 10.620669338000084], [92.59590764100005, 10.678363602000047], [92.59805874400007, 10.709302238000078], [92.58698631700008, 10.736294028000088], [92.58509171100008, 10.771268527000075]]}, "properties": {"featurecla": "Coastline", "scalerank": 3, "min_zoom": 2.0}}, {"type": "Feature", "geometry": {"type": "LineString", "coordinates": [[97.89039147200003, 10.884955145000049], [97.89454186300003, 10.86424388200004], [97.88355553500003, 10.844549872000073], [97.90919030000003, 10.857245184000078], [97.92774498800003, 10.871975002000056], [97.94125410200007, 10.891546942000048], [97.95183353000004, 10.919094143000052], [97.93197675900007, 10.92405833500004], [97.91195722700007, 10.924261786000045], [97.89633222700007, 10.913275458000044], [97.89039147200003, 10.884955145000049]]}, "properties": {"featurecla": "Coastline", "scalerank": 6, "min_zoom": 6.0}}, {"type": "Feature", "geometry": {"type": "LineString", "coordinates": [[98.26775149800005, 10.837144273000092], [98.25733483200003, 10.84992096600007], [98.23178144600007, 10.870266018000052], [98.22201582100007, 10.926662502000056], [98.21558678500003, 10.944525458000044], [98.20573978000004, 10.96002838700008], [98.19117272200003, 10.971177476000037], [98.17188561300003, 10.978664455000057], [98.15349368600005, 10.981146552000041], [98.14087975400008, 10.977443752000056], [98.13119550900007, 10.94635651200008], [98.11296634200005, 10.934027411000045], [98.08619225400008, 10.903957424000055], [98.07740319100003, 10.888088283000059], [98.08961022200003, 10.878119208000044], [98.10027103000004, 10.882025458000044], [98.13103274800005, 10.902899481000077], [98.13746178500003, 10.909125067000048], [98.14014733200003, 10.91990794500009], [98.14673912900008, 10.924505927000041], [98.15577233200003, 10.923976955000057], [98.16529381600003, 10.919094143000052], [98.17156009200005, 10.884955145000049], [98.17896569100003, 10.898586330000057], [98.19874108200003, 10.881659247000073], [98.21631920700003, 10.859849351000037], [98.21998131600003, 10.84088776200008], [98.24048912900008, 10.830959377000056], [98.24195397200003, 10.814398505000042], [98.23389733200003, 10.782863674000055], [98.23365319100003, 10.768255927000041], [98.25163821700005, 10.756008205000057], [98.25554446700005, 10.74640534100007], [98.24048912900008, 10.73468659100007], [98.23365319100003, 10.74095286700009], [98.23218834700003, 10.708319403000075], [98.23682701900003, 10.697333075000074], [98.25074303500003, 10.693101304000038], [98.26783287900008, 10.696519273000092], [98.27662194100003, 10.705145575000074], [98.28923587300005, 10.733587958000044], [98.29566491000003, 10.73468659100007], [98.28532962300005, 10.745062567000048], [98.28296959700003, 10.756537177000041], [98.28687584700003, 10.768947658000059], [98.29566491000003, 10.781927802000041], [98.27637780000003, 10.784491278000075], [98.27076256600003, 10.798895575000074], [98.26775149800005, 10.837144273000092]]}, "properties": {"featurecla": "Coastline", "scalerank": 5, "min_zoom": 3.0}}, {"type": "Feature", "geometry": {"type": "LineString", "coordinates": [[98.52849368600005, 10.974310614000046], [98.53003991000003, 10.957180080000057], [98.53394616000003, 10.950832424000055], [98.54151451900003, 10.953802802000041], [98.54460696700005, 11.031195380000042], [98.53191165500004, 11.083807684000078], [98.52466881600003, 11.08665599200009], [98.51417076900003, 11.069891669000071], [98.51417076900003, 11.03579336100006], [98.50318444100003, 11.021144924000055], [98.48682701900003, 11.00844961100006], [98.47836347700007, 10.993353583000044], [98.47706139400003, 10.97370026200008], [98.48585045700003, 10.955877997000073], [98.50798587300005, 10.94635651200008], [98.51205488400007, 10.965236721000053], [98.52849368600005, 10.974310614000046]]}, "properties": {"featurecla": "Coastline", "scalerank": 5, "min_zoom": 4.0}}, {"type": "Feature", "geometry": {"type": "LineString", "coordinates": [[98.27515709700003, 11.24803294500009], [98.27466881600003, 11.256293036000045], [98.28142337300005, 11.275946356000077], [98.23170006600003, 11.273911851000037], [98.21998131600003, 11.269110419000071], [98.22185306100005, 11.261908270000049], [98.24317467500003, 11.242987372000073], [98.24732506600003, 11.214504299000055], [98.27955162900008, 11.223211981000077], [98.29509524800005, 11.231146552000041], [98.30201256600003, 11.24119700700004], [98.29835045700003, 11.248602606000077], [98.28101647200003, 11.245835679000038], [98.27515709700003, 11.24803294500009]]}, "properties": {"featurecla": "Coastline", "scalerank": 6, "min_zoom": 6.0}}, {"type": "Feature", "geometry": {"type": "LineString", "coordinates": [[92.67652428500003, 11.412543036000045], [92.67969811300003, 11.429388739000046], [92.69629967500003, 11.454413153000075], [92.67505944100003, 11.490423895000049], [92.65414472700007, 11.50812409100007], [92.63559004000007, 11.50804271000004], [92.62761478000004, 11.477362372000073], [92.63721764400003, 11.430161851000037], [92.63119550900007, 11.41624583500004], [92.62387129000007, 11.412502346000053], [92.60816491000003, 11.411322333000044], [92.60084069100003, 11.406317450000074], [92.59351647200003, 11.37836334800005], [92.61963951900003, 11.360744533000059], [92.63502037900008, 11.357896226000037], [92.67318769600007, 11.367336330000057], [92.69988040500004, 11.384426174000055], [92.69678795700008, 11.391791083000044], [92.68506920700008, 11.399359442000048], [92.67652428500003, 11.412543036000045]]}, "properties": {"featurecla": "Coastline", "scalerank": 5, "min_zoom": 4.0}}, {"type": "Feature", "geometry": {"type": "LineString", "coordinates": [[92.26677493600005, 11.589544989000046], [92.25489342500003, 11.593817450000074], [92.21729576900003, 11.598089911000045], [92.21729576900003, 11.59125397300005], [92.23023522200003, 11.577337958000044], [92.23454837300005, 11.540350653000075], [92.25212649800005, 11.529242255000042], [92.27320397200003, 11.531073309000078], [92.28500410200007, 11.54401276200008], [92.28687584700003, 11.563177802000041], [92.27808678500003, 11.583807684000078], [92.26677493600005, 11.589544989000046]]}, "properties": {"featurecla": "Coastline", "scalerank": 6, "min_zoom": 6.0}}, {"type": "Feature", "geometry": {"type": "LineString", "coordinates": [[98.27833092500003, 11.79979075700004], [98.27247155000003, 11.786078192000048], [98.26775149800005, 11.741441148000092], [98.23845462300005, 11.687079169000071], [98.23365319100003, 11.666408596000053], [98.24089603000004, 11.63617584800005], [98.24048912900008, 11.624823309000078], [98.22291100400008, 11.617580471000053], [98.21680748800003, 11.598944403000075], [98.20264733200003, 11.589178778000075], [98.19947350400008, 11.580471096000053], [98.20167076900003, 11.56907786700009], [98.21094811300003, 11.561468817000048], [98.21314537900008, 11.553412177000041], [98.18751061300003, 11.534979559000078], [98.19947350400008, 11.488226630000042], [98.18409264400003, 11.47264232000009], [98.17505944100003, 11.470892645000049], [98.16529381600003, 11.473944403000075], [98.16529381600003, 11.453517971000053], [98.17652428500003, 11.449164130000042], [98.19890384200005, 11.446478583000044], [98.21998131600003, 11.453517971000053], [98.20460045700003, 11.458482164000088], [98.20199629000007, 11.46625397300005], [98.21013431100005, 11.472723700000074], [98.22681725400008, 11.473944403000075], [98.22348066500007, 11.488836981000077], [98.23365319100003, 11.501898505000042], [98.26091556100005, 11.46775950700004], [98.26775149800005, 11.488226630000042], [98.27515709700003, 11.48078034100007], [98.28353925900007, 11.509426174000055], [98.28256269600007, 11.566351630000042], [98.29566491000003, 11.59125397300005], [98.28785241000003, 11.610907294000071], [98.29004967500003, 11.631659247000073], [98.30201256600003, 11.673244533000059], [98.30030358200003, 11.704779364000046], [98.30201256600003, 11.714178778000075], [98.32007897200003, 11.721909898000092], [98.32300866000003, 11.731268622000073], [98.30665123800003, 11.777411200000074], [98.29184004000007, 11.798895575000074], [98.27833092500003, 11.79979075700004]]}, "properties": {"featurecla": "Coastline", "scalerank": 5, "min_zoom": 3.0}}, {"type": "Feature", "geometry": {"type": "LineString", "coordinates": [[98.53532962300005, 11.803615627000056], [98.52214603000004, 11.804754950000074], [98.48682701900003, 11.796087958000044], [98.45834394600007, 11.80337148600006], [98.44532311300003, 11.803615627000056], [98.45281009200005, 11.789252020000049], [98.43824303500003, 11.787054755000042], [98.39372806100005, 11.79401276200008], [98.37077884200005, 11.789252020000049], [98.37533613400007, 11.780096747000073], [98.38209069100003, 11.776190497000073], [98.41309655000003, 11.773382880000042], [98.41041100400008, 11.76862213700008], [98.37989342500003, 11.750921942000048], [98.37761478000004, 11.738023179000038], [98.38135826900003, 11.731350002000056], [98.40552819100003, 11.707953192000048], [98.38209069100003, 11.70416901200008], [98.37940514400003, 11.691107489000046], [98.39128665500004, 11.662990627000056], [98.41041100400008, 11.646063544000071], [98.41863040500004, 11.63226959800005], [98.41163170700003, 11.611761786000045], [98.41570071700005, 11.604437567000048], [98.41911868600005, 11.599554755000042], [98.42383873800003, 11.59906647300005], [98.43165123800003, 11.60492584800005], [98.42920983200003, 11.583156643000052], [98.43238366000003, 11.56671784100007], [98.44190514400003, 11.564113674000055], [98.45899498800003, 11.583807684000078], [98.46517988400007, 11.574896552000041], [98.50049889400003, 11.563381252000056], [98.52418053500003, 11.53701406500005], [98.53532962300005, 11.529242255000042], [98.52849368600005, 11.580471096000053], [98.53158613400007, 11.593329169000071], [98.54574629000007, 11.609035549000055], [98.54900149800005, 11.62173086100006], [98.54607181100005, 11.69920482000009], [98.55551191500007, 11.728094794000071], [98.55640709700003, 11.758734442000048], [98.54900149800005, 11.791571356000077], [98.54371178500003, 11.798976955000057], [98.53532962300005, 11.803615627000056]]}, "properties": {"featurecla": "Coastline", "scalerank": 3, "min_zoom": 3.0}}, {"type": "Feature", "geometry": {"type": "LineString", "coordinates": [[98.05543053500003, 11.701117255000042], [98.07471764400003, 11.713364976000037], [98.08073978000004, 11.72264232000009], [98.08228600400008, 11.73468659100007], [98.05795332100007, 11.729071356000077], [98.05241946700005, 11.749416408000059], [98.05225670700003, 11.77602773600006], [98.04493248800003, 11.789252020000049], [98.01392662900008, 11.816595770000049], [98.01392662900008, 11.864976304000038], [97.99976647200003, 11.84178294500009], [98.01189212300005, 11.787258205000057], [98.00709069100003, 11.76194896000004], [98.02247155000003, 11.755804755000042], [98.02857506600003, 11.737005927000041], [98.02833092500003, 11.717189846000053], [98.02442467500003, 11.707953192000048], [98.01172936300003, 11.704738674000055], [98.01661217500003, 11.69749583500004], [98.03435306100005, 11.686835028000075], [98.05543053500003, 11.659572658000059], [98.05738366000003, 11.653143622000073], [98.08961022200003, 11.63226959800005], [98.08529707100007, 11.644924221000053], [98.06169681100005, 11.673244533000059], [98.06755618600005, 11.682928778000075], [98.06771894600007, 11.691066799000055], [98.06348717500003, 11.69725169500009], [98.05543053500003, 11.701117255000042]]}, "properties": {"featurecla": "Coastline", "scalerank": 5, "min_zoom": 4.0}}, {"type": "Feature", "geometry": {"type": "LineString", "coordinates": [[97.66439863400007, 11.905951239000046], [97.64356530000003, 11.880357164000088], [97.64283287900008, 11.867661851000037], [97.65088951900003, 11.844549872000073], [97.67188561300003, 11.837713934000078], [97.66667728000004, 11.863430080000057], [97.67628014400003, 11.877834377000056], [97.67847741000003, 11.887884833000044], [97.67448978000004, 11.89744700700004], [97.66439863400007, 11.905951239000046]]}, "properties": {"featurecla": "Coastline", "scalerank": 6, "min_zoom": 6.0}}, {"type": "Feature", "geometry": {"type": "LineString", "coordinates": [[98.25416100400008, 11.85814036700009], [98.26148522200003, 11.853908596000053], [98.27369225400008, 11.853338934000078], [98.28419030000003, 11.86546458500004], [98.28907311300003, 11.882391669000071], [98.28484134200005, 11.896063544000071], [98.26539147200003, 11.90851471600007], [98.25652103000004, 11.902533270000049], [98.25416100400008, 11.85814036700009]]}, "properties": {"featurecla": "Coastline", "scalerank": 6, "min_zoom": 6.0}}, {"type": "Feature", "geometry": {"type": "LineString", "coordinates": [[98.26775149800005, 11.93390534100007], [98.26872806100005, 11.942287502000056], [98.26091556100005, 11.971136786000045], [98.25220787900008, 11.974758205000057], [98.23585045700003, 11.968329169000071], [98.22706139400003, 11.953924872000073], [98.24610436300003, 11.925441799000055], [98.25375410200007, 11.923081773000092], [98.26156660200007, 11.926174221000053], [98.26775149800005, 11.93390534100007]]}, "properties": {"featurecla": "Coastline", "scalerank": 6, "min_zoom": 6.0}}, {"type": "Feature", "geometry": {"type": "LineString", "coordinates": [[93.04249108200008, 11.96116771000004], [93.01856530000003, 12.015814520000049], [93.02540123800003, 12.03156159100007], [93.01465905000003, 12.037176825000074], [92.98072350400008, 12.036322333000044], [92.95720462300005, 12.008693752000056], [92.94703209700003, 11.98969147300005], [92.95313561300003, 11.98110586100006], [92.96753991000003, 11.978583075000074], [92.99057050900007, 11.954413153000075], [93.02491295700008, 11.940130927000041], [93.03541100400008, 11.911932684000078], [93.04932701900003, 11.896144924000055], [93.06641686300003, 11.899115302000041], [93.04867597700007, 11.952785549000055], [93.04249108200008, 11.96116771000004]]}, "properties": {"featurecla": "Coastline", "scalerank": 5, "min_zoom": 4.0}}, {"type": "Feature", "geometry": {"type": "LineString", "coordinates": [[98.60352623800003, 11.96743398600006], [98.57471764400003, 11.992987372000073], [98.55958092500003, 12.000799872000073], [98.54151451900003, 11.995306708000044], [98.51986738400007, 12.007025458000044], [98.50953209700003, 12.016791083000044], [98.49366295700003, 12.049302476000037], [98.47315514400003, 12.077297268000052], [98.44556725400008, 12.101385809000078], [98.43913821700005, 12.112005927000041], [98.43091881600003, 12.10065338700008], [98.43116295700003, 12.087632554000038], [98.43913821700005, 12.056789455000057], [98.44027754000007, 12.015366929000038], [98.47095787900008, 11.988104559000078], [98.47315514400003, 11.97797272300005], [98.45899498800003, 11.94757721600007], [98.45972741000003, 11.933661200000074], [98.47803795700003, 11.89093659100007], [98.49577884200005, 11.888495184000078], [98.51587975400008, 11.895900783000059], [98.55201256600003, 11.923325914000088], [98.57260175900007, 11.93162669500009], [98.63135826900003, 11.932114976000037], [98.65821373800003, 11.940130927000041], [98.65821373800003, 11.93390534100007], [98.65919030000003, 11.94867584800005], [98.64234459700003, 11.957505601000037], [98.60352623800003, 11.96743398600006]]}, "properties": {"featurecla": "Coastline", "scalerank": 5, "min_zoom": 3.0}}, {"type": "Feature", "geometry": {"type": "LineString", "coordinates": [[93.10328209700003, 12.19049713700008], [93.09848066500007, 12.199408270000049], [93.09107506600003, 12.204250393000052], [93.08204186300003, 12.204779364000046], [93.07325280000003, 12.200832424000055], [93.06625410200007, 12.189846096000053], [93.05933678500003, 12.153550523000092], [93.05958092500003, 12.138739325000074], [93.06430097700007, 12.127142645000049], [93.08545983200008, 12.095851955000057], [93.09424889400003, 12.090969143000052], [93.10328209700003, 12.102036851000037], [93.09498131600003, 12.151760158000059], [93.10328209700003, 12.180080471000053], [93.10328209700003, 12.19049713700008]]}, "properties": {"featurecla": "Coastline", "scalerank": 6, "min_zoom": 6.0}}, {"type": "Feature", "geometry": {"type": "LineString", "coordinates": [[98.09644616000003, 12.187160549000055], [98.09815514400003, 12.199286200000074], [98.11695397200003, 12.221258856000077], [98.12378991000003, 12.259466864000046], [98.11947675900007, 12.275580145000049], [98.10824629000007, 12.284654039000088], [98.07252037900008, 12.289536851000037], [98.05909264400003, 12.281398830000057], [98.04615319100003, 12.26203034100007], [98.03711998800003, 12.239406643000052], [98.03435306100005, 12.221258856000077], [98.03939863400007, 12.20734284100007], [98.05933678500003, 12.187974351000037], [98.07667076900003, 12.161932684000078], [98.08228600400008, 12.15916575700004], [98.10035241000003, 12.16901276200008], [98.11670983200003, 12.16547272300005], [98.12964928500003, 12.153713283000059], [98.13746178500003, 12.138739325000074], [98.14014733200003, 12.148382880000042], [98.13746178500003, 12.190578518000052], [98.13184655000003, 12.198553778000075], [98.11947675900007, 12.19757721600007], [98.09644616000003, 12.187160549000055]]}, "properties": {"featurecla": "Coastline", "scalerank": 5, "min_zoom": 3.0}}, {"type": "Feature", "geometry": {"type": "LineString", "coordinates": [[98.06527754000007, 12.365301825000074], [98.08773847700007, 12.360052802000041], [98.09644616000003, 12.365301825000074], [98.10450280000003, 12.38304271000004], [98.10124759200005, 12.404771226000037], [98.09058678500003, 12.422308661000045], [98.07593834700003, 12.427394924000055], [98.06364993600005, 12.397772528000075], [98.04558353000004, 12.389064846000053], [98.04224694100003, 12.380275783000059], [98.04175866000003, 12.35846588700008], [98.02711022200003, 12.361029364000046], [98.01392662900008, 12.35846588700008], [98.00538170700003, 12.367336330000057], [98.00359134200005, 12.373724677000041], [98.02344811300003, 12.39874909100007], [98.01783287900008, 12.40265534100007], [98.00700931100005, 12.401597398000092], [97.97575931100005, 12.38385651200008], [97.95460045700003, 12.377752997000073], [97.93995201900003, 12.36627838700008], [97.93816165500004, 12.337958075000074], [97.94556725400008, 12.337958075000074], [97.95297285200007, 12.348944403000075], [97.96607506600003, 12.35846588700008], [97.97103925900007, 12.344875393000052], [97.94841556100005, 12.323797919000071], [97.94556725400008, 12.310044664000088], [97.95508873800003, 12.305487372000073], [97.96949303500003, 12.30805084800005], [97.98243248800003, 12.306382554000038], [97.98658287900008, 12.289536851000037], [98.00025475400008, 12.269029039000088], [98.01050866000003, 12.310044664000088], [98.02947024800005, 12.315985419000071], [98.04802493600005, 12.330511786000045], [98.06527754000007, 12.365301825000074]]}, "properties": {"featurecla": "Coastline", "scalerank": 5, "min_zoom": 3.0}}, {"type": "Feature", "geometry": {"type": "LineString", "coordinates": [[98.51417076900003, 12.495591539000088], [98.49984785200007, 12.513088283000059], [98.48853600400008, 12.493312893000052], [98.47429446700005, 12.424994208000044], [98.48210696700005, 12.410589911000045], [98.49561608200003, 12.405829169000071], [98.50855553500003, 12.410305080000057], [98.51417076900003, 12.423651434000078], [98.51685631600003, 12.479437567000048], [98.51417076900003, 12.495591539000088]]}, "properties": {"featurecla": "Coastline", "scalerank": 6, "min_zoom": 6.0}}, {"type": "Feature", "geometry": {"type": "LineString", "coordinates": [[98.25416100400008, 12.567613023000092], [98.25082441500007, 12.560207424000055], [98.23365319100003, 12.553656317000048], [98.23023522200003, 12.516994533000059], [98.23682701900003, 12.50608958500004], [98.26050866000003, 12.495266018000052], [98.28288821700005, 12.503851630000042], [98.28988691500007, 12.526312567000048], [98.25684655000003, 12.57420482000009], [98.25416100400008, 12.567613023000092]]}, "properties": {"featurecla": "Coastline", "scalerank": 6, "min_zoom": 6.0}}, {"type": "Feature", "geometry": {"type": "LineString", "coordinates": [[97.82276451900003, 12.587469794000071], [97.82569420700003, 12.578599351000037], [97.83399498800003, 12.570746161000045], [97.82943769600007, 12.564520575000074], [97.82943769600007, 12.557074286000045], [97.84083092500003, 12.55687083500004], [97.84994550900007, 12.537258205000057], [97.86182701900003, 12.559800523000092], [97.86052493600005, 12.570013739000046], [97.85401451900003, 12.578192450000074], [97.84994550900007, 12.594631252000056], [97.84571373800003, 12.59796784100007], [97.82276451900003, 12.587469794000071]]}, "properties": {"featurecla": "Coastline", "scalerank": 6, "min_zoom": 6.0}}, {"type": "Feature", "geometry": {"type": "LineString", "coordinates": [[98.46631920700003, 12.583726304000038], [98.45093834700003, 12.603989976000037], [98.43816165500004, 12.587388414000088], [98.42546634200005, 12.529730536000045], [98.40121504000007, 12.571682033000059], [98.39812259200005, 12.587469794000071], [98.40552819100003, 12.63898346600007], [98.38746178500003, 12.65766022300005], [98.33301842500003, 12.671210028000075], [98.31560306100005, 12.687445380000042], [98.30201256600003, 12.646307684000078], [98.30274498800003, 12.598578192000048], [98.31413821700005, 12.553290106000077], [98.33301842500003, 12.519232489000046], [98.33383222700007, 12.51235586100006], [98.31560306100005, 12.495591539000088], [98.33423912900008, 12.46002838700008], [98.33611087300005, 12.450913804000038], [98.33301842500003, 12.427394924000055], [98.31902103000004, 12.386379299000055], [98.31560306100005, 12.365301825000074], [98.30201256600003, 12.337958075000074], [98.34994550900007, 12.325913804000038], [98.39128665500004, 12.361517645000049], [98.45582116000003, 12.45774974200009], [98.46534264400003, 12.480658270000049], [98.47022545700003, 12.517523505000042], [98.47071373800003, 12.555975653000075], [98.46631920700003, 12.583726304000038]]}, "properties": {"featurecla": "Coastline", "scalerank": 3, "min_zoom": 3.0}}, {"type": "Feature", "geometry": {"type": "LineString", "coordinates": [[92.73308353000004, 12.972479559000078], [92.72250410200007, 12.98578522300005], [92.70834394600007, 12.988674221000053], [92.68279056100005, 12.961737372000073], [92.68490644600007, 12.945054429000038], [92.67774498800003, 12.890366929000038], [92.67025800900007, 12.867661851000037], [92.68279056100005, 12.797308661000045], [92.69467207100007, 12.80377838700008], [92.69711347700007, 12.83820221600007], [92.72437584700003, 12.872381903000075], [92.72999108200008, 12.895209052000041], [92.73218834700003, 12.945705471000053], [92.73747806100005, 12.961737372000073], [92.73308353000004, 12.972479559000078]]}, "properties": {"featurecla": "Coastline", "scalerank": 5, "min_zoom": 4.0}}, {"type": "Feature", "geometry": {"type": "LineString", "coordinates": [[98.29566491000003, 13.084662177000041], [98.28891035200007, 13.09870026200008], [98.26880944100003, 13.198919989000046], [98.26148522200003, 13.214341539000088], [98.24732506600003, 13.215033270000049], [98.24203535200007, 13.203924872000073], [98.24048912900008, 13.13930898600006], [98.24512780000003, 13.118719794000071], [98.26775149800005, 13.057318427000041], [98.28109785200007, 12.99412669500009], [98.28825931100005, 12.974798895000049], [98.28785241000003, 12.95734284100007], [98.30128014400003, 12.933539130000042], [98.30201256600003, 12.913316148000092], [98.31430097700007, 12.925523179000038], [98.31332441500007, 12.94594961100006], [98.30201256600003, 12.988470770000049], [98.30201256600003, 13.029445705000057], [98.30632571700005, 13.04010651200008], [98.33423912900008, 13.06712474200009], [98.33643639400003, 13.073879299000055], [98.32984459700003, 13.084662177000041], [98.31853274800005, 13.091376044000071], [98.30347741000003, 13.08299388200004], [98.29566491000003, 13.084662177000041]]}, "properties": {"featurecla": "Coastline", "scalerank": 5, "min_zoom": 3.0}}, {"type": "Feature", "geometry": {"type": "LineString", "coordinates": [[93.05274498800003, 13.283880927000041], [93.02556399800005, 13.316148179000038], [93.00456790500004, 13.311835028000075], [92.99048912900008, 13.31781647300005], [92.97934004000007, 13.329779364000046], [92.97706139400003, 13.345363674000055], [92.98438561300003, 13.35643138200004], [92.99512780000003, 13.357367255000042], [93.00367272200003, 13.34861888200004], [93.00424238400007, 13.33104075700004], [93.04688561300003, 13.35740794500009], [93.05787194100003, 13.382879950000074], [93.07837975400008, 13.39712148600006], [93.08008873800003, 13.413031317000048], [93.05958092500003, 13.406805731000077], [93.05372155000003, 13.47142161700009], [93.05502363400007, 13.503078518000052], [93.06641686300003, 13.53709544500009], [93.04997806100005, 13.56639232000009], [93.04249108200008, 13.571234442000048], [93.02279707100007, 13.566107489000046], [93.01628665500004, 13.56736888200004], [93.01172936300003, 13.57811107000009], [93.00456790500004, 13.562201239000046], [93.01172936300003, 13.55076732000009], [92.99732506600003, 13.546698309000078], [92.98438561300003, 13.55760325700004], [92.95850670700008, 13.55023834800005], [92.94971764400003, 13.544623114000046], [92.94548587300005, 13.536932684000078], [92.94288170700008, 13.50922272300005], [92.91553795700008, 13.475734768000052], [92.90186608200008, 13.468247789000088], [92.89503014400003, 13.454575914000088], [92.89503014400003, 13.413031317000048], [92.89136803500003, 13.400946356000077], [92.84742272200003, 13.344916083000044], [92.84115644600007, 13.324896552000041], [92.85417728000004, 13.310614325000074], [92.84986412900008, 13.289007880000042], [92.86394290500004, 13.244696356000077], [92.86402428500003, 13.235500393000052], [92.84278405000003, 13.226996161000045], [92.84473717500003, 13.186997789000088], [92.83366946700005, 13.174017645000049], [92.85417728000004, 13.146063544000071], [92.82960045700008, 13.103461005000042], [92.80925540500004, 13.044745184000078], [92.80795332100007, 13.020086981000077], [92.83025149800005, 13.009507554000038], [92.83472741000003, 13.002020575000074], [92.81324303500003, 12.95807526200008], [92.81324303500003, 12.90648021000004], [92.80030358200008, 12.857814846000053], [92.78565514400003, 12.840033270000049], [92.76539147200003, 12.845119533000059], [92.74089603000004, 12.819647528000075], [92.73747806100005, 12.807196356000077], [92.74488366000003, 12.762518622000073], [92.74773196700005, 12.692694403000075], [92.75473066500007, 12.67719147300005], [92.78321373800003, 12.664984442000048], [92.77898196700005, 12.65265534100007], [92.75473066500007, 12.649562893000052], [92.72681725400008, 12.612982489000046], [92.72169030000003, 12.599432684000078], [92.71778405000003, 12.362494208000044], [92.72234134200005, 12.33779531500005], [92.73365319100003, 12.318060614000046], [92.75473066500007, 12.310044664000088], [92.77849368600005, 12.310126044000071], [92.78695722700007, 12.306301174000055], [92.79265384200005, 12.296372789000088], [92.79420006600003, 12.28318919500009], [92.78939863400007, 12.279486395000049], [92.76449629000007, 12.274318752000056], [92.75879967500003, 12.276556708000044], [92.75855553500003, 12.26593659100007], [92.76775149800005, 12.255438544000071], [92.78239993600005, 12.248602606000077], [92.79265384200005, 12.20766836100006], [92.78402754000007, 12.18935781500005], [92.76539147200003, 12.18032461100006], [92.74105879000007, 12.18032461100006], [92.72779381600003, 12.17283763200004], [92.71949303500003, 12.176255601000037], [92.72437584700003, 12.204250393000052], [92.72095787900008, 12.22654857000009], [92.71306399800005, 12.232570705000057], [92.70386803500003, 12.225165106000077], [92.69711347700007, 12.20766836100006], [92.68970787900008, 12.20766836100006], [92.68181399800005, 12.219631252000056], [92.66822350400008, 12.200995184000078], [92.64527428500003, 12.156073309000078], [92.64014733200008, 12.136135158000059], [92.64185631600003, 12.036322333000044], [92.62501061300003, 12.003119208000044], [92.62134850400008, 11.987941799000055], [92.62940514400003, 11.943752346000053], [92.62452233200008, 11.930161851000037], [92.62134850400008, 11.874945380000042], [92.61768639400003, 11.866400458000044], [92.61085045700008, 11.870510158000059], [92.60767662900008, 11.88279857000009], [92.61451256600003, 11.899115302000041], [92.60027103000004, 11.89549388200004], [92.59473717500003, 11.89874909100007], [92.57715905000003, 11.927394924000055], [92.57056725400008, 11.93260325700004], [92.56299889400003, 11.930161851000037], [92.53972415500004, 11.89443594000005], [92.53199303500003, 11.864976304000038], [92.52491295700008, 11.857489325000074], [92.52808678500003, 11.845892645000049], [92.53435306100005, 11.846869208000044], [92.56324303500003, 11.833929755000042], [92.56666100400008, 11.82713450700004], [92.56666100400008, 11.78620026200008], [92.56031334700003, 11.741359768000052], [92.56324303500003, 11.72557200700004], [92.57984459700003, 11.714178778000075], [92.59595787900008, 11.72016022300005], [92.60377037900008, 11.718898830000057], [92.61451256600003, 11.662990627000056], [92.61963951900003, 11.651312567000048], [92.64283287900008, 11.64524974200009], [92.64869225400008, 11.638495184000078], [92.64568118600005, 11.629828192000048], [92.62794030000003, 11.625148830000057], [92.62134850400008, 11.61859772300005], [92.62566165500004, 11.595404364000046], [92.63355553500003, 11.582586981000077], [92.65463300900007, 11.573797919000071], [92.65479576900003, 11.555894273000092], [92.65894616000003, 11.546291408000059], [92.68970787900008, 11.515570380000042], [92.71314537900008, 11.507310289000088], [92.71697024800005, 11.49445221600007], [92.72673587300005, 11.50617096600007], [92.73511803500003, 11.523871161000045], [92.74488366000003, 11.557114976000037], [92.74488366000003, 11.587591864000046], [92.74756920700008, 11.597845770000049], [92.76539147200003, 11.61859772300005], [92.76148522200003, 11.663641669000071], [92.75855553500003, 11.673244533000059], [92.74610436300003, 11.683742580000057], [92.73601321700005, 11.682440497000073], [92.73023522200003, 11.671454169000071], [92.73121178500003, 11.652736721000053], [92.71070397200003, 11.659572658000059], [92.71070397200003, 11.62173086100006], [92.70639082100007, 11.614488023000092], [92.69678795700008, 11.61123281500005], [92.68702233200008, 11.61155833500004], [92.68279056100005, 11.615179755000042], [92.68392988400007, 11.649888414000088], [92.68995201900003, 11.66006094000005], [92.72291100400008, 11.693793036000045], [92.73454837300005, 11.699286200000074], [92.75473066500007, 11.701117255000042], [92.76002037900008, 11.708685614000046], [92.79688561300003, 11.86513906500005], [92.79948978000004, 11.899115302000041], [92.79590905000003, 11.92218659100007], [92.78793379000007, 11.934515692000048], [92.77637780000003, 11.939276434000078], [92.76197350400008, 11.940130927000041], [92.75375410200007, 11.931586005000042], [92.74488366000003, 11.878648179000038], [92.73747806100005, 11.878648179000038], [92.73747806100005, 11.96116771000004], [92.74057050900007, 11.983628648000092], [92.74561608200008, 11.996649481000077], [92.76539147200003, 12.022040106000077], [92.75855553500003, 12.022040106000077], [92.76368248800003, 12.030951239000046], [92.77125084700003, 12.036078192000048], [92.79265384200005, 12.036322333000044], [92.76726321700005, 12.061224677000041], [92.75749759200005, 12.077460028000075], [92.76880944100003, 12.08470286700009], [92.79932701900003, 12.089544989000046], [92.80892988400007, 12.095770575000074], [92.80640709700003, 12.10455963700008], [92.83366946700005, 12.11823151200008], [92.83366946700005, 12.125677802000041], [92.82740319100003, 12.140122789000088], [92.87452233200008, 12.183742580000057], [92.87256920700008, 12.20148346600007], [92.89161217500003, 12.200832424000055], [92.89421634200005, 12.205023505000042], [92.87989342500003, 12.24359772300005], [92.90186608200008, 12.269029039000088], [92.90015709700003, 12.28318919500009], [92.88575280000003, 12.29555898600006], [92.87924238400007, 12.312974351000037], [92.91277103000004, 12.333644924000055], [92.91504967500003, 12.338364976000037], [92.90186608200008, 12.34479401200008], [92.90251712300005, 12.357123114000046], [92.89405358200008, 12.368109442000048], [92.87110436300003, 12.37889232000009], [92.86361738400007, 12.38548411700009], [92.85352623800003, 12.416815497000073], [92.84669030000003, 12.427394924000055], [92.84669030000003, 12.433539130000042], [92.87330162900008, 12.431382554000038], [92.90186608200008, 12.433539130000042], [92.89503014400003, 12.454657294000071], [92.91586347700007, 12.44086334800005], [92.92920983200008, 12.41990794500009], [92.93604576900003, 12.41990794500009], [92.93864993600005, 12.43813711100006], [92.96241295700008, 12.454413153000075], [92.97022545700008, 12.468329169000071], [92.95590254000007, 12.477443752000056], [92.99057050900007, 12.519232489000046], [92.98902428500003, 12.59210846600007], [92.97291100400008, 12.628119208000044], [92.97681725400008, 12.65493398600006], [92.99057050900007, 12.701117255000042], [92.99048912900008, 12.724310614000046], [92.98438561300003, 12.74510325700004], [92.97315514400003, 12.764349677000041], [92.95655358200008, 12.783026434000078], [92.96802819100003, 12.803168036000045], [92.96070397200003, 12.847154039000088], [92.96404056100005, 12.864935614000046], [92.94068444100003, 12.88930898600006], [92.93262780000003, 12.89288971600007], [92.92448978000004, 12.91437409100007], [92.91553795700008, 12.919582424000055], [92.90552819100003, 12.906073309000078], [92.89633222700007, 12.899725653000075], [92.88453209700003, 12.903469143000052], [92.87680097700007, 12.911525783000059], [92.87631269600007, 12.91665273600006], [92.90528405000003, 12.982245184000078], [92.92741946700005, 12.981024481000077], [92.93474368600005, 12.973049221000053], [92.93604576900003, 12.954291083000044], [92.94288170700008, 12.954291083000044], [92.95264733200008, 12.970770575000074], [92.95622806100005, 12.981675523000092], [92.95069420700008, 12.993638414000088], [92.93262780000003, 13.013006903000075], [92.92839603000004, 13.027492580000057], [92.92888431100005, 13.050197658000059], [92.93702233200008, 13.067084052000041], [92.95655358200008, 13.064154364000046], [92.95655358200008, 13.084662177000041], [92.96404056100005, 13.084662177000041], [92.96656334700003, 13.07217031500005], [92.96143639400003, 13.048163153000075], [92.96404056100005, 13.036851304000038], [92.97087649800005, 13.030747789000088], [92.97934004000007, 13.02952708500004], [92.98682701900003, 13.033677476000037], [92.99057050900007, 13.04368724200009], [92.99805748800003, 13.04368724200009], [93.01954186300003, 13.033636786000045], [93.03679446700005, 13.062160549000055], [93.05274498800003, 13.13304271000004], [93.05258222700007, 13.196966864000046], [93.05689537900008, 13.224798895000049], [93.07943769600007, 13.259833075000074], [93.07569420700008, 13.269110419000071], [93.05274498800003, 13.283880927000041]]}, "properties": {"featurecla": "Coastline", "scalerank": 3, "min_zoom": 2.0}}, {"type": "Feature", "geometry": {"type": "LineString", "coordinates": [[93.03907311300003, 13.667466539000088], [93.03321373800003, 13.680243231000077], [93.01954186300003, 13.680121161000045], [92.99057050900007, 13.667466539000088], [93.00049889400003, 13.657700914000088], [93.05274498800003, 13.640204169000071], [93.03907311300003, 13.667466539000088]]}, "properties": {"featurecla": "Coastline", "scalerank": 6, "min_zoom": 6.0}}, {"type": "Feature", "geometry": {"type": "LineString", "coordinates": [[97.93189537900008, 13.85927969000005], [97.91871178500003, 13.853257554000038], [97.91431725400008, 13.82843659100007], [97.91773522200003, 13.783596096000053], [97.92505944100003, 13.783596096000053], [97.92847741000003, 13.821112372000073], [97.93238366000003, 13.840399481000077], [97.93816165500004, 13.85179271000004], [97.93189537900008, 13.85927969000005]]}, "properties": {"featurecla": "Coastline", "scalerank": 6, "min_zoom": 6.0}}, {"type": "Feature", "geometry": {"type": "LineString", "coordinates": [[93.39600670700008, 14.140448309000078], [93.39031009200005, 14.15375397300005], [93.38599694100003, 14.150864976000037], [93.38331139400003, 14.138373114000046], [93.37484785200007, 14.06468333500004], [93.39478600400008, 14.076361395000049], [93.40015709700003, 14.095648505000042], [93.39600670700008, 14.140448309000078]]}, "properties": {"featurecla": "Coastline", "scalerank": 6, "min_zoom": 6.0}}, {"type": "Feature", "geometry": {"type": "LineString", "coordinates": [[93.67579186300003, 14.859198309000078], [93.69044030000003, 14.858099677000041], [93.70443769600007, 14.87099844000005], [93.72437584700003, 14.907619533000059], [93.72437584700003, 14.913804429000038], [93.70386803500003, 14.904445705000057], [93.68669681100005, 14.87205638200004], [93.67579186300003, 14.859198309000078]]}, "properties": {"featurecla": "Coastline", "scalerank": 6, "min_zoom": 6.0}}, {"type": "Feature", "geometry": {"type": "LineString", "coordinates": [[97.66439863400007, 15.565578518000052], [97.66016686300003, 15.58038971600007], [97.65088951900003, 15.592230536000045], [97.65748131600003, 15.523871161000045], [97.66439863400007, 15.504095770000049], [97.67237389400003, 15.533351955000057], [97.67164147200003, 15.549994208000044], [97.66439863400007, 15.565578518000052]]}, "properties": {"featurecla": "Coastline", "scalerank": 6, "min_zoom": 6.0}}, {"type": "Feature", "geometry": {"type": "LineString", "coordinates": [[94.82797285200007, 15.932033596000053], [94.82325280000003, 15.945786851000037], [94.80681399800005, 15.93109772300005], [94.78003991000003, 15.893947658000059], [94.75928795700003, 15.852240302000041], [94.74480228000004, 15.832709052000041], [94.72486412900008, 15.818793036000045], [94.72486412900008, 15.81195709800005], [94.74789472700007, 15.79946523600006], [94.77784264400003, 15.791571356000077], [94.80372155000003, 15.796576239000046], [94.81910241000003, 15.83470286700009], [94.83741295700003, 15.864406643000052], [94.84156334700003, 15.877427476000037], [94.82797285200007, 15.932033596000053]]}, "properties": {"featurecla": "Coastline", "scalerank": 5, "min_zoom": 4.0}}, {"type": "Feature", "geometry": {"type": "LineString", "coordinates": [[94.66211998800003, 16.221869208000044], [94.64283287900008, 16.24551015800006], [94.61158287900008, 16.22174713700008], [94.54932701900003, 16.148993231000077], [94.51880944100003, 16.120428778000075], [94.48536217500003, 16.058986721000053], [94.45297285200007, 16.03388092700004], [94.41724694100003, 16.018459377000056], [94.38965905000003, 16.000921942000048], [94.38233483200003, 15.969631252000056], [94.40919030000003, 15.907456773000092], [94.41724694100003, 15.871771552000041], [94.40267988400007, 15.84674713700008], [94.40267988400007, 15.839260158000059], [94.41016686300003, 15.839260158000059], [94.43311608200003, 15.869614976000037], [94.44092858200003, 15.88540273600006], [94.43677819100003, 15.90070221600007], [94.47836347700007, 15.942328192000048], [94.47803795700003, 15.966131903000075], [94.49903405000003, 15.980169989000046], [94.56959069100003, 16.005194403000075], [94.57960045700003, 16.01325104400007], [94.62964928500003, 16.07518138200004], [94.65463300900007, 16.121975002000056], [94.66749108200003, 16.171942450000074], [94.66211998800003, 16.221869208000044]]}, "properties": {"featurecla": "Coastline", "scalerank": 5, "min_zoom": 3.0}}, {"type": "Feature", "geometry": {"type": "LineString", "coordinates": [[97.58936608200003, 16.415269273000092], [97.61060631600003, 16.446234442000048], [97.60629316500007, 16.483547268000052], [97.56185957100007, 16.49237702000005], [97.52051842500003, 16.510891018000052], [97.48601321700005, 16.50096263200004], [97.46998131600003, 16.49046458500004], [97.45964603000004, 16.477362372000073], [97.46615644600007, 16.46702708500004], [97.45215905000003, 16.44940827000005], [97.45476321700005, 16.43691640800006], [97.47266686300003, 16.40843333500004], [97.48015384200005, 16.389105536000045], [97.48487389400003, 16.36391836100006], [97.48275800900007, 16.34202708500004], [97.46924889400003, 16.33270905200004], [97.45926940600003, 16.301362208000057], [97.49927819100003, 16.26951732000009], [97.51050866000003, 16.25421784100007], [97.51685669700004, 16.209823449000055], [97.54746101900008, 16.199927595000077], [97.57136418100004, 16.22269311900004], [97.56635441500003, 16.253719653000076], [97.56885826900003, 16.298570054000038], [97.57178795700003, 16.31207916900007], [97.58936608200003, 16.34015534100007], [97.58936608200003, 16.415269273000092]]}, "properties": {"featurecla": "Coastline", "scalerank": 5, "min_zoom": 3.0}}, {"type": "Feature", "geometry": {"type": "LineString", "coordinates": [[93.74537194100003, 18.799994208000044], [93.75163821700005, 18.84088776200008], [93.74952233200008, 18.865179755000042], [93.74244225400008, 18.872300523000035], [93.70753014400003, 18.86823151200008], [93.66334069100003, 18.873195705000057], [93.64177493600005, 18.88934967700004], [93.62175540500004, 18.91034577000005], [93.61109459700003, 18.90525950700004], [93.59986412900008, 18.890448309000078], [93.57715905000003, 18.88190338700008], [93.48414147200003, 18.87498607000009], [93.49781334700003, 18.84088776200008], [93.59400475400008, 18.731024481000077], [93.61850019600007, 18.711493231000077], [93.63038170700008, 18.69920482000009], [93.63550866000003, 18.686672268000052], [93.64527428500003, 18.679348049000055], [93.69312584700003, 18.673773505000042], [93.71127363400007, 18.67645905200004], [93.73194420700008, 18.68968333500004], [93.74683678500003, 18.708807684000078], [93.75603274800005, 18.73151276200008], [93.75904381600003, 18.755560614000046], [93.74537194100003, 18.799994208000044]]}, "properties": {"featurecla": "Coastline", "scalerank": 3, "min_zoom": 3.0}}, {"type": "Feature", "geometry": {"type": "LineString", "coordinates": [[93.97071373800003, 19.416937567000048], [93.95622806100005, 19.432521877000056], [93.88021894600007, 19.47919342700004], [93.85808353000004, 19.482489325000074], [93.83659915500004, 19.479396877000056], [93.81999759200005, 19.471502997000073], [93.75538170700008, 19.52301666900007], [93.74048912900008, 19.546698309000078], [93.72364342500003, 19.556382554000038], [93.68816165500004, 19.559475002000056], [93.64918053500003, 19.51312897300005], [93.65658613400007, 19.497381903000075], [93.65219160200007, 19.493312893000052], [93.64177493600005, 19.492010809000078], [93.65894616000003, 19.457505601000037], [93.66911868600005, 19.446478583000044], [93.68336022200003, 19.437445380000042], [93.71631920700008, 19.427394924000055], [93.73047936300003, 19.419256903000075], [93.73804772200003, 19.403265692000048], [93.73666425900007, 19.396958726000037], [93.72673587300005, 19.39667389500005], [93.72535241000003, 19.386867580000057], [93.73121178500003, 19.379055080000057], [93.73340905000003, 19.36786530200004], [93.74317467500003, 19.35545482000009], [93.74984785200007, 19.333319403000075], [93.77377363400007, 19.298773505000042], [93.78565514400003, 19.28656647300005], [93.80274498800003, 19.276678778000075], [93.85694420700008, 19.27887604400007], [93.86491946700005, 19.282863674000055], [93.86638431100005, 19.291083075000074], [93.86280358200008, 19.307766018000052], [93.87517337300005, 19.31391022300005], [93.87916100400008, 19.312201239000046], [93.88355553500003, 19.30149974200009], [93.88941491000003, 19.299627997000073], [93.89893639400003, 19.303290106000077], [93.91716556100005, 19.318304755000042], [93.94019616000003, 19.34861888200004], [93.96583092500003, 19.363023179000038], [93.97234134200005, 19.38182200700004], [93.97364342500003, 19.402736721000053], [93.97071373800003, 19.416937567000048]]}, "properties": {"featurecla": "Coastline", "scalerank": 5, "min_zoom": 3.0}}, {"type": "Feature", "geometry": {"type": "LineString", "coordinates": [[93.50521894600007, 19.80731842700004], [93.50114993600005, 19.825384833000044], [93.50521894600007, 19.872219143000052], [93.49878991000003, 19.88703034100007], [93.47055097700007, 19.905218817000048], [93.46119225400008, 19.91950104400007], [93.44263756600003, 19.93813711100006], [93.42204837300005, 19.95136139500005], [93.40284264400003, 19.953070380000042], [93.40674889400003, 19.920477606000077], [93.44068444100003, 19.810939846000053], [93.45679772200003, 19.788763739000046], [93.51197350400008, 19.745835679000038], [93.51832116000003, 19.76194896000004], [93.51685631600003, 19.777167059000078], [93.50521894600007, 19.80731842700004]]}, "properties": {"featurecla": "Coastline", "scalerank": 5, "min_zoom": 3.0}}, {"type": "Feature", "geometry": {"type": "LineString", "coordinates": [[92.96404056100005, 20.03668854400007], [92.95850670700008, 20.05487702000005], [92.94646243600005, 20.07050202000005], [92.92269941500007, 20.087632554000038], [92.91684004000007, 20.08893463700008], [92.91195722700007, 20.08470286700009], [92.90943444100003, 20.06509023600006], [92.91976972700007, 20.05573151200008], [92.92579186300003, 20.033758856000077], [92.98747806100005, 19.92519765800006], [93.00123131600003, 19.906642971000053], [93.00855553500003, 19.889878648000035], [93.01319420700008, 19.846502997000073], [93.01856530000003, 19.827826239000046], [93.02491295700008, 19.827826239000046], [93.02198326900003, 19.87018463700008], [93.01465905000003, 19.905585028000075], [92.96404056100005, 20.03668854400007]]}, "properties": {"featurecla": "Coastline", "scalerank": 5, "min_zoom": 3.0}}, {"type": "Feature", "geometry": {"type": "LineString", "coordinates": [[88.87289472700007, 21.595526434000078], [88.84131920700008, 21.61399974200009], [88.83082116000003, 21.577378648000035], [88.83871504000007, 21.53192780200004], [88.86247806100005, 21.523586330000057], [88.87973066500007, 21.52997467700004], [88.90796959700003, 21.53070709800005], [88.91391035200007, 21.54840729400007], [88.91130618600005, 21.566880601000037], [88.90202884200005, 21.58026764500005], [88.87289472700007, 21.595526434000078]]}, "properties": {"featurecla": "Coastline", "scalerank": 6, "min_zoom": 5.0}}, {"type": "Feature", "geometry": {"type": "LineString", "coordinates": [[91.93555748800003, 21.75999583500004], [91.93555748800003, 21.78115469000005], [91.90121504000007, 21.774318752000056], [91.90837649800005, 21.75218333500004], [91.90951582100007, 21.72679271000004], [91.90333092500003, 21.702866929000038], [91.88770592500003, 21.68496328300006], [91.90284264400003, 21.730292059000078], [91.89795983200008, 21.743312893000052], [91.88331139400003, 21.75389232000009], [91.87232506600003, 21.754828192000048], [91.86296634200005, 21.74559153900009], [91.85352623800003, 21.725816148000035], [91.84791100400008, 21.688788153000075], [91.86890709700003, 21.622219143000052], [91.87403405000003, 21.581854559000078], [91.87110436300003, 21.547674872000073], [91.85547936300003, 21.526678778000075], [91.85523522200003, 21.519476630000042], [91.86255944100003, 21.494940497000073], [91.87712649800005, 21.481024481000077], [91.88770592500003, 21.480129299000055], [91.89966881600003, 21.486029364000046], [91.89454186300003, 21.506781317000048], [91.91407311300003, 21.509466864000046], [91.93921959700003, 21.50535716400009], [91.96111087300005, 21.50617096600007], [91.97022545700008, 21.523586330000057], [91.98389733200008, 21.609198309000078], [91.97486412900008, 21.64874909100007], [91.93873131600003, 21.71482982000009], [91.93555748800003, 21.75999583500004]]}, "properties": {"featurecla": "Coastline", "scalerank": 5, "min_zoom": 3.0}}, {"type": "Feature", "geometry": {"type": "LineString", "coordinates": [[88.05054772200003, 21.70538971600007], [88.04224694100003, 21.66815827000005], [88.04314212300005, 21.65761953300006], [88.05176842500003, 21.64158763200004], [88.06348717500003, 21.636664130000042], [88.09156334700003, 21.636542059000078], [88.13005618600005, 21.625921942000048], [88.13941491000003, 21.63031647300005], [88.14600670700008, 21.643744208000044], [88.14437910200007, 21.65778229400007], [88.13257897200003, 21.68496328300006], [88.16342207100007, 21.705471096000053], [88.16700280000003, 21.765448309000078], [88.14673912900008, 21.86985911700009], [88.11931399800005, 21.859523830000057], [88.09001712300005, 21.808661200000074], [88.05054772200003, 21.70538971600007]]}, "properties": {"featurecla": "Coastline", "scalerank": 5, "min_zoom": 6.0}}, {"type": "Feature", "geometry": {"type": "LineString", "coordinates": [[89.11573326900003, 21.78115469000005], [89.09278405000003, 21.793402411000045], [89.08130944100003, 21.82294342700004], [89.06763756600003, 21.904364325000074], [89.05738366000003, 21.917669989000046], [89.04566491000003, 21.91705963700008], [89.04468834700003, 21.90778229400007], [89.06381269600007, 21.841457424000055], [89.06421959700003, 21.822088934000078], [89.05152428500003, 21.79319896000004], [89.10230553500003, 21.736761786000045], [89.13249759200005, 21.721625067000048], [89.14470462300005, 21.73932526200008], [89.13900800900007, 21.766831773000035], [89.11573326900003, 21.78115469000005]]}, "properties": {"featurecla": "Coastline", "scalerank": 6, "min_zoom": 5.0}}, {"type": "Feature", "geometry": {"type": "LineString", "coordinates": [[88.63624108200008, 21.92137278900009], [88.61646569100003, 21.89793528900009], [88.59864342500003, 21.86985911700009], [88.58627363400007, 21.843003648000035], [88.58497155000003, 21.826605536000045], [88.59180748800003, 21.804388739000046], [88.64633222700007, 21.787909247000073], [88.64918053500003, 21.842352606000077], [88.67058353000004, 21.907416083000044], [88.66325931100005, 21.92129140800006], [88.65015709700003, 21.927435614000046], [88.63624108200008, 21.92137278900009]]}, "properties": {"featurecla": "Coastline", "scalerank": 6, "min_zoom": 5.0}}, {"type": "Feature", "geometry": {"type": "LineString", "coordinates": [[91.88770592500003, 21.866156317000048], [91.87273196700005, 21.925604559000078], [91.86719811300003, 21.93195221600007], [91.84343509200005, 21.90696849200009], [91.83619225400008, 21.89411041900007], [91.83253014400003, 21.876695054000038], [91.83985436300003, 21.825506903000075], [91.82398522200003, 21.742621161000045], [91.83253014400003, 21.725816148000035], [91.84107506600003, 21.73541901200008], [91.86280358200008, 21.789984442000048], [91.87037194100003, 21.824611721000053], [91.88445071700005, 21.85028717700004], [91.88770592500003, 21.866156317000048]]}, "properties": {"featurecla": "Coastline", "scalerank": 5, "min_zoom": 4.0}}, {"type": "Feature", "geometry": {"type": "LineString", "coordinates": [[88.08090254000007, 21.849351304000038], [88.10499108200008, 21.861151434000078], [88.12501061300003, 21.88865794500009], [88.13257897200003, 21.920477606000077], [88.11890709700003, 21.945013739000046], [88.10572350400008, 21.94757721600007], [88.09424889400003, 21.937892971000053], [88.07732181100005, 21.90460846600007], [88.07105553500003, 21.873602606000077], [88.07227623800003, 21.856756903000075], [88.08090254000007, 21.849351304000038]]}, "properties": {"featurecla": "Coastline", "scalerank": 6, "min_zoom": 6.0}}, {"type": "Feature", "geometry": {"type": "LineString", "coordinates": [[90.59351647200003, 21.98655833500004], [90.52198326900003, 21.938788153000075], [90.51539147200003, 21.92129140800006], [90.51693769600007, 21.90448639500005], [90.51042728000004, 21.89785390800006], [90.51791425900007, 21.89325592700004], [90.53150475400008, 21.876695054000038], [90.50359134200005, 21.86985911700009], [90.50359134200005, 21.862453518000052], [90.52125084700003, 21.861476955000057], [90.54078209700003, 21.875921942000048], [90.55713951900003, 21.89752838700008], [90.56560306100005, 21.917669989000046], [90.57252037900008, 21.917669989000046], [90.58082116000003, 21.912502346000053], [90.59083092500003, 21.93512604400007], [90.60661868600005, 21.938788153000075], [90.59351647200003, 21.966131903000075], [90.59351647200003, 21.98655833500004]]}, "properties": {"featurecla": "Coastline", "scalerank": 6, "min_zoom": 6.0}}, {"type": "Feature", "geometry": {"type": "LineString", "coordinates": [[90.33220462300005, 21.938788153000075], [90.32252037900008, 21.91669342700004], [90.31861412900008, 21.89280833500004], [90.31861412900008, 21.846258856000077], [90.32292728000004, 21.843898830000057], [90.34156334700003, 21.860296942000048], [90.36548912900008, 21.938706773000035], [90.39063561300003, 21.978257554000038], [90.39429772200003, 22.00023021000004], [90.37142988400007, 21.99477773600006], [90.35401451900003, 21.97675202000005], [90.33220462300005, 21.938788153000075]]}, "properties": {"featurecla": "Coastline", "scalerank": 6, "min_zoom": 6.0}}, {"type": "Feature", "geometry": {"type": "LineString", "coordinates": [[90.38746178500003, 22.048041083000044], [90.37387129000007, 22.04555898600006], [90.35865319100003, 22.022691148000035], [90.33961022200003, 21.972316799000055], [90.34595787900008, 21.972316799000055], [90.35279381600003, 21.992987372000073], [90.38111412900008, 22.023098049000055], [90.38746178500003, 22.048041083000044]]}, "properties": {"featurecla": "Coastline", "scalerank": 6, "min_zoom": 6.0}}, {"type": "Feature", "geometry": {"type": "LineString", "coordinates": [[90.43523196700005, 22.04120514500005], [90.42847741000003, 22.048041083000044], [90.41553795700008, 22.038316148000035], [90.41187584700003, 22.02871328300006], [90.41423587300005, 21.99713776200008], [90.41187584700003, 21.97601959800005], [90.39429772200003, 21.938788153000075], [90.39454186300003, 21.92145416900007], [90.40235436300003, 21.90688711100006], [90.41553795700008, 21.900539455000057], [90.43189537900008, 21.90778229400007], [90.45484459700003, 21.93305084800005], [90.47632897200003, 21.945013739000046], [90.48617597700007, 21.97679271000004], [90.47331790500004, 22.003648179000038], [90.43523196700005, 22.04120514500005]]}, "properties": {"featurecla": "Coastline", "scalerank": 6, "min_zoom": 6.0}}, {"type": "Feature", "geometry": {"type": "LineString", "coordinates": [[90.54444420700008, 22.061672268000052], [90.50896243600005, 22.033148505000042], [90.50359134200005, 22.02411530200004], [90.50904381600003, 21.99941640800006], [90.51954186300003, 21.994696356000077], [90.53834069100003, 22.00023021000004], [90.55974368600005, 22.02374909100007], [90.57455488400007, 22.096136786000045], [90.58619225400008, 22.130560614000046], [90.59180748800003, 22.119086005000042], [90.59351647200003, 22.10260651200008], [90.61345462300005, 22.16404857000009], [90.60450280000003, 22.16559479400007], [90.59278405000003, 22.159409898000035], [90.57252037900008, 22.13739655200004], [90.56006920700008, 22.13768138200004], [90.53345787900008, 22.11005280200004], [90.50310306100005, 22.09634023600006], [90.49170983200008, 22.080145575000074], [90.48560631600003, 22.058335679000038], [90.48365319100003, 22.034979559000078], [90.48991946700005, 22.034979559000078], [90.49537194100003, 22.044989325000074], [90.53834069100003, 22.068508205000057], [90.54444420700008, 22.061672268000052]]}, "properties": {"featurecla": "Coastline", "scalerank": 5, "min_zoom": 6.0}}, {"type": "Feature", "geometry": {"type": "LineString", "coordinates": [[90.94174238400007, 22.205023505000042], [90.93555748800003, 22.21246979400007], [90.92025800900007, 22.16006094000005], [90.91920006600003, 22.132147528000075], [90.92937259200005, 22.116888739000046], [90.94898522200003, 22.121649481000077], [90.95671634200005, 22.14484284100007], [90.95671634200005, 22.198879299000055], [90.95118248800003, 22.21246979400007], [90.94174238400007, 22.205023505000042]]}, "properties": {"featurecla": "Coastline", "scalerank": 6, "min_zoom": 6.0}}, {"type": "Feature", "geometry": {"type": "LineString", "coordinates": [[90.97641035200007, 22.18577708500004], [90.98780358200008, 22.195379950000074], [90.99480228000004, 22.213812567000048], [90.99781334700003, 22.23509349200009], [90.99691816500007, 22.25348541900007], [90.98292076900003, 22.25918203300006], [90.97706139400003, 22.239203192000048], [90.97641035200007, 22.18577708500004]]}, "properties": {"featurecla": "Coastline", "scalerank": 6, "min_zoom": 6.0}}, {"type": "Feature", "geometry": {"type": "LineString", "coordinates": [[90.95289147200003, 22.22675202000005], [90.99008222700007, 22.281398830000057], [90.99439537900008, 22.302069403000075], [90.98951256600003, 22.340765692000048], [90.98389733200008, 22.355902411000045], [90.97641035200007, 22.363348700000074], [90.96615644600007, 22.347398179000038], [90.96021569100003, 22.32298411700009], [90.95671634200005, 22.27765534100007], [90.94019616000003, 22.24681224200009], [90.93718509200005, 22.23273346600007], [90.95289147200003, 22.22675202000005]]}, "properties": {"featurecla": "Coastline", "scalerank": 6, "min_zoom": 6.0}}, {"type": "Feature", "geometry": {"type": "LineString", "coordinates": [[91.14884715400007, 22.35705696800005], [91.12689879300007, 22.37486481800005], [91.09225698400007, 22.391338292000057], [91.07480066300008, 22.38858982700009], [91.06911953400004, 22.311029637000047], [91.06827393900005, 22.240732781000077], [91.05909264400003, 22.19204336100006], [91.05225670700008, 22.175441799000055], [91.03395508300008, 22.148779882000042], [91.00511111500003, 22.116821943000048], [91.01125716900003, 22.10209066500005], [91.02247155000003, 22.094875393000052], [91.06329364900006, 22.089847552000037], [91.08240771900006, 22.10138252300004], [91.09368931800003, 22.11885882200005], [91.10637395300006, 22.12165790000006], [91.14146765000004, 22.146201361000067], [91.18678466200004, 22.22775746500008], [91.18140709700003, 22.283596096000053], [91.17139733200008, 22.319647528000075], [91.15645027600004, 22.332078852000052], [91.14884715400007, 22.35705696800005]]}, "properties": {"featurecla": "Coastline", "scalerank": 5, "min_zoom": 3.0}}, {"type": "Feature", "geometry": {"type": "LineString", "coordinates": [[90.61963951900003, 22.424750067000048], [90.64014733200008, 22.349676825000074], [90.63331139400003, 22.349676825000074], [90.63502037900008, 22.317613023000035], [90.64014733200008, 22.308742580000057], [90.64673912900008, 22.32607656500005], [90.64039147200003, 22.366034247000073], [90.64747155000003, 22.38377513200004], [90.66114342500003, 22.355902411000045], [90.65870201900003, 22.37954336100006], [90.64771569100003, 22.40721263200004], [90.63314863400007, 22.43162669500009], [90.61443118600005, 22.449042059000078], [90.60157311300003, 22.44830963700008], [90.59913170700008, 22.44212474200009], [90.60141035200007, 22.42918528900009], [90.61361738400007, 22.428615627000056], [90.61963951900003, 22.424750067000048]]}, "properties": {"featurecla": "Coastline", "scalerank": 6, "min_zoom": 6.0}}, {"type": "Feature", "geometry": {"type": "LineString", "coordinates": [[90.64747155000003, 22.424750067000048], [90.66732832100007, 22.43903229400007], [90.66529381600003, 22.469142971000053], [90.66114342500003, 22.48004791900007], [90.65349368600005, 22.48346588700008], [90.64747155000003, 22.424750067000048]]}, "properties": {"featurecla": "Coastline", "scalerank": 6, "min_zoom": 6.0}}, {"type": "Feature", "geometry": {"type": "LineString", "coordinates": [[91.15861860500007, 22.503423074000068], [91.12356215000005, 22.48914556400007], [91.11370966000004, 22.46141485000004], [91.13416328800008, 22.449480400000084], [91.15953324100008, 22.45067424700005], [91.20101719800005, 22.47219599600004], [91.21083048600008, 22.495521457000052], [91.19998796600004, 22.514694415000065], [91.15861860500007, 22.503423074000068]]}, "properties": {"featurecla": "Coastline", "scalerank": 6, "min_zoom": 6.0}}, {"type": "Feature", "geometry": {"type": "LineString", "coordinates": [[91.46755661400005, 22.58630965100008], [91.44676458700008, 22.57630398300006], [91.42378639900005, 22.525301950000085], [91.42965828600006, 22.493002901000068], [91.44651727100006, 22.453242453000087], [91.47605216500006, 22.413317257000074], [91.50751921700004, 22.396796588000086], [91.55517907800004, 22.402031244000057], [91.56363308400006, 22.435621052000045], [91.55636062500008, 22.478210170000068], [91.46755661400005, 22.58630965100008]]}, "properties": {"featurecla": "Coastline", "scalerank": 5, "min_zoom": 3.0}}, {"type": "Feature", "geometry": {"type": "LineString", "coordinates": [[90.79055251900007, 22.495333023000057], [90.76694021600008, 22.51753139100009], [90.75450738500007, 22.54843435400005], [90.74697855800008, 22.59690680300008], [90.71550702300004, 22.638283560000048], [90.68409525200008, 22.694372801000043], [90.67154649400004, 22.722410315000047], [90.65056399800005, 22.78742096600007], [90.61345462300005, 22.781683661000045], [90.58545983200008, 22.768052476000037], [90.57862389400003, 22.757025458000044], [90.55632571700005, 22.674709377000056], [90.55396569100003, 22.639797268000052], [90.55876712300005, 22.60293203300006], [90.57496178500003, 22.598863023000035], [90.64747155000003, 22.54828522300005], [90.65894616000003, 22.52440013200004], [90.67058353000004, 22.46385325700004], [90.68181399800005, 22.445257880000042], [90.67774498800003, 22.426703192000048], [90.68799889400003, 22.37763092700004], [90.68189537900008, 22.36041901200008], [90.68181399800005, 22.301906643000052], [90.67847741000003, 22.28278229400007], [90.67351321700005, 22.266424872000073], [90.63184655000003, 22.182114976000037], [90.62224368600005, 22.145086981000077], [90.63331139400003, 22.123114325000074], [90.61898847700007, 22.101304429000038], [90.60775800900007, 22.072333075000074], [90.60352623800003, 22.04401276200008], [90.61003665500004, 22.02411530200004], [90.62598717500003, 22.027167059000078], [90.68181399800005, 22.10260651200008], [90.63941491000003, 22.016099351000037], [90.64747155000003, 21.99404531500005], [90.65772545700008, 21.99286530200004], [90.69166100400008, 22.007025458000044], [90.71778405000003, 22.04840729400007], [90.72706139400003, 22.05369700700004], [90.75001061300003, 22.075995184000078], [90.75733483200008, 22.061672268000052], [90.77475019600007, 22.075913804000038], [90.82789147200003, 22.152411200000074], [90.83619225400008, 22.178168036000045], [90.83502200900006, 22.339615964000075], [90.85502409100008, 22.43466514000005], [90.83463688000006, 22.45829561000005], [90.79055251900007, 22.495333023000057]]}, "properties": {"featurecla": "Coastline", "scalerank": 5, "min_zoom": 0.0}}, {"type": "Feature", "geometry": {"type": "LineString", "coordinates": [[90.64525350300005, 22.84928934900006], [90.62676027600003, 22.857215927000084], [90.60661868600005, 22.87726471600007], [90.59229576900003, 22.88190338700008], [90.54444420700008, 22.880682684000078], [90.53760826900003, 22.86676666900007], [90.52116946700005, 22.86465078300006], [90.48682701900003, 22.870428778000075], [90.47339928500003, 22.86513906500005], [90.46607506600003, 22.85175202000005], [90.46314537900008, 22.834051825000074], [90.46420332100007, 22.77887604400007], [90.45573978000004, 22.767401434000078], [90.48292076900003, 22.75975169500009], [90.49284915500004, 22.753241278000075], [90.49822024800005, 22.73383209800005], [90.52099282900008, 22.71176534400007], [90.53461211700005, 22.72877529100009], [90.52967723600005, 22.74436306800004], [90.53155868500005, 22.769236749000072], [90.54656009200005, 22.783677476000037], [90.56177819100003, 22.788804429000038], [90.59095563400007, 22.813918922000084], [90.62805225200003, 22.812082197000052], [90.66236412900008, 22.805487372000073], [90.67823326900003, 22.808335679000038], [90.64525350300005, 22.84928934900006]]}, "properties": {"featurecla": "Coastline", "scalerank": 5, "min_zoom": 6.0}}, {"type": "Feature", "geometry": {"type": "LineString", "coordinates": [[90.66732832100007, 22.95302969000005], [90.66732832100007, 22.95917389500005], [90.64535566500007, 22.97483958500004], [90.60726972700007, 23.018133856000077], [90.58619225400008, 23.034898179000038], [90.56128991000003, 23.03261953300006], [90.52800540500004, 23.007635809000078], [90.50806725400008, 22.975775458000044], [90.52409915500004, 22.95302969000005], [90.56169681100005, 22.951564846000053], [90.57252037900008, 22.95302969000005], [90.58871504000007, 22.962062893000052], [90.59913170700008, 22.95917389500005], [90.60767662900008, 22.95258209800005], [90.61963951900003, 22.932521877000056], [90.62712649800005, 22.925034898000035], [90.63624108200008, 22.92133209800005], [90.66732832100007, 22.91819896000004], [90.65463300900007, 22.937323309000078], [90.63331139400003, 22.95302969000005], [90.66732832100007, 22.95302969000005]]}, "properties": {"featurecla": "Coastline", "scalerank": 5, "min_zoom": 4.0}}, {"type": "Feature", "geometry": {"type": "LineString", "coordinates": [[90.51042728000004, 23.06903717700004], [90.49439537900008, 23.062933661000045], [90.45573978000004, 23.06281159100007], [90.46949303500003, 23.007635809000078], [90.47779381600003, 23.01239655200004], [90.51563561300003, 23.051947333000044], [90.51710045700008, 23.05931224200009], [90.51042728000004, 23.06903717700004]]}, "properties": {"featurecla": "Coastline", "scalerank": 6, "min_zoom": 6.0}}, {"type": "Feature", "geometry": {"type": "LineString", "coordinates": [[90.52409915500004, 23.32225169500009], [90.52955162900008, 23.33356354400007], [90.54957116000003, 23.326239325000074], [90.58619225400008, 23.30174388200004], [90.57764733200008, 23.32363515800006], [90.53939863400007, 23.350002346000053], [90.49187259200005, 23.37303294500009], [90.45573978000004, 23.38495514500005], [90.42969811300003, 23.385158596000053], [90.42660566500007, 23.37596263200004], [90.43726647200003, 23.361802476000037], [90.46876061300003, 23.33161041900007], [90.48707116000003, 23.31903717700004], [90.50611412900008, 23.314195054000038], [90.52409915500004, 23.32225169500009]]}, "properties": {"featurecla": "Coastline", "scalerank": 6, "min_zoom": 5.0}}, {"type": "Feature", "geometry": {"type": "LineString", "coordinates": [[73.09546959700003, 0.22801341400008823], [73.10434004000007, 0.2196719420000477], [73.10287519600007, 0.21344635600007678], [73.09888756600003, 0.2163760440000715], [73.09546959700003, 0.22801341400008823]]}, "properties": {"featurecla": "Coastline", "scalerank": 6, "min_zoom": 6.0}}, {"type": "Feature", "geometry": {"type": "LineString", "coordinates": [[73.20899498800003, 0.239976304000038], [73.21745853000004, 0.23773834800005034], [73.21094811300003, 0.232163804000038], [73.20899498800003, 0.239976304000038]]}, "properties": {"featurecla": "Coastline", "scalerank": 6, "min_zoom": 6.0}}, {"type": "Feature", "geometry": {"type": "LineString", "coordinates": [[73.03679446700005, 0.2699242210000534], [73.03679446700005, 0.2696800800000574], [73.04037519600007, 0.2593447940000715], [73.03614342500003, 0.2609317080000437], [73.03679446700005, 0.2699242210000534]]}, "properties": {"featurecla": "Coastline", "scalerank": 6, "min_zoom": 6.0}}, {"type": "Feature", "geometry": {"type": "LineString", "coordinates": [[73.37916100400008, 0.28522370000007413], [73.37907962300005, 0.2851830100000825], [73.36963951900003, 0.28001536700008955], [73.37110436300003, 0.2859561220000728], [73.37916100400008, 0.28522370000007413]]}, "properties": {"featurecla": "Coastline", "scalerank": 6, "min_zoom": 6.0}}, {"type": "Feature", "geometry": {"type": "LineString", "coordinates": [[72.98365319100003, 0.3052432310000768], [72.98812910200007, 0.3019066430000521], [72.98601321700005, 0.29954661700008955], [72.98121178500008, 0.30206940300007545], [72.98365319100003, 0.3052432310000768]]}, "properties": {"featurecla": "Coastline", "scalerank": 6, "min_zoom": 6.0}}, {"type": "Feature", "geometry": {"type": "LineString", "coordinates": [[73.51343834700003, 0.3877627620000794], [73.51335696700005, 0.3876813820000393], [73.50855553500008, 0.38056061400004637], [73.50660241000008, 0.3877627620000794], [73.51343834700003, 0.3877627620000794]]}, "properties": {"featurecla": "Coastline", "scalerank": 6, "min_zoom": 6.0}}, {"type": "Feature", "geometry": {"type": "LineString", "coordinates": [[72.95834394600007, 0.4033063820000393], [72.95842532600005, 0.4031436220000728], [72.96119225400008, 0.39402903900008823], [72.95777428500008, 0.39679596600007017], [72.95834394600007, 0.4033063820000393]]}, "properties": {"featurecla": "Coastline", "scalerank": 6, "min_zoom": 6.0}}, {"type": "Feature", "geometry": {"type": "LineString", "coordinates": [[72.94092858200008, 0.49632396000004064], [72.94092858200008, 0.496283270000049], [72.94060306100005, 0.4872907570000393], [72.93702233200008, 0.49363841400008823], [72.94092858200008, 0.49632396000004064]]}, "properties": {"featurecla": "Coastline", "scalerank": 6, "min_zoom": 6.0}}, {"type": "Feature", "geometry": {"type": "LineString", "coordinates": [[73.49195397200003, 0.508002020000049], [73.49203535200007, 0.5077985700000909], [73.49463951900003, 0.4989688170000477], [73.48975670700008, 0.50259023600006], [73.49195397200003, 0.508002020000049]]}, "properties": {"featurecla": "Coastline", "scalerank": 6, "min_zoom": 6.0}}, {"type": "Feature", "geometry": {"type": "LineString", "coordinates": [[73.38786868600005, 0.6417503930000521], [73.38672936300003, 0.63540273600006], [73.38477623800003, 0.6355654970000728], [73.38355553500008, 0.6389020850000406], [73.38786868600005, 0.6417503930000521]]}, "properties": {"featurecla": "Coastline", "scalerank": 6, "min_zoom": 6.0}}, {"type": "Feature", "geometry": {"type": "LineString", "coordinates": [[73.37305748800003, 0.7630882830000587], [73.37183678500008, 0.7565778670000896], [73.36996504000007, 0.7570254580000437], [73.36882571700005, 0.7604434270000411], [73.37305748800003, 0.7630882830000587]]}, "properties": {"featurecla": "Coastline", "scalerank": 6, "min_zoom": 6.0}}, {"type": "Feature", "geometry": {"type": "LineString", "coordinates": [[73.35385175900007, 0.8477237000000741], [73.35287519600007, 0.841538804000038], [73.35108483200008, 0.8406436220000728], [73.34978274800005, 0.8440615910000702], [73.35385175900007, 0.8477237000000741]]}, "properties": {"featurecla": "Coastline", "scalerank": 6, "min_zoom": 6.0}}, {"type": "Feature", "geometry": {"type": "LineString", "coordinates": [[97.92847741000003, 0.9960798200000909], [97.90447024800005, 1.0440127620000794], [97.89039147200003, 1.0581729190000715], [97.83627363400007, 1.0699730490000547], [97.81902103000004, 1.1099307310000768], [97.79224694100003, 1.1439883480000503], [97.75733483200003, 1.163885809000078], [97.71265709700003, 1.1726748720000728], [97.69361412900008, 1.1860212260000935], [97.61654707100007, 1.2809105490000547], [97.60474694100003, 1.3223330750000741], [97.59213300900007, 1.3399112000000741], [97.53988691500007, 1.3905703800000424], [97.53353925900007, 1.3998477230000503], [97.52808678500003, 1.4229190120000794], [97.49317467500003, 1.4560407570000393], [97.48633873800003, 1.4765485700000909], [97.44727623800003, 1.4768740910000702], [97.44166100400008, 1.4796817080000437], [97.43799889400003, 1.495266018000052], [97.42432701900003, 1.5148786480000922], [97.41675866000003, 1.5192324890000464], [97.39161217500003, 1.508937893000052], [97.37452233200003, 1.5185407570000393], [97.34978274800005, 1.5453962260000935], [97.33545983200003, 1.5376651060000768], [97.33179772200003, 1.5278181010000935], [97.33480879000007, 1.5001488300000574], [97.33073978000004, 1.4865583350000406], [97.32105553500003, 1.4740664730000503], [97.27735436300003, 1.436224677000041], [97.25782311300003, 1.423651434000078], [97.23585045700003, 1.416693427000041], [97.20582116000003, 1.413804429000038], [97.16968834700003, 1.4159610050000424], [97.16480553500003, 1.4107119810000768], [97.16065514400003, 1.4182803410000702], [97.13949629000007, 1.4321963560000768], [97.13062584700003, 1.4355329450000909], [97.10694420700003, 1.4360212260000935], [97.08041425900007, 1.4291445980000503], [97.06364993600005, 1.4152285830000437], [97.06861412900008, 1.3945987000000741], [97.08228600400008, 1.4076195330000587], [97.10726972700007, 1.3977725280000755], [97.12842858200003, 1.382635809000078], [97.16822350400008, 1.3428408870000794], [97.19157962300005, 1.297756252000056], [97.20215905000003, 1.2883161480000922], [97.23308353000004, 1.2772891300000424], [97.24724368600005, 1.2670352230000503], [97.25171959700003, 1.2592227230000503], [97.25684655000003, 1.23501211100006], [97.27133222700007, 1.2222354190000715], [97.27857506600003, 1.1996931010000935], [97.30827884200005, 1.1748721370000794], [97.32178795700003, 1.1407738300000574], [97.37159264400003, 1.0597598330000437], [97.38770592500003, 1.0187848980000922], [97.38884524800005, 0.9520938170000477], [97.39535566500007, 0.9448916690000715], [97.43506920700003, 0.9489199890000464], [97.47934004000007, 0.9434268250000741], [97.49187259200005, 0.9330101580000587], [97.48633873800003, 0.9142113300000574], [97.57439212300005, 0.8609072940000715], [97.61378014400003, 0.8235537780000755], [97.63306725400008, 0.7694766300000424], [97.65919030000003, 0.7153994810000768], [97.65821373800003, 0.6746279970000728], [97.68384850400008, 0.6430524760000935], [97.69092858200003, 0.6242129580000437], [97.67872155000003, 0.5988630230000922], [97.69613691500007, 0.586371161000045], [97.70411217500003, 0.5727399760000935], [97.71534264400003, 0.5744489600000406], [97.72527103000004, 0.5807559270000411], [97.72641035200007, 0.5851911480000922], [97.75228925900007, 0.5683454450000909], [97.76417076900003, 0.5675723330000437], [97.77426191500007, 0.5851911480000922], [97.80030358200003, 0.5654971370000794], [97.81934655000003, 0.5585391300000424], [97.82715905000003, 0.562689520000049], [97.87427819100003, 0.6220156920000477], [97.88298587300005, 0.6429710960000534], [97.88453209700003, 0.7182070980000503], [97.89258873800003, 0.7770449890000464], [97.90186608200003, 0.8007266300000424], [97.90406334700003, 0.814886786000045], [97.89828535200007, 0.8753115910000702], [97.90137780000003, 0.9059512390000464], [97.91773522200003, 0.9346377620000794], [97.91773522200003, 0.9278832050000574], [97.93441816500007, 0.9636091170000896], [97.93921959700003, 0.986070054000038], [97.92847741000003, 0.9960798200000909]]}, "properties": {"featurecla": "Coastline", "scalerank": 3, "min_zoom": 2.0}}, {"type": "Feature", "geometry": {"type": "LineString", "coordinates": [[72.83139082100007, 3.510565497000073], [72.83513431100005, 3.5054385440000715], [72.83106530000003, 3.5035667990000547], [72.82797285200007, 3.5054385440000715], [72.83139082100007, 3.510565497000073]]}, "properties": {"featurecla": "Coastline", "scalerank": 6, "min_zoom": 6.0}}, {"type": "Feature", "geometry": {"type": "LineString", "coordinates": [[72.79371178500008, 3.5169131530000755], [72.79517662900008, 3.5146345070000393], [72.79883873800003, 3.5119489600000406], [72.79118899800005, 3.510891018000052], [72.79371178500008, 3.5169131530000755]]}, "properties": {"featurecla": "Coastline", "scalerank": 6, "min_zoom": 6.0}}, {"type": "Feature", "geometry": {"type": "LineString", "coordinates": [[72.92839603000004, 3.551906643000052], [72.91179446700005, 3.5417341170000896], [72.91163170700008, 3.54165273600006], [72.91993248800003, 3.5521507830000587], [72.92839603000004, 3.551906643000052]]}, "properties": {"featurecla": "Coastline", "scalerank": 6, "min_zoom": 6.0}}, {"type": "Feature", "geometry": {"type": "LineString", "coordinates": [[72.94190514400003, 3.6188418640000464], [72.94556725400008, 3.613714911000045], [72.94157962300005, 3.6118838560000768], [72.93848717500003, 3.613714911000045], [72.94190514400003, 3.6188418640000464]]}, "properties": {"featurecla": "Coastline", "scalerank": 6, "min_zoom": 6.0}}, {"type": "Feature", "geometry": {"type": "LineString", "coordinates": [[72.69255618600005, 3.7269554710000534], [72.69743899800005, 3.718817450000074], [72.69459069100003, 3.7149925800000574], [72.68970787900008, 3.7179629580000437], [72.69255618600005, 3.7269554710000534]]}, "properties": {"featurecla": "Coastline", "scalerank": 6, "min_zoom": 6.0}}, {"type": "Feature", "geometry": {"type": "LineString", "coordinates": [[73.47730553500008, 3.9421247420000896], [73.46998131600003, 3.9351260440000715], [73.46753991000008, 3.933661200000074], [73.46924889400003, 3.9369570980000503], [73.47730553500008, 3.9421247420000896]]}, "properties": {"featurecla": "Coastline", "scalerank": 6, "min_zoom": 6.0}}, {"type": "Feature", "geometry": {"type": "LineString", "coordinates": [[72.70313561300003, 4.003322658000059], [72.70671634200005, 3.9979515650000508], [72.70460045700008, 3.99640534100007], [72.69906660200007, 3.9994570980000503], [72.70313561300003, 4.003322658000059]]}, "properties": {"featurecla": "Coastline", "scalerank": 6, "min_zoom": 6.0}}, {"type": "Feature", "geometry": {"type": "LineString", "coordinates": [[73.50814863400007, 4.103583075000074], [73.50831139400003, 4.093410549000055], [73.50831139400003, 4.0933291690000715], [73.50228925900007, 4.100775458000044], [73.50814863400007, 4.103583075000074]]}, "properties": {"featurecla": "Coastline", "scalerank": 6, "min_zoom": 6.0}}, {"type": "Feature", "geometry": {"type": "LineString", "coordinates": [[72.97046959700003, 4.26593659100007], [72.97559655000003, 4.26235586100006], [72.97575931100005, 4.26040273600006], [72.97250410200007, 4.26040273600006], [72.97046959700003, 4.26593659100007]]}, "properties": {"featurecla": "Coastline", "scalerank": 6, "min_zoom": 6.0}}, {"type": "Feature", "geometry": {"type": "LineString", "coordinates": [[73.70281009200005, 4.434719143000052], [73.70085696700005, 4.43227773600006], [73.69743899800005, 4.431382554000038], [73.70281009200005, 4.434719143000052]]}, "properties": {"featurecla": "Coastline", "scalerank": 6, "min_zoom": 6.0}}, {"type": "Feature", "geometry": {"type": "LineString", "coordinates": [[73.70281009200005, 4.453029690000051], [73.69996178500008, 4.4516462260000935], [73.69988040500004, 4.449164130000042], [73.70264733200008, 4.4529076190000865], [73.70281009200005, 4.453029690000051]]}, "properties": {"featurecla": "Coastline", "scalerank": 6, "min_zoom": 6.0}}, {"type": "Feature", "geometry": {"type": "LineString", "coordinates": [[73.37671959700003, 4.474432684000078], [73.37728925900007, 4.465277411000045], [73.37387129000007, 4.466986395000049], [73.37671959700003, 4.474432684000078]]}, "properties": {"featurecla": "Coastline", "scalerank": 6, "min_zoom": 6.0}}, {"type": "Feature", "geometry": {"type": "LineString", "coordinates": [[73.40495853000004, 4.634995835000041], [73.40528405000003, 4.628404039000088], [73.40300540500004, 4.6274274760000935], [73.40121504000007, 4.629828192000048], [73.40495853000004, 4.634995835000041]]}, "properties": {"featurecla": "Coastline", "scalerank": 6, "min_zoom": 6.0}}, {"type": "Feature", "geometry": {"type": "LineString", "coordinates": [[73.49048912900008, 4.7233747420000896], [73.49073326900003, 4.716742255000042], [73.48845462300005, 4.715969143000052], [73.48666425900007, 4.71820709800005], [73.49048912900008, 4.7233747420000896]]}, "properties": {"featurecla": "Coastline", "scalerank": 6, "min_zoom": 6.0}}, {"type": "Feature", "geometry": {"type": "LineString", "coordinates": [[72.97934004000007, 4.895453192000048], [72.97934004000007, 4.895371812000064], [72.96949303500008, 4.880519924000055], [72.97266686300003, 4.894354559000078], [72.97934004000007, 4.895453192000048]]}, "properties": {"featurecla": "Coastline", "scalerank": 6, "min_zoom": 6.0}}, {"type": "Feature", "geometry": {"type": "LineString", "coordinates": [[72.91749108200008, 4.898586330000057], [72.92090905000003, 4.897853908000059], [72.92286217500003, 4.89907461100006], [72.91749108200008, 4.898586330000057]]}, "properties": {"featurecla": "Coastline", "scalerank": 6, "min_zoom": 6.0}}, {"type": "Feature", "geometry": {"type": "LineString", "coordinates": [[73.44727623800003, 4.97134023600006], [73.43653405000003, 4.969875393000052], [73.44117272200003, 4.97492096600007], [73.44727623800003, 4.97134023600006]]}, "properties": {"featurecla": "Coastline", "scalerank": 6, "min_zoom": 6.0}}, {"type": "Feature", "geometry": {"type": "LineString", "coordinates": [[72.91285241000008, 5.034084377000056], [72.91016686300003, 5.032700914000088], [72.90919030000003, 5.0305850280000755], [72.90943444100003, 5.03078847900008], [72.91285241000008, 5.034084377000056]]}, "properties": {"featurecla": "Coastline", "scalerank": 6, "min_zoom": 6.0}}, {"type": "Feature", "geometry": {"type": "LineString", "coordinates": [[72.92774498800003, 5.036525783000059], [72.92709394600007, 5.0339216170000896], [72.92432701900003, 5.033026434000078], [72.92774498800003, 5.036525783000059]]}, "properties": {"featurecla": "Coastline", "scalerank": 6, "min_zoom": 6.0}}, {"type": "Feature", "geometry": {"type": "LineString", "coordinates": [[73.04476972700007, 5.1218122420000896], [73.04346764400003, 5.118841864000046], [73.04127037900008, 5.118394273000092], [73.04476972700007, 5.1218122420000896]]}, "properties": {"featurecla": "Coastline", "scalerank": 6, "min_zoom": 6.0}}, {"type": "Feature", "geometry": {"type": "LineString", "coordinates": [[73.04908287900008, 5.1332868510000935], [73.05144290500004, 5.126654364000046], [73.04761803500008, 5.126369533000059], [73.04525800900007, 5.128892320000091], [73.04908287900008, 5.1332868510000935]]}, "properties": {"featurecla": "Coastline", "scalerank": 6, "min_zoom": 6.0}}, {"type": "Feature", "geometry": {"type": "LineString", "coordinates": [[73.09131920700008, 5.161363023000092], [73.09099368600005, 5.15851471600007], [73.08773847700007, 5.157945054000038], [73.09131920700008, 5.161363023000092]]}, "properties": {"featurecla": "Coastline", "scalerank": 6, "min_zoom": 6.0}}, {"type": "Feature", "geometry": {"type": "LineString", "coordinates": [[73.10385175900007, 5.173041083000044], [73.10710696700005, 5.170965887000079], [73.11052493600005, 5.170314846000053], [73.10417728000004, 5.172919012000079], [73.10385175900007, 5.173041083000044]]}, "properties": {"featurecla": "Coastline", "scalerank": 6, "min_zoom": 6.0}}, {"type": "Feature", "geometry": {"type": "LineString", "coordinates": [[72.86011803500008, 5.237941799000055], [72.85922285200007, 5.235500393000052], [72.85661868600005, 5.234442450000074], [72.86011803500008, 5.237941799000055]]}, "properties": {"featurecla": "Coastline", "scalerank": 6, "min_zoom": 6.0}}, {"type": "Feature", "geometry": {"type": "LineString", "coordinates": [[73.13184655000003, 5.244574286000045], [73.13184655000003, 5.24249909100007], [73.12842858200008, 5.241156317000048], [73.13184655000003, 5.244574286000045]]}, "properties": {"featurecla": "Coastline", "scalerank": 6, "min_zoom": 6.0}}, {"type": "Feature", "geometry": {"type": "LineString", "coordinates": [[73.49976647200003, 5.246893622000073], [73.49724368600005, 5.245021877000056], [73.49382571700005, 5.245998440000051], [73.49976647200003, 5.246893622000073]]}, "properties": {"featurecla": "Coastline", "scalerank": 6, "min_zoom": 6.0}}, {"type": "Feature", "geometry": {"type": "LineString", "coordinates": [[73.59359785200007, 5.282700914000088], [73.58285566500007, 5.275580145000049], [73.56999759200005, 5.276760158000059], [73.58204186300003, 5.281805731000077], [73.59359785200007, 5.282700914000088]]}, "properties": {"featurecla": "Coastline", "scalerank": 6, "min_zoom": 6.0}}, {"type": "Feature", "geometry": {"type": "LineString", "coordinates": [[73.11280358200008, 5.298570054000038], [73.10922285200007, 5.296698309000078], [73.10922285200007, 5.295152085000041], [73.11264082100007, 5.298447984000063], [73.11280358200008, 5.298570054000038]]}, "properties": {"featurecla": "Coastline", "scalerank": 6, "min_zoom": 6.0}}, {"type": "Feature", "geometry": {"type": "LineString", "coordinates": [[73.47022545700008, 5.307766018000052], [73.46705162900008, 5.308335679000038], [73.46420332100007, 5.306830145000049], [73.47014407600005, 5.3077253280000605], [73.47022545700008, 5.307766018000052]]}, "properties": {"featurecla": "Coastline", "scalerank": 6, "min_zoom": 6.0}}, {"type": "Feature", "geometry": {"type": "LineString", "coordinates": [[73.62956790500004, 5.332831122000073], [73.62720787900008, 5.331122137000079], [73.62330162900008, 5.331854559000078], [73.62956790500004, 5.332831122000073]]}, "properties": {"featurecla": "Coastline", "scalerank": 6, "min_zoom": 6.0}}, {"type": "Feature", "geometry": {"type": "LineString", "coordinates": [[73.64665774800005, 5.343247789000088], [73.64340254000007, 5.343939520000049], [73.63990319100003, 5.342189846000053], [73.64649498800003, 5.343247789000088], [73.64665774800005, 5.343247789000088]]}, "properties": {"featurecla": "Coastline", "scalerank": 6, "min_zoom": 6.0}}, {"type": "Feature", "geometry": {"type": "LineString", "coordinates": [[72.95313561300003, 5.352769273000092], [72.95240319100003, 5.3500837260000935], [72.94955488400007, 5.349310614000046], [72.95313561300003, 5.352769273000092]]}, "properties": {"featurecla": "Coastline", "scalerank": 6, "min_zoom": 6.0}}, {"type": "Feature", "geometry": {"type": "LineString", "coordinates": [[73.39747155000003, 5.362209377000056], [73.39869225400008, 5.359605210000041], [73.40121504000007, 5.356146552000041], [73.39616946700005, 5.357123114000046], [73.39747155000003, 5.362209377000056]]}, "properties": {"featurecla": "Coastline", "scalerank": 6, "min_zoom": 6.0}}, {"type": "Feature", "geometry": {"type": "LineString", "coordinates": [[73.32325280000003, 5.368231512000079], [73.32488040500004, 5.3667666690000715], [73.33008873800003, 5.366848049000055], [73.32886803500008, 5.364243882000039], [73.31918379000007, 5.362941799000055], [73.31771894600007, 5.365790106000077], [73.32325280000003, 5.368231512000079]]}, "properties": {"featurecla": "Coastline", "scalerank": 6, "min_zoom": 6.0}}, {"type": "Feature", "geometry": {"type": "LineString", "coordinates": [[73.35075931100005, 5.427679755000042], [73.34750410200007, 5.428778387000079], [73.34457441500007, 5.426743882000039], [73.34489993600005, 5.426825262000079], [73.35075931100005, 5.427679755000042]]}, "properties": {"featurecla": "Coastline", "scalerank": 6, "min_zoom": 6.0}}, {"type": "Feature", "geometry": {"type": "LineString", "coordinates": [[73.53744550900007, 5.451402085000041], [73.53492272200003, 5.44985586100006], [73.53126061300003, 5.450425523000092], [73.53744550900007, 5.451402085000041]]}, "properties": {"featurecla": "Coastline", "scalerank": 6, "min_zoom": 6.0}}, {"type": "Feature", "geometry": {"type": "LineString", "coordinates": [[73.36296634200005, 5.463080145000049], [73.36312910200007, 5.459377346000053], [73.36068769600007, 5.457831122000073], [73.36296634200005, 5.463080145000049]]}, "properties": {"featurecla": "Coastline", "scalerank": 6, "min_zoom": 6.0}}, {"type": "Feature", "geometry": {"type": "LineString", "coordinates": [[72.94312584700003, 5.467596747000073], [72.94027754000007, 5.462144273000092], [72.93824303500008, 5.461493231000077], [72.93702233200008, 5.4655622420000896], [72.94312584700003, 5.467596747000073]]}, "properties": {"featurecla": "Coastline", "scalerank": 6, "min_zoom": 6.0}}, {"type": "Feature", "geometry": {"type": "LineString", "coordinates": [[73.01587975400008, 5.492865302000041], [73.01303144600007, 5.487453518000052], [73.01099694100003, 5.4868024760000935], [73.00977623800003, 5.490912177000041], [73.01587975400008, 5.492865302000041]]}, "properties": {"featurecla": "Coastline", "scalerank": 6, "min_zoom": 6.0}}, {"type": "Feature", "geometry": {"type": "LineString", "coordinates": [[73.46241295700008, 5.54360586100006], [73.45932050900007, 5.5417341170000896], [73.45630944100003, 5.542669989000046], [73.46241295700008, 5.54360586100006]]}, "properties": {"featurecla": "Coastline", "scalerank": 6, "min_zoom": 6.0}}, {"type": "Feature", "geometry": {"type": "LineString", "coordinates": [[73.00562584700003, 5.713324286000045], [73.00228925900007, 5.707098700000074], [72.99976647200003, 5.706976630000042], [72.99878991000008, 5.711981512000079], [73.00562584700003, 5.713324286000045]]}, "properties": {"featurecla": "Coastline", "scalerank": 6, "min_zoom": 6.0}}, {"type": "Feature", "geometry": {"type": "LineString", "coordinates": [[72.94939212300005, 6.349798895000049], [72.95394941500007, 6.345607815000051], [72.95313561300003, 6.343491929000038], [72.94849694100003, 6.344427802000041], [72.94939212300005, 6.349798895000049]]}, "properties": {"featurecla": "Coastline", "scalerank": 6, "min_zoom": 6.0}}, {"type": "Feature", "geometry": {"type": "LineString", "coordinates": [[72.89258873800003, 6.452093817000048], [72.89722741000008, 6.44790273600006], [72.89633222700007, 6.4457868510000935], [72.89087975400008, 6.448228257000039], [72.89258873800003, 6.452093817000048]]}, "properties": {"featurecla": "Coastline", "scalerank": 6, "min_zoom": 6.0}}, {"type": "Feature", "geometry": {"type": "LineString", "coordinates": [[72.17269941500007, 10.80923086100006], [72.20004316500007, 10.864447333000044], [72.20004316500007, 10.878119208000044], [72.17904707100007, 10.84870026200008], [72.17261803500008, 10.82998281500005], [72.17269941500007, 10.80923086100006]]}, "properties": {"featurecla": "Coastline", "scalerank": 6, "min_zoom": 6.0}}, {"type": "Feature", "geometry": {"type": "LineString", "coordinates": [[72.78907311300003, 11.261664130000042], [72.77418053500008, 11.22288646000004], [72.77035566500007, 11.203680731000077], [72.77540123800003, 11.18659088700008], [72.78492272200003, 11.216376044000071], [72.78907311300003, 11.24803294500009], [72.79558353000004, 11.257228908000059], [72.79590905000003, 11.261664130000042], [72.78907311300003, 11.261664130000042]]}, "properties": {"featurecla": "Coastline", "scalerank": 5, "min_zoom": 4.0}}, {"type": "Feature", "geometry": {"type": "LineString", "coordinates": [[67.37549889400003, 24.06273021000004], [67.38152103000004, 24.046210028000075], [67.39340254000007, 24.02806224200009], [67.40943444100003, 24.013495184000078], [67.42693118600005, 24.007513739000046], [67.45394941500007, 24.013413804000038], [67.46517988400007, 24.04059479400007], [67.48536217500003, 24.048529364000046], [67.45801842500003, 24.06273021000004], [67.41325931100005, 24.048773505000042], [67.39039147200003, 24.049261786000045], [67.37549889400003, 24.06273021000004]]}, "properties": {"featurecla": "Coastline", "scalerank": 6, "min_zoom": 6.0}}, {"type": "Feature", "geometry": {"type": "LineString", "coordinates": [[73.36500084700003, 1.7910830750000741], [73.36516360800005, 1.7910423850000825], [73.37582441500007, 1.7885602890000882], [73.36817467500003, 1.782945054000038], [73.36500084700003, 1.7910830750000741]]}, "properties": {"featurecla": "Coastline", "scalerank": 6, "min_zoom": 6.0}}, {"type": "Feature", "geometry": {"type": "LineString", "coordinates": [[73.40023847700007, 1.8063418640000464], [73.40211022200003, 1.795599677000041], [73.39437910200007, 1.794745184000078], [73.39478600400008, 1.7987735050000424], [73.40023847700007, 1.8063418640000464]]}, "properties": {"featurecla": "Coastline", "scalerank": 6, "min_zoom": 6.0}}, {"type": "Feature", "geometry": {"type": "LineString", "coordinates": [[73.45264733200008, 1.82680898600006], [73.46363366000008, 1.8263207050000574], [73.45671634200005, 1.8203799500000741], [73.45411217500003, 1.8205427100000406], [73.45264733200008, 1.82680898600006]]}, "properties": {"featurecla": "Coastline", "scalerank": 6, "min_zoom": 6.0}}, {"type": "Feature", "geometry": {"type": "LineString", "coordinates": [[73.51807701900003, 1.8427188170000477], [73.49919681100005, 1.8277041690000715], [73.49805748800003, 1.828802802000041], [73.50228925900007, 1.8349063170000477], [73.51807701900003, 1.8427188170000477]]}, "properties": {"featurecla": "Coastline", "scalerank": 6, "min_zoom": 6.0}}, {"type": "Feature", "geometry": {"type": "LineString", "coordinates": [[73.53646894600007, 1.8701032570000393], [73.53296959700003, 1.8616397160000702], [73.53239993600005, 1.8600934920000896], [73.53150475400008, 1.8635114600000406], [73.53646894600007, 1.8701032570000393]]}, "properties": {"featurecla": "Coastline", "scalerank": 6, "min_zoom": 6.0}}, {"type": "Feature", "geometry": {"type": "LineString", "coordinates": [[73.25171959700003, 1.892401434000078], [73.24366295700008, 1.8887393250000741], [73.24398847700007, 1.8941104190000715], [73.25171959700003, 1.892401434000078]]}, "properties": {"featurecla": "Coastline", "scalerank": 6, "min_zoom": 6.0}}, {"type": "Feature", "geometry": {"type": "LineString", "coordinates": [[73.55307050900007, 1.9324404970000728], [73.54883873800003, 1.9113630230000922], [73.54086347700007, 1.892401434000078], [73.54981530000003, 1.9249942080000437], [73.55307050900007, 1.9324404970000728]]}, "properties": {"featurecla": "Coastline", "scalerank": 6, "min_zoom": 6.0}}, {"type": "Feature", "geometry": {"type": "LineString", "coordinates": [[73.55005944100003, 1.976385809000078], [73.54981530000003, 1.9656843120000644], [73.54981530000003, 1.965521552000041], [73.54769941500007, 1.9683291690000715], [73.55005944100003, 1.976385809000078]]}, "properties": {"featurecla": "Coastline", "scalerank": 6, "min_zoom": 6.0}}, {"type": "Feature", "geometry": {"type": "LineString", "coordinates": [[73.31723066500007, 1.9914004580000437], [73.32325280000003, 1.9864769550000574], [73.31836998800003, 1.983099677000041], [73.31544030000003, 1.985052802000041], [73.31723066500007, 1.9914004580000437]]}, "properties": {"featurecla": "Coastline", "scalerank": 6, "min_zoom": 6.0}}, {"type": "Feature", "geometry": {"type": "LineString", "coordinates": [[73.54420006600003, 2.026597398000092], [73.54297936300003, 2.022162177000041], [73.54029381600003, 2.0225283870000794], [73.54224694100003, 2.024562893000052], [73.54420006600003, 2.026597398000092]]}, "properties": {"featurecla": "Coastline", "scalerank": 6, "min_zoom": 6.0}}, {"type": "Feature", "geometry": {"type": "LineString", "coordinates": [[73.38697350400008, 2.033026434000078], [73.38624108200008, 2.0303408870000794], [73.38697350400008, 2.0286319030000755], [73.38697350400008, 2.033026434000078]]}, "properties": {"featurecla": "Coastline", "scalerank": 6, "min_zoom": 6.0}}, {"type": "Feature", "geometry": {"type": "LineString", "coordinates": [[73.55567467500003, 2.0825056010000935], [73.55144290500004, 2.07257721600007], [73.55144290500004, 2.0724144550000574], [73.55128014400003, 2.0780703800000424], [73.55567467500003, 2.0825056010000935]]}, "properties": {"featurecla": "Coastline", "scalerank": 6, "min_zoom": 6.0}}, {"type": "Feature", "geometry": {"type": "LineString", "coordinates": [[73.56763756600003, 2.1099307310000768], [73.58537845100005, 2.1096052100000406], [73.58545983200008, 2.1096052100000406], [73.56177819100003, 2.0947126320000393], [73.56763756600003, 2.1099307310000768]]}, "properties": {"featurecla": "Coastline", "scalerank": 6, "min_zoom": 6.0}}, {"type": "Feature", "geometry": {"type": "LineString", "coordinates": [[73.04371178500008, 2.166449286000045], [73.04135175900007, 2.16469961100006], [73.03825931100005, 2.1645368510000935], [73.03842207100007, 2.1646182310000768], [73.04371178500008, 2.166449286000045]]}, "properties": {"featurecla": "Coastline", "scalerank": 6, "min_zoom": 6.0}}, {"type": "Feature", "geometry": {"type": "LineString", "coordinates": [[73.10385175900007, 2.1865908870000794], [73.10230553500008, 2.1809756530000755], [73.09945722700007, 2.18195221600007], [73.09888756600003, 2.1846377620000794], [73.10385175900007, 2.1865908870000794]]}, "properties": {"featurecla": "Coastline", "scalerank": 6, "min_zoom": 6.0}}, {"type": "Feature", "geometry": {"type": "LineString", "coordinates": [[73.11548912900008, 2.1996931010000935], [73.11687259200005, 2.1976585960000534], [73.12086022200003, 2.1917992210000534], [73.11500084700003, 2.1917992210000534], [73.11548912900008, 2.1996931010000935]]}, "properties": {"featurecla": "Coastline", "scalerank": 6, "min_zoom": 6.0}}, {"type": "Feature", "geometry": {"type": "LineString", "coordinates": [[72.94841556100005, 2.2748884140000882], [72.94629967500003, 2.272365627000056], [72.94312584700003, 2.2730166690000715], [72.94841556100005, 2.2748884140000882]]}, "properties": {"featurecla": "Coastline", "scalerank": 6, "min_zoom": 6.0}}, {"type": "Feature", "geometry": {"type": "LineString", "coordinates": [[72.92611738400007, 2.3274600280000755], [72.92701256600003, 2.3160667990000547], [72.92253665500004, 2.319566148000092], [72.92611738400007, 2.3274600280000755]]}, "properties": {"featurecla": "Coastline", "scalerank": 6, "min_zoom": 6.0}}, {"type": "Feature", "geometry": {"type": "LineString", "coordinates": [[73.34400475400008, 2.3480492210000534], [73.34359785200007, 2.344183661000045], [73.34205162900008, 2.34210846600007], [73.34400475400008, 2.3480492210000534]]}, "properties": {"featurecla": "Coastline", "scalerank": 6, "min_zoom": 6.0}}, {"type": "Feature", "geometry": {"type": "LineString", "coordinates": [[73.35425866000008, 2.4372012390000464], [73.36622155000003, 2.4115257830000587], [73.36703535200007, 2.3980166690000715], [73.36255944100003, 2.3849144550000574], [73.35425866000008, 2.4372012390000464]]}, "properties": {"featurecla": "Coastline", "scalerank": 6, "min_zoom": 6.0}}, {"type": "Feature", "geometry": {"type": "LineString", "coordinates": [[73.31478925900007, 2.5058047550000424], [73.31519616000008, 2.494126695000091], [73.31519616000008, 2.4940453150000508], [73.31153405000003, 2.499253648000092], [73.31478925900007, 2.5058047550000424]]}, "properties": {"featurecla": "Coastline", "scalerank": 6, "min_zoom": 6.0}}, {"type": "Feature", "geometry": {"type": "LineString", "coordinates": [[73.14551842500003, 2.5532901060000768], [73.14380944100003, 2.5503604190000715], [73.14096113400007, 2.5503604190000715], [73.14551842500003, 2.5532901060000768]]}, "properties": {"featurecla": "Coastline", "scalerank": 6, "min_zoom": 6.0}}, {"type": "Feature", "geometry": {"type": "LineString", "coordinates": [[72.90007571700005, 2.6821963560000768], [72.90642337300005, 2.679673570000091], [72.90447024800005, 2.6757266300000424], [72.90113366000008, 2.6761742210000534], [72.90007571700005, 2.6821963560000768]]}, "properties": {"featurecla": "Coastline", "scalerank": 6, "min_zoom": 6.0}}, {"type": "Feature", "geometry": {"type": "LineString", "coordinates": [[72.87256920700008, 2.694159247000073], [72.87370853000004, 2.683661200000074], [72.87370853000004, 2.683579820000091], [72.86695397200003, 2.6889509140000882], [72.87256920700008, 2.694159247000073]]}, "properties": {"featurecla": "Coastline", "scalerank": 6, "min_zoom": 6.0}}, {"type": "Feature", "geometry": {"type": "LineString", "coordinates": [[73.02230879000007, 2.7416852890000882], [73.03223717500003, 2.7451032570000393], [73.02800540500004, 2.7382266300000424], [73.02230879000007, 2.7416852890000882]]}, "properties": {"featurecla": "Coastline", "scalerank": 6, "min_zoom": 6.0}}, {"type": "Feature", "geometry": {"type": "LineString", "coordinates": [[73.35352623800003, 2.7782656920000477], [73.35352623800003, 2.771918036000045], [73.35141035200007, 2.7706973330000437], [73.34848066500007, 2.775376695000091], [73.35352623800003, 2.7782656920000477]]}, "properties": {"featurecla": "Coastline", "scalerank": 6, "min_zoom": 6.0}}, {"type": "Feature", "geometry": {"type": "LineString", "coordinates": [[73.39926191500007, 2.7857119810000768], [73.39063561300003, 2.775376695000091], [73.39185631600003, 2.7814802100000406], [73.39926191500007, 2.7857119810000768]]}, "properties": {"featurecla": "Coastline", "scalerank": 6, "min_zoom": 6.0}}, {"type": "Feature", "geometry": {"type": "LineString", "coordinates": [[73.54859459700003, 2.8927269550000574], [73.55103600400008, 2.890611070000091], [73.54908287900008, 2.8881289730000503], [73.54908287900008, 2.888739325000074], [73.54859459700003, 2.8927269550000574]]}, "properties": {"featurecla": "Coastline", "scalerank": 6, "min_zoom": 6.0}}, {"type": "Feature", "geometry": {"type": "LineString", "coordinates": [[73.36036217500003, 2.9038760440000715], [73.36280358200008, 2.8983828800000424], [73.36068769600007, 2.8975283870000794], [73.35726972700007, 2.8998070330000587], [73.36036217500003, 2.9038760440000715]]}, "properties": {"featurecla": "Coastline", "scalerank": 6, "min_zoom": 6.0}}, {"type": "Feature", "geometry": {"type": "LineString", "coordinates": [[73.00847415500004, 2.953314520000049], [73.01490319100003, 2.9474144550000574], [73.00904381600003, 2.946437893000052], [73.00847415500004, 2.953314520000049]]}, "properties": {"featurecla": "Coastline", "scalerank": 6, "min_zoom": 6.0}}, {"type": "Feature", "geometry": {"type": "LineString", "coordinates": [[73.56421959700003, 2.9547386740000547], [73.56421959700003, 2.95461660400008], [73.56202233200008, 2.946112372000073], [73.56128991000008, 2.948472398000092], [73.56421959700003, 2.9547386740000547]]}, "properties": {"featurecla": "Coastline", "scalerank": 6, "min_zoom": 6.0}}, {"type": "Feature", "geometry": {"type": "LineString", "coordinates": [[73.58594811300003, 2.961615302000041], [73.58586673300005, 2.9615339210000684], [73.57748457100007, 2.951157945000091], [73.57846113400007, 2.95734284100007], [73.58594811300003, 2.961615302000041]]}, "properties": {"featurecla": "Coastline", "scalerank": 6, "min_zoom": 6.0}}, {"type": "Feature", "geometry": {"type": "LineString", "coordinates": [[72.87012780000003, 2.969183661000045], [72.86768639400003, 2.9608828800000424], [72.86508222700007, 2.958156643000052], [72.86491946700005, 2.9608828800000424], [72.87012780000003, 2.969183661000045]]}, "properties": {"featurecla": "Coastline", "scalerank": 6, "min_zoom": 6.0}}, {"type": "Feature", "geometry": {"type": "LineString", "coordinates": [[72.90162194100003, 3.083807684000078], [72.90601647200003, 3.08038971600007], [72.89991295700008, 3.076849677000041], [72.89942467500003, 3.078192450000074], [72.90162194100003, 3.083807684000078]]}, "properties": {"featurecla": "Coastline", "scalerank": 6, "min_zoom": 6.0}}, {"type": "Feature", "geometry": {"type": "LineString", "coordinates": [[73.61304772200003, 3.1067569030000755], [73.61255944100003, 3.1029727230000503], [73.60840905000003, 3.100409247000073], [73.61304772200003, 3.1067569030000755]]}, "properties": {"featurecla": "Coastline", "scalerank": 6, "min_zoom": 6.0}}, {"type": "Feature", "geometry": {"type": "LineString", "coordinates": [[72.97787519600007, 3.110174872000073], [72.98178144600007, 3.1050479190000715], [72.97820071700005, 3.1027285830000437], [72.97510826900003, 3.104193427000041], [72.97787519600007, 3.110174872000073]]}, "properties": {"featurecla": "Coastline", "scalerank": 6, "min_zoom": 6.0}}, {"type": "Feature", "geometry": {"type": "LineString", "coordinates": [[73.04224694100003, 3.2054710960000534], [73.04688561300003, 3.202053127000056], [73.04070071700005, 3.198472398000092], [73.04021243600005, 3.1997744810000768], [73.04224694100003, 3.2054710960000534]]}, "properties": {"featurecla": "Coastline", "scalerank": 6, "min_zoom": 6.0}}, {"type": "Feature", "geometry": {"type": "LineString", "coordinates": [[73.03174889400003, 3.2529971370000794], [73.03565514400003, 3.247788804000038], [73.03199303500008, 3.2455508480000503], [73.02898196700005, 3.246893622000073], [73.03174889400003, 3.2529971370000794]]}, "properties": {"featurecla": "Coastline", "scalerank": 6, "min_zoom": 6.0}}, {"type": "Feature", "geometry": {"type": "LineString", "coordinates": [[72.83326256600003, 3.312486070000091], [72.83765709700003, 3.3090681010000935], [72.83139082100007, 3.3056094420000477], [72.83122806100005, 3.306830145000049], [72.83326256600003, 3.312486070000091]]}, "properties": {"featurecla": "Coastline", "scalerank": 6, "min_zoom": 6.0}}, {"type": "Feature", "geometry": {"type": "LineString", "coordinates": [[73.51636803500008, 3.3612328150000508], [73.51880944100003, 3.359116929000038], [73.51921634200005, 3.3563906920000477], [73.51636803500008, 3.3612328150000508]]}, "properties": {"featurecla": "Coastline", "scalerank": 6, "min_zoom": 6.0}}, {"type": "Feature", "geometry": {"type": "LineString", "coordinates": [[73.74756920700008, 3.4511172550000424], [73.74854576900003, 3.4481875670000477], [73.75318444100003, 3.4463565120000794], [73.74773196700005, 3.450995184000078], [73.74756920700008, 3.4511172550000424]]}, "properties": {"featurecla": "Coastline", "scalerank": 6, "min_zoom": 6.0}}, {"type": "Feature", "geometry": {"type": "LineString", "coordinates": [[73.50586998800003, 3.501206773000092], [73.50611412900008, 3.4977074240000547], [73.50855553500008, 3.4964867210000534], [73.50847415500004, 3.4965681010000935], [73.50586998800003, 3.501206773000092]]}, "properties": {"featurecla": "Coastline", "scalerank": 6, "min_zoom": 6.0}}, {"type": "Feature", "geometry": {"type": "LineString", "coordinates": [[72.95240319100003, 3.7338320980000503], [72.95582116000008, 3.728705145000049], [72.95199629000007, 3.72687409100007], [72.94898522200003, 3.728583075000074], [72.95240319100003, 3.7338320980000503]]}, "properties": {"featurecla": "Coastline", "scalerank": 6, "min_zoom": 6.0}}, {"type": "Feature", "geometry": {"type": "LineString", "coordinates": [[72.94581139400003, 3.77212148600006], [72.94939212300005, 3.7669945330000587], [72.94532311300003, 3.7652041690000715], [72.94239342500003, 3.7669945330000587], [72.94581139400003, 3.77212148600006]]}, "properties": {"featurecla": "Coastline", "scalerank": 6, "min_zoom": 6.0}}, {"type": "Feature", "geometry": {"type": "LineString", "coordinates": [[72.94459069100003, 3.8368594420000477], [72.94809004000007, 3.8316917990000547], [72.94410241000008, 3.829901434000078], [72.94117272200003, 3.8316917990000547], [72.94459069100003, 3.8368594420000477]]}, "properties": {"featurecla": "Coastline", "scalerank": 6, "min_zoom": 6.0}}, {"type": "Feature", "geometry": {"type": "LineString", "coordinates": [[73.43726647200003, 3.8466250670000477], [73.43523196700005, 3.8449160830000437], [73.43230228000004, 3.8417015650000508], [73.43246504000007, 3.846828518000052], [73.43726647200003, 3.8466250670000477]]}, "properties": {"featurecla": "Coastline", "scalerank": 6, "min_zoom": 6.0}}, {"type": "Feature", "geometry": {"type": "LineString", "coordinates": [[73.44353274800005, 3.92055898600006], [73.44304446700005, 3.918768622000073], [73.43816165500004, 3.916449286000045], [73.44353274800005, 3.92055898600006]]}, "properties": {"featurecla": "Coastline", "scalerank": 6, "min_zoom": 6.0}}, {"type": "Feature", "geometry": {"type": "LineString", "coordinates": [[73.34506269600007, 3.9447289080000587], [73.34148196700005, 3.943101304000038], [73.34148196700005, 3.94204336100006], [73.34489993600005, 3.944566148000092], [73.34506269600007, 3.9447289080000587]]}, "properties": {"featurecla": "Coastline", "scalerank": 6, "min_zoom": 6.0}}, {"type": "Feature", "geometry": {"type": "LineString", "coordinates": [[73.42261803500008, 4.118353583000044], [73.42139733200008, 4.116359768000052], [73.41895592500003, 4.1157087260000935], [73.42261803500008, 4.118353583000044]]}, "properties": {"featurecla": "Coastline", "scalerank": 6, "min_zoom": 6.0}}, {"type": "Feature", "geometry": {"type": "LineString", "coordinates": [[73.54619719090421, 4.24303891168205], [73.5332712698328, 4.23100443344315], [73.52053323825227, 4.191122568286097], [73.51201489529225, 4.186300883534724], [73.43209250834278, 4.1899980631476375], [73.43120106551027, 4.1846494061525705], [73.48691624254222, 4.164146221004814], [73.51089134292747, 4.162087459716128], [73.52658544858896, 4.171277763664904], [73.53817420541161, 4.183312241903804], [73.549317240818, 4.212284133960416], [73.55199156931553, 4.228330104945616], [73.55288301214804, 4.236798811854472], [73.54619719090421, 4.24303891168205]]}, "properties": {"featurecla": "Coastline", "scalerank": 5, "min_zoom": 4.0}}, {"type": "Feature", "geometry": {"type": "LineString", "coordinates": [[72.94516035200007, 4.266302802000041], [72.95866946700005, 4.262518622000073], [72.95435631600003, 4.261460679000038], [72.94516035200007, 4.266302802000041]]}, "properties": {"featurecla": "Coastline", "scalerank": 6, "min_zoom": 6.0}}, {"type": "Feature", "geometry": {"type": "LineString", "coordinates": [[73.59587649800005, 4.3422712260000935], [73.59245853000004, 4.34015534100007], [73.58912194100003, 4.3405622420000896], [73.59587649800005, 4.3422712260000935]]}, "properties": {"featurecla": "Coastline", "scalerank": 6, "min_zoom": 6.0}}, {"type": "Feature", "geometry": {"type": "LineString", "coordinates": [[73.61150149800005, 4.363104559000078], [73.61182701900003, 4.356512762000079], [73.60954837300005, 4.355617580000057], [73.60767662900008, 4.358099677000041], [73.61150149800005, 4.363104559000078]]}, "properties": {"featurecla": "Coastline", "scalerank": 6, "min_zoom": 6.0}}, {"type": "Feature", "geometry": {"type": "LineString", "coordinates": [[73.63795006600003, 4.37055084800005], [73.63705488400007, 4.363959052000041], [73.63363691500007, 4.36469147300005], [73.63168379000007, 4.3684756530000755], [73.63795006600003, 4.37055084800005]]}, "properties": {"featurecla": "Coastline", "scalerank": 6, "min_zoom": 6.0}}, {"type": "Feature", "geometry": {"type": "LineString", "coordinates": [[73.66797936300003, 4.393500067000048], [73.66830488400007, 4.386867580000057], [73.66618899800005, 4.385931708000044], [73.66431725400008, 4.388332424000055], [73.66797936300003, 4.393500067000048]]}, "properties": {"featurecla": "Coastline", "scalerank": 6, "min_zoom": 6.0}}, {"type": "Feature", "geometry": {"type": "LineString", "coordinates": [[72.95704186300003, 4.438299872000073], [72.95606530000003, 4.422105210000041], [72.94711347700007, 4.423081773000092], [72.94336998800003, 4.431586005000042], [72.95704186300003, 4.438299872000073]]}, "properties": {"featurecla": "Coastline", "scalerank": 6, "min_zoom": 6.0}}, {"type": "Feature", "geometry": {"type": "LineString", "coordinates": [[73.55355879000007, 4.620510158000059], [73.55388431100005, 4.61391836100006], [73.55160566500007, 4.612982489000046], [73.54981530000003, 4.615383205000057], [73.55355879000007, 4.620510158000059]]}, "properties": {"featurecla": "Coastline", "scalerank": 6, "min_zoom": 6.0}}, {"type": "Feature", "geometry": {"type": "LineString", "coordinates": [[73.62956790500004, 5.418524481000077], [73.63672936300003, 5.402899481000077], [73.63249759200005, 5.3860537780000755], [73.62777754000007, 5.413275458000044], [73.62956790500004, 5.418524481000077]]}, "properties": {"featurecla": "Coastline", "scalerank": 6, "min_zoom": 6.0}}, {"type": "Feature", "geometry": {"type": "LineString", "coordinates": [[73.00562584700003, 5.46320221600007], [73.00261478000004, 5.457586981000077], [73.00098717500003, 5.456244208000044], [72.99903405000003, 5.461086330000057], [73.00562584700003, 5.46320221600007]]}, "properties": {"featurecla": "Coastline", "scalerank": 6, "min_zoom": 6.0}}, {"type": "Feature", "geometry": {"type": "LineString", "coordinates": [[72.88396243600005, 5.494086005000042], [72.88111412900008, 5.488470770000049], [72.87916100400008, 5.4878604190000715], [72.87769616000008, 5.492132880000042], [72.88396243600005, 5.494086005000042]]}, "properties": {"featurecla": "Coastline", "scalerank": 6, "min_zoom": 6.0}}, {"type": "Feature", "geometry": {"type": "LineString", "coordinates": [[73.01905358200008, 5.61782461100006], [73.01612389400003, 5.612250067000048], [73.01400800900007, 5.611558335000041], [73.01286868600005, 5.6157087260000935], [73.01905358200008, 5.61782461100006]]}, "properties": {"featurecla": "Coastline", "scalerank": 6, "min_zoom": 6.0}}, {"type": "Feature", "geometry": {"type": "LineString", "coordinates": [[73.01465905000003, 5.676988023000092], [73.01189212300005, 5.671535549000055], [73.00977623800003, 5.670843817000048], [73.00855553500008, 5.675034898000092], [73.01465905000003, 5.676988023000092]]}, "properties": {"featurecla": "Coastline", "scalerank": 6, "min_zoom": 6.0}}, {"type": "Feature", "geometry": {"type": "LineString", "coordinates": [[73.39283287900008, 5.737697658000059], [73.38070722700007, 5.714585679000038], [73.37956790500004, 5.71515534100007], [73.38257897200003, 5.72211334800005], [73.39283287900008, 5.737697658000059]]}, "properties": {"featurecla": "Coastline", "scalerank": 6, "min_zoom": 6.0}}, {"type": "Feature", "geometry": {"type": "LineString", "coordinates": [[72.98682701900003, 5.770738023000092], [72.98585045700008, 5.765570380000042], [72.98275800900007, 5.762518622000073], [72.98682701900003, 5.770738023000092]]}, "properties": {"featurecla": "Coastline", "scalerank": 6, "min_zoom": 6.0}}, {"type": "Feature", "geometry": {"type": "LineString", "coordinates": [[73.38233483200008, 5.794989325000074], [73.38453209700003, 5.786932684000078], [73.38070722700007, 5.784125067000048], [73.37680097700007, 5.787339585000041], [73.38233483200008, 5.794989325000074]]}, "properties": {"featurecla": "Coastline", "scalerank": 6, "min_zoom": 6.0}}, {"type": "Feature", "geometry": {"type": "LineString", "coordinates": [[72.97657311300003, 5.813625393000052], [72.97510826900003, 5.80455149900007], [72.97510826900003, 5.804429429000038], [72.97103925900007, 5.810451565000051], [72.97657311300003, 5.813625393000052]]}, "properties": {"featurecla": "Coastline", "scalerank": 6, "min_zoom": 6.0}}, {"type": "Feature", "geometry": {"type": "LineString", "coordinates": [[73.44988040500004, 5.840765692000048], [73.43376712300005, 5.830877997000073], [73.43344160200007, 5.83071523600006], [73.44312584700003, 5.84125397300005], [73.44988040500004, 5.840765692000048]]}, "properties": {"featurecla": "Coastline", "scalerank": 6, "min_zoom": 6.0}}, {"type": "Feature", "geometry": {"type": "LineString", "coordinates": [[72.96363366000008, 5.864325262000079], [72.96371504000007, 5.864040432000081], [72.96648196700005, 5.85024648600006], [72.96192467500003, 5.856675523000092], [72.96363366000008, 5.864325262000079]]}, "properties": {"featurecla": "Coastline", "scalerank": 6, "min_zoom": 6.0}}, {"type": "Feature", "geometry": {"type": "LineString", "coordinates": [[73.42904707100007, 5.911363023000092], [73.42847741000008, 5.904445705000057], [73.42628014400003, 5.903265692000048], [73.42318769600007, 5.90688711100006], [73.42904707100007, 5.911363023000092]]}, "properties": {"featurecla": "Coastline", "scalerank": 6, "min_zoom": 6.0}}, {"type": "Feature", "geometry": {"type": "LineString", "coordinates": [[72.93165123800003, 5.96906159100007], [72.93018639400003, 5.956935940000051], [72.92579186300003, 5.963283596000053], [72.93165123800003, 5.96906159100007]]}, "properties": {"featurecla": "Coastline", "scalerank": 6, "min_zoom": 6.0}}, {"type": "Feature", "geometry": {"type": "LineString", "coordinates": [[73.38982181100005, 5.9702822940000715], [73.39533279100004, 5.957801545000052], [73.38453209700003, 5.964748440000051], [73.38982181100005, 5.9702822940000715]]}, "properties": {"featurecla": "Coastline", "scalerank": 6, "min_zoom": 6.0}}, {"type": "Feature", "geometry": {"type": "LineString", "coordinates": [[72.91570071700005, 5.981350002000056], [72.91285241000008, 5.976304429000038], [72.90984134200005, 5.977932033000059], [72.90967858200008, 5.982123114000046], [72.91570071700005, 5.981350002000056]]}, "properties": {"featurecla": "Coastline", "scalerank": 6, "min_zoom": 6.0}}, {"type": "Feature", "geometry": {"type": "LineString", "coordinates": [[73.25074303500008, 6.083400783000059], [73.24903405000003, 6.07953522300005], [73.24545332100007, 6.079779364000046], [73.25074303500008, 6.083400783000059]]}, "properties": {"featurecla": "Coastline", "scalerank": 6, "min_zoom": 6.0}}, {"type": "Feature", "geometry": {"type": "LineString", "coordinates": [[73.25212649800005, 6.111232815000051], [73.24887129000007, 6.110174872000073], [73.24683678500008, 6.10773346600007], [73.25196373800003, 6.111151434000078], [73.25212649800005, 6.111232815000051]]}, "properties": {"featurecla": "Coastline", "scalerank": 6, "min_zoom": 6.0}}, {"type": "Feature", "geometry": {"type": "LineString", "coordinates": [[73.22046959700003, 6.132066148000092], [73.21900475400008, 6.129299221000053], [73.21517988400007, 6.128566799000055], [73.22046959700003, 6.132066148000092]]}, "properties": {"featurecla": "Coastline", "scalerank": 6, "min_zoom": 6.0}}, {"type": "Feature", "geometry": {"type": "LineString", "coordinates": [[73.27027428500008, 6.156927802000041], [73.26726321700005, 6.150946356000077], [73.26514733200008, 6.150620835000041], [73.26539147200003, 6.153550523000092], [73.27027428500008, 6.156927802000041]]}, "properties": {"featurecla": "Coastline", "scalerank": 6, "min_zoom": 6.0}}, {"type": "Feature", "geometry": {"type": "LineString", "coordinates": [[73.21908613400007, 6.1723493510000935], [73.21583092500003, 6.1712100280000755], [73.21404056100005, 6.168768622000073], [73.21892337300005, 6.172267971000053], [73.21908613400007, 6.1723493510000935]]}, "properties": {"featurecla": "Coastline", "scalerank": 6, "min_zoom": 6.0}}, {"type": "Feature", "geometry": {"type": "LineString", "coordinates": [[73.27084394600007, 6.189439195000091], [73.27084394600007, 6.189357815000051], [73.26807701900003, 6.178697007000039], [73.26596113400007, 6.18500397300005], [73.27084394600007, 6.189439195000091]]}, "properties": {"featurecla": "Coastline", "scalerank": 6, "min_zoom": 6.0}}, {"type": "Feature", "geometry": {"type": "LineString", "coordinates": [[73.03419030000003, 6.222357489000046], [73.03044681100005, 6.22101471600007], [73.02898196700005, 6.218817450000074], [73.02914472700007, 6.218980210000041], [73.03419030000003, 6.222357489000046]]}, "properties": {"featurecla": "Coastline", "scalerank": 6, "min_zoom": 6.0}}, {"type": "Feature", "geometry": {"type": "LineString", "coordinates": [[73.24170983200008, 6.23969147300005], [73.24390709700003, 6.231634833000044], [73.24024498800003, 6.228949286000045], [73.23633873800003, 6.232123114000046], [73.24170983200008, 6.23969147300005]]}, "properties": {"featurecla": "Coastline", "scalerank": 6, "min_zoom": 6.0}}, {"type": "Feature", "geometry": {"type": "LineString", "coordinates": [[73.12842858200008, 6.286851304000038], [73.12614993600005, 6.284002997000073], [73.12289472700007, 6.283351955000057], [73.12842858200008, 6.286851304000038]]}, "properties": {"featurecla": "Coastline", "scalerank": 6, "min_zoom": 6.0}}, {"type": "Feature", "geometry": {"type": "LineString", "coordinates": [[73.21517988400007, 6.294826565000051], [73.20932050900007, 6.286851304000038], [73.20875084700003, 6.2864444030000755], [73.21306399800005, 6.289211330000057], [73.21517988400007, 6.294826565000051]]}, "properties": {"featurecla": "Coastline", "scalerank": 6, "min_zoom": 6.0}}, {"type": "Feature", "geometry": {"type": "LineString", "coordinates": [[73.08334394600007, 6.308579820000091], [73.08139082100007, 6.305609442000048], [73.07813561300003, 6.305080471000053], [73.08334394600007, 6.308579820000091]]}, "properties": {"featurecla": "Coastline", "scalerank": 6, "min_zoom": 6.0}}, {"type": "Feature", "geometry": {"type": "LineString", "coordinates": [[73.19703209700003, 6.3274600280000755], [73.20191491000008, 6.322170315000051], [73.20101972700007, 6.318264065000051], [73.19418379000007, 6.3216006530000755], [73.19703209700003, 6.3274600280000755]]}, "properties": {"featurecla": "Coastline", "scalerank": 6, "min_zoom": 6.0}}, {"type": "Feature", "geometry": {"type": "LineString", "coordinates": [[73.12452233200008, 6.3325056010000935], [73.12094160200007, 6.331040757000039], [73.11931399800005, 6.328924872000073], [73.12419681100005, 6.332261460000041], [73.12452233200008, 6.3325056010000935]]}, "properties": {"featurecla": "Coastline", "scalerank": 6, "min_zoom": 6.0}}, {"type": "Feature", "geometry": {"type": "LineString", "coordinates": [[73.18726647200003, 6.350775458000044], [73.18213951900003, 6.34634023600006], [73.18018639400003, 6.34711334800005], [73.18100019600007, 6.349839585000041], [73.18726647200003, 6.350775458000044]]}, "properties": {"featurecla": "Coastline", "scalerank": 6, "min_zoom": 6.0}}, {"type": "Feature", "geometry": {"type": "LineString", "coordinates": [[73.02051842500003, 6.368963934000078], [73.02491295700008, 6.3648135440000715], [73.02418053500008, 6.362697658000059], [73.01929772200003, 6.36359284100007], [73.02051842500003, 6.368963934000078]]}, "properties": {"featurecla": "Coastline", "scalerank": 6, "min_zoom": 6.0}}, {"type": "Feature", "geometry": {"type": "LineString", "coordinates": [[72.69092858200008, 6.411607164000088], [72.68718509200005, 6.407416083000044], [72.68588300900007, 6.406480210000041], [72.68588300900007, 6.411607164000088], [72.69092858200008, 6.411607164000088]]}, "properties": {"featurecla": "Coastline", "scalerank": 6, "min_zoom": 6.0}}, {"type": "Feature", "geometry": {"type": "LineString", "coordinates": [[72.90284264400003, 6.4401716170000896], [72.90748131600003, 6.435939846000053], [72.90658613400007, 6.433823960000041], [72.90202884200005, 6.434759833000044], [72.90284264400003, 6.4401716170000896]]}, "properties": {"featurecla": "Coastline", "scalerank": 6, "min_zoom": 6.0}}, {"type": "Feature", "geometry": {"type": "LineString", "coordinates": [[73.04881327800007, 6.4413421960000505], [73.04314212300005, 6.433701890000066], [73.04623457100007, 6.4362653670000896], [73.04881327800007, 6.4413421960000505]]}, "properties": {"featurecla": "Coastline", "scalerank": 6, "min_zoom": 6.0}}, {"type": "Feature", "geometry": {"type": "LineString", "coordinates": [[72.96208743600005, 6.559027411000045], [72.95801842500003, 6.554348049000055], [72.95582116000008, 6.55532461100006], [72.95679772200003, 6.56000397300005], [72.96208743600005, 6.559027411000045]]}, "properties": {"featurecla": "Coastline", "scalerank": 6, "min_zoom": 6.0}}, {"type": "Feature", "geometry": {"type": "LineString", "coordinates": [[72.92400149800005, 6.565252997000073], [72.92872155000003, 6.561102606000077], [72.92774498800003, 6.55890534100007], [72.92310631600003, 6.5598819030000755], [72.92400149800005, 6.565252997000073]]}, "properties": {"featurecla": "Coastline", "scalerank": 6, "min_zoom": 6.0}}, {"type": "Feature", "geometry": {"type": "LineString", "coordinates": [[73.02995853000004, 6.58234284100007], [73.03044681100005, 6.576076565000051], [73.02816816500007, 6.575181382000039], [73.02556399800005, 6.579250393000052], [73.02995853000004, 6.58234284100007]]}, "properties": {"featurecla": "Coastline", "scalerank": 6, "min_zoom": 6.0}}, {"type": "Feature", "geometry": {"type": "LineString", "coordinates": [[73.04476972700007, 6.621893622000073], [73.04070071700005, 6.617173570000091], [73.03842207100007, 6.618150132000039], [73.03939863400007, 6.622870184000078], [73.04476972700007, 6.621893622000073]]}, "properties": {"featurecla": "Coastline", "scalerank": 6, "min_zoom": 6.0}}, {"type": "Feature", "geometry": {"type": "LineString", "coordinates": [[73.06950931100005, 6.667954820000091], [73.06177819100003, 6.660956122000073], [73.06226647200003, 6.666896877000056], [73.06950931100005, 6.667954820000091]]}, "properties": {"featurecla": "Coastline", "scalerank": 6, "min_zoom": 6.0}}, {"type": "Feature", "geometry": {"type": "LineString", "coordinates": [[73.10596764400003, 6.709947007000039], [73.10043379000007, 6.699774481000077], [73.09587649800005, 6.698431708000044], [73.09669030000003, 6.706122137000079], [73.10596764400003, 6.709947007000039]]}, "properties": {"featurecla": "Coastline", "scalerank": 6, "min_zoom": 6.0}}, {"type": "Feature", "geometry": {"type": "LineString", "coordinates": [[73.03663170700008, 6.759711005000042], [73.03687584700003, 6.7534854190000715], [73.03467858200008, 6.75259023600006], [73.03199303500008, 6.7565778670000896], [73.03663170700008, 6.759711005000042]]}, "properties": {"featurecla": "Coastline", "scalerank": 6, "min_zoom": 6.0}}, {"type": "Feature", "geometry": {"type": "LineString", "coordinates": [[72.91846764400003, 6.76398346600007], [72.91431725400008, 6.75922272300005], [72.91228274800005, 6.760158596000053], [72.91325931100005, 6.764878648000092], [72.91846764400003, 6.76398346600007]]}, "properties": {"featurecla": "Coastline", "scalerank": 6, "min_zoom": 6.0}}, {"type": "Feature", "geometry": {"type": "LineString", "coordinates": [[73.15951582100007, 6.786525783000059], [73.15251712300005, 6.76821523600006], [73.13599694100003, 6.741197007000039], [73.13168379000007, 6.725043036000045], [73.14478600400008, 6.735541083000044], [73.15284264400003, 6.749212958000044], [73.16651451900003, 6.780340887000079], [73.16423587300005, 6.787054755000042], [73.15951582100007, 6.786525783000059]]}, "properties": {"featurecla": "Coastline", "scalerank": 6, "min_zoom": 6.0}}, {"type": "Feature", "geometry": {"type": "LineString", "coordinates": [[73.18165123800003, 6.830511786000045], [73.19727623800003, 6.828111070000091], [73.18376712300005, 6.821112372000073], [73.18083743600005, 6.823431708000044], [73.18165123800003, 6.830511786000045]]}, "properties": {"featurecla": "Coastline", "scalerank": 6, "min_zoom": 6.0}}, {"type": "Feature", "geometry": {"type": "LineString", "coordinates": [[72.99577884200005, 6.841498114000046], [72.99154707100007, 6.836737372000073], [72.98943118600005, 6.837632554000038], [72.99024498800003, 6.84243398600006], [72.99577884200005, 6.841498114000046]]}, "properties": {"featurecla": "Coastline", "scalerank": 6, "min_zoom": 6.0}}, {"type": "Feature", "geometry": {"type": "LineString", "coordinates": [[73.14437910200007, 6.843410549000055], [73.14031009200005, 6.838690497000073], [73.13803144600007, 6.839667059000078], [73.13900800900007, 6.844427802000041], [73.14437910200007, 6.843410549000055]]}, "properties": {"featurecla": "Coastline", "scalerank": 6, "min_zoom": 6.0}}, {"type": "Feature", "geometry": {"type": "LineString", "coordinates": [[72.97608483200008, 6.8528506530000755], [72.97632897200003, 6.846665757000039], [72.97413170700008, 6.845851955000057], [72.97152754000007, 6.849758205000057], [72.97608483200008, 6.8528506530000755]]}, "properties": {"featurecla": "Coastline", "scalerank": 6, "min_zoom": 6.0}}, {"type": "Feature", "geometry": {"type": "LineString", "coordinates": [[73.09815514400003, 6.85219961100006], [73.09400475400008, 6.847560940000051], [73.09180748800003, 6.848334052000041], [73.09294681100005, 6.8530947940000715], [73.09815514400003, 6.85219961100006]]}, "properties": {"featurecla": "Coastline", "scalerank": 6, "min_zoom": 6.0}}, {"type": "Feature", "geometry": {"type": "LineString", "coordinates": [[72.96469160200007, 6.8606631530000755], [72.96062259200005, 6.856024481000077], [72.95834394600007, 6.8570010440000715], [72.95923912900008, 6.86163971600007], [72.96469160200007, 6.8606631530000755]]}, "properties": {"featurecla": "Coastline", "scalerank": 6, "min_zoom": 6.0}}, {"type": "Feature", "geometry": {"type": "LineString", "coordinates": [[73.10621178500008, 6.896714585000041], [73.10661868600005, 6.890448309000078], [73.10434004000007, 6.889553127000056], [73.10173587300005, 6.893540757000039], [73.10621178500008, 6.896714585000041]]}, "properties": {"featurecla": "Coastline", "scalerank": 6, "min_zoom": 6.0}}, {"type": "Feature", "geometry": {"type": "LineString", "coordinates": [[73.21404056100005, 6.91860586100006], [73.21306399800005, 6.90460846600007], [73.20394941500007, 6.884955145000049], [73.20191491000008, 6.902248440000051], [73.20915774800005, 6.91828034100007], [73.21404056100005, 6.91860586100006]]}, "properties": {"featurecla": "Coastline", "scalerank": 6, "min_zoom": 6.0}}, {"type": "Feature", "geometry": {"type": "LineString", "coordinates": [[72.92595462300005, 6.957424221000053], [72.92628014400003, 6.953802802000041], [72.92458500800007, 6.951704061000044], [72.92595462300005, 6.957424221000053]]}, "properties": {"featurecla": "Coastline", "scalerank": 6, "min_zoom": 6.0}}, {"type": "Feature", "geometry": {"type": "LineString", "coordinates": [[73.19849694100003, 6.97134023600006], [73.19467207100007, 6.951239325000074], [73.19320722700007, 6.950995184000078], [73.19190514400003, 6.967596747000073], [73.19849694100003, 6.97134023600006]]}, "properties": {"featurecla": "Coastline", "scalerank": 6, "min_zoom": 6.0}}, {"type": "Feature", "geometry": {"type": "LineString", "coordinates": [[72.89193769600007, 6.991034247000073], [72.89193769600007, 6.987697658000059], [72.89047285200007, 6.985419012000079], [72.89193769600007, 6.991034247000073]]}, "properties": {"featurecla": "Coastline", "scalerank": 6, "min_zoom": 6.0}}, {"type": "Feature", "geometry": {"type": "LineString", "coordinates": [[72.97974694100003, 7.027736721000053], [72.97974694100003, 7.027533270000049], [72.98145592500003, 7.01398346600007], [72.97730553500008, 7.019029039000088], [72.97974694100003, 7.027736721000053]]}, "properties": {"featurecla": "Coastline", "scalerank": 6, "min_zoom": 6.0}}, {"type": "Feature", "geometry": {"type": "LineString", "coordinates": [[72.94996178500008, 7.056545315000051], [72.94776451900003, 7.053900458000044], [72.94849694100003, 7.050848700000074], [72.94996178500008, 7.0564232440000865], [72.94996178500008, 7.056545315000051]]}, "properties": {"featurecla": "Coastline", "scalerank": 6, "min_zoom": 6.0}}, {"type": "Feature", "geometry": {"type": "LineString", "coordinates": [[72.91285241000008, 7.092718817000048], [72.91285241000008, 7.092596747000073], [72.91187584700003, 7.083197333000044], [72.90658613400007, 7.091009833000044], [72.91285241000008, 7.092718817000048]]}, "properties": {"featurecla": "Coastline", "scalerank": 6, "min_zoom": 6.0}}, {"type": "Feature", "geometry": {"type": "LineString", "coordinates": [[72.88379967500003, 7.107245184000078], [72.88453209700003, 7.103705145000049], [72.88249759200005, 7.101629950000074], [72.88379967500003, 7.107245184000078]]}, "properties": {"featurecla": "Coastline", "scalerank": 6, "min_zoom": 6.0}}, {"type": "Feature", "geometry": {"type": "LineString", "coordinates": [[97.86996504000007, 9.42523834800005], [97.84961998800003, 9.44212474200009], [97.85328209700003, 9.461371161000045], [97.87183678500003, 9.473049221000053], [97.89527428500003, 9.467352606000077], [97.90015709700003, 9.453070380000042], [97.89478600400008, 9.438706773000092], [97.86988366000003, 9.440741278000075], [97.86996504000007, 9.42523834800005]]}, "properties": {"featurecla": "Coastline", "scalerank": 6, "min_zoom": 6.0}}, {"type": "Feature", "geometry": {"type": "LineString", "coordinates": [[98.54759660600007, 0.1593266210000479], [98.59004914400003, 0.17165586500004792], [98.62541622300006, 0.17515444500008925], [98.67314881800007, 0.1698122040000385], [98.71735171300003, 0.17511990700006663], [98.74386804200003, 0.1662657740000668], [98.80574359100007, 0.16091595800008918], [98.83579891300008, 0.14146886000008863], [98.85168541500008, 0.1096213410000928], [98.84458901000005, 0.08485940800005665], [98.76325605100004, 0.08664761100004625], [98.72612544600003, 0.07428458000003957], [98.68900355200003, 0.07077530300006174], [98.62008145400006, 0.08670274800005018], [98.53873988200007, 0.0903351290000387], [98.52813318600005, 0.11157587900004273], [98.52460056700005, 0.14519707000005155], [98.54759660600007, 0.1593266210000479]]}, "properties": {"featurecla": "Coastline", "scalerank": 3, "min_zoom": 4.0}}, {"type": "Feature", "geometry": {"type": "LineString", "coordinates": [[98.28842207100007, 9.004461981000077], [98.26091556100005, 9.012925523000092], [98.25220787900008, 8.997015692000048], [98.25570722700007, 8.93976471600007], [98.25098717500003, 8.918443101000037], [98.25310306100005, 8.897853908000059], [98.26156660200007, 8.878566799000055], [98.27051842500003, 8.87718333500004], [98.29395592500003, 8.93463776200008], [98.30697675900007, 8.957912502000056], [98.31088300900007, 8.978176174000055], [98.29908287900008, 8.997381903000075], [98.28842207100007, 9.004461981000077]]}, "properties": {"featurecla": "Coastline", "scalerank": 6, "min_zoom": 5.0}}]}