{"type": "FeatureCollection", "orca_meta": {"layer": "eez", "layer_kind": "REFERENCE", "authority": "reference", "source": "Marine Regions - World EEZ v12 (2023-10-25)", "source_url": "https://www.marineregions.org/", "licence": "CC-BY 4.0 (Flanders Marine Institute / Marine Regions)", "crs": "EPSG:4326", "simplify_tolerance_deg": 0.002, "polygons": ["Indian Exclusive Economic Zone (Andaman and Nicobar Islands)", "Indian Exclusive Economic Zone"], "generated_at": "2026-09-07T17:36:18.877691+00:00", "disclaimer": "EEZ extent from Marine Regions v12, used as a spatial reference layer. Not an official maritime-boundary determination."}, "features": [{"type": "Feature", "geometry": {"type": "Polygon", "coordinates": [[[90.22637496053645, 15.718269162791785], [92.83388888906157, 14.016388888836374], [92.91388888926136, 13.95805555591943], [93.1347222218536, 13.819722221903291], [93.6830555557697, 13.571666666383791], [93.83333333356691, 13.800000000399905], [95.03333333296726, 13.800000000399905], [95.68333333346717, 12.901944444380803], [95.49999999990084, 12.328611111413736], [95.4333333330674, 11.72138888928599], [95.3666666662343, 10.748055555319937], [95.26611111113917, 10.466666666833518], [95.26722222262768, 10.311666666783438], [95.46666666693332, 9.887222222028186], [95.59522185940162, 9.624570896329985], [95.60343096456793, 9.584286911012157], [95.60861111081445, 9.288333332917247], [95.62833333321694, 8.75305555516995], [95.65444444465575, 8.16500000014996], [95.69666666683347, 7.958333333416746], [95.5300000002002, 7.783333333766734], [95.52000000040013, 7.768333333616852], [95.42916666700879, 7.668333332917555], [94.92694444413135, 7.039999999700399], [94.63333333376707, 6.641666666383685], [94.54000000020037, 6.499999999700421], [94.40333333296721, 6.269999999800703], [94.17166666628421, 5.999999999800352], [93.68666666653385, 5.422222221778185], [92.72527777814773, 4.308611110714779], [92.39861111111449, 4.027777777522843], [92.16011404762568, 3.8406577873275296], [92.04902480714955, 3.906260942888423], [91.92824374295438, 3.9844777196710623], [91.8138264020669, 4.0656492235330575], [91.70571284467243, 4.14926047389207], [91.5983253998975, 4.239627730935297], [91.50535952752065, 4.324371113536301], [91.40794441939968, 4.420361776475147], [91.30962821756864, 4.525695548311205], [91.2306167242829, 4.617317418963793], [91.15170372834453, 4.715928271972345], [91.07434596509447, 4.820517556240446], [91.00764114452394, 4.9180032764302695], [90.93214059641164, 5.038053873487556], [90.7638922318412, 5.319976431367536], [90.65683200988954, 5.518408705797171], [90.00794766785103, 6.918123726728766], [89.74118425774785, 7.547026133849201], [89.67476252936783, 7.7133953766952885], [89.59591970932732, 7.896423355353704], [89.54800453128465, 8.020951454746111], [89.49892638864233, 8.166802969981347], [89.45670604065154, 8.31424812615046], [89.15919553554593, 9.508601263537798], [89.03836212990879, 9.80615087836047], [88.97076768378233, 10.001160257539937], [88.93782074273358, 10.113409233149682], [88.90924398342369, 10.224944456421497], [88.8823746355811, 10.348136627303688], [88.86199924816728, 10.460865502740873], [88.8380015426375, 10.637908611892897], [88.82278629695023, 10.83042510363589], [88.79984334419501, 11.521502693494824], [88.79964455265471, 11.68193961422196], [88.80952045410592, 11.871614339130744], [88.83055777672061, 12.06224248390383], [88.86195418134074, 12.247782724093497], [88.90622824363922, 12.440144332794716], [88.96890047807486, 12.650440904324398], [89.0421166033988, 12.847851873565261], [89.10732794592852, 12.997119076884246], [89.2619449004371, 13.31563343723353], [89.32083639398482, 13.694650778211027], [89.34740383941599, 13.825700080294439], [89.3775057104207, 13.948795762014981], [89.44390154372141, 14.167893728612896], [89.57749445410602, 14.549647305479013], [89.62392015968797, 14.671460121387597], [89.775670746408, 15.01518262437888], [89.83468500101233, 15.133481812435761], [89.90125815993648, 15.254241929621386], [89.9817918897846, 15.385990675829191], [90.06428147600977, 15.50803593860796], [90.16250412496592, 15.63952950308419], [90.22637496053645, 15.718269162791785]], [[93.0152354241757, 13.676111220956031], [93.00942850082473, 13.67397785189631], [93.00663590442392, 13.667544364580806], [93.0033241509889, 13.670421957707262], [92.98195457474426, 13.665241241290332], [92.97672641279397, 13.655317545368518], [92.98603355870208, 13.643041848902428], [92.9947077032979, 13.644439339603807], [93.00093674683373, 13.649566650680583], [93.01474142117993, 13.643970966386973], [93.0177179577179, 13.632669568446033], [93.02799236765364, 13.627014040565712], [93.03225684128049, 13.63372695443546], [93.02535426578689, 13.648006558056167], [93.02529823802368, 13.660601138831439], [93.02241206176737, 13.669685363488838], [93.0152354241757, 13.676111220956031]], [[93.02269864062978, 13.674301266989957], [93.02360987689454, 13.670864104894562], [93.02424085113469, 13.672513961550123], [93.02269864062978, 13.674301266989957]], [[93.04234957737108, 13.63674676455166], [93.04702734973282, 13.620902061780669], [93.05649435553042, 13.644132375808454], [93.06489372216757, 13.647306680458868], [93.06698191198578, 13.65187025061158], [93.0564185381854, 13.65417683089612], [93.04234957737108, 13.63674676455166]], [[92.8851332664872, 13.574382543419688], [92.90256094962862, 13.594981550857867], [92.90222144116674, 13.600641608623448], [92.89667260615599, 13.601832628473048], [92.8862402437924, 13.592929840239933], [92.8814462421507, 13.582488775136937], [92.8851332664872, 13.574382543419688]], [[93.02702677276764, 13.578700661606263], [93.02366364016527, 13.572864651482561], [93.01927614198033, 13.573630571693556], [93.01594150079998, 13.570454358681658], [93.01451134672143, 13.54338157160241], [93.00980675208021, 13.541852712432828], [93.00258493434731, 13.560817122012793], [92.99357116257946, 13.56549155698984], [92.99350631246674, 13.570451855868598], [92.98788130307989, 13.572983146155309], [92.9850876328882, 13.556854725265282], [92.9806232453665, 13.552546858450725], [92.99210476852059, 13.535895944042736], [92.98848664754124, 13.527827740158273], [92.97610950485003, 13.528000712163077], [92.9716695546064, 13.539012550888572], [92.96500253673796, 13.544078826776456], [92.9607300762323, 13.541573643808803], [92.95124244718161, 13.54276871690297], [92.94610476512301, 13.53702664366466], [92.93211376653764, 13.539549469532346], [92.91764450039355, 13.536441326206429], [92.9139292238547, 13.531339764518577], [92.91442155860844, 13.52567660768949], [92.91759586325853, 13.522054314754826], [92.92780566230161, 13.520064354286419], [92.92297363282736, 13.512693524286817], [92.92959690137619, 13.50179517280911], [92.92418014979452, 13.495712041577562], [92.91808366812703, 13.50049340684528], [92.90387260903398, 13.497195243965322], [92.90365874755335, 13.484515428144448], [92.89897906773015, 13.47631287543895], [92.8872157339193, 13.477884173615678], [92.87727701662143, 13.475315570457326], [92.87617182716812, 13.4709806439418], [92.87189853209193, 13.471680164508072], [92.87095165209755, 13.46497476087653], [92.87618994670905, 13.460107445602148], [92.87308645287752, 13.447671771435182], [92.88046634174881, 13.443928480115162], [92.88411784196532, 13.429395675969644], [92.87510037398332, 13.423008680006603], [92.87032091617769, 13.42457222962473], [92.8686444755622, 13.418404817528412], [92.87439143661581, 13.408283830134565], [92.87127530551086, 13.411326646707309], [92.86772704117035, 13.402276754568788], [92.85112011440188, 13.411775946203136], [92.84522032705664, 13.408643126379317], [92.8429862258341, 13.402223706259221], [92.84270834881139, 13.394430041113523], [92.84653472939445, 13.39043366887887], [92.85957777509421, 13.385409951607983], [92.86476314100659, 13.38957464725216], [92.86692404730698, 13.385685205307993], [92.86553454438368, 13.381555676753237], [92.85526704753627, 13.37858951119722], [92.85105037647409, 13.370982050681206], [92.84236347679317, 13.37777030435602], [92.83628165677348, 13.366601467383859], [92.83435821555943, 13.337569117820507], [92.82632887407865, 13.326942563048988], [92.82685542084121, 13.31990635369526], [92.83124542273825, 13.315081477428464], [92.82168841368949, 13.309565305794251], [92.83466672888667, 13.30461347133462], [92.83938181411978, 13.306347131315249], [92.84209477915081, 13.30137515024306], [92.83551454585975, 13.293865680756639], [92.8382314445258, 13.28668510953031], [92.82481336624434, 13.288508057800868], [92.82531404490746, 13.280445337082696], [92.82247960574935, 13.27734255821241], [92.82687282542096, 13.266039371519923], [92.8332525494661, 13.269054532141183], [92.83876264078336, 13.258971452970286], [92.84696674302111, 13.262516140707405], [92.85436236822889, 13.257661819737322], [92.8498419520445, 13.239113926666377], [92.84392750305207, 13.236856221837158], [92.83614385095828, 13.243344903244804], [92.83131241773438, 13.242180704775706], [92.82782101662687, 13.236516714275183], [92.82574892017689, 13.2248195408892], [92.82935082907781, 13.22373473636894], [92.82460415335927, 13.217206358886514], [92.83174633972206, 13.213832140340969], [92.82880890390791, 13.208296656665354], [92.81829941298773, 13.20146691816376], [92.81854724905642, 13.19465625248398], [92.82429575964196, 13.192695975039257], [92.81880342993466, 13.18359374955206], [92.8352040054605, 13.173138976083067], [92.83267557591714, 13.170698046977463], [92.82812726456197, 13.173667431207079], [92.81529855698304, 13.17412805586514], [92.8097152707434, 13.153493643017327], [92.82202744461122, 13.145029068336783], [92.83147394676533, 13.14902496303182], [92.83380615682907, 13.145225405628182], [92.84245395668475, 13.146010279950517], [92.84718370446475, 13.139228344012793], [92.83992004397513, 13.136301755821535], [92.84232342278781, 13.127645730765778], [92.83569443185306, 13.13028681298617], [92.83210420604459, 13.124888658484721], [92.8295788764643, 13.131884574613522], [92.82652175437548, 13.130501747357982], [92.82322442516741, 13.133496641756594], [92.81876373295998, 13.127870440768206], [92.8101474048789, 13.126825213612719], [92.81660270704967, 13.114772558007076], [92.82542467141181, 13.114270448522504], [92.82056975329166, 13.107133149974857], [92.82218277461564, 13.09646260756351], [92.81313824693282, 13.10370755226181], [92.80764412847398, 13.099226951762475], [92.80538606661392, 13.086761117031969], [92.80852615835582, 13.083320855872898], [92.80714595352319, 13.080080747828376], [92.81127965493218, 13.078619956545765], [92.8102892639387, 13.075403928748457], [92.80336880722487, 13.077058315289193], [92.80045604700936, 13.091388225186549], [92.7969472404229, 13.08953702471382], [92.7968201635197, 13.067859530493081], [92.7925268414406, 13.05546104868857], [92.79586267512278, 13.04982614496059], [92.79350495309112, 13.047814130417962], [92.79459881738174, 13.030881643672885], [92.78854334390033, 13.017745256438545], [92.79093694708266, 13.012025355985529], [92.79953336687154, 13.009530663609382], [92.80404102797141, 13.012239217465876], [92.80635845677742, 13.006731628961504], [92.82519054370871, 13.012443542535536], [92.81860578053275, 13.00029957336669], [92.80881202225717, 12.997585057904232], [92.80827415033187, 12.993986845216966], [92.8185571433979, 12.987172007582046], [92.81378376500916, 12.9829961063853], [92.80608284514742, 12.983180403552694], [92.79932236703385, 12.99132585560369], [92.7932337526357, 12.981719971099949], [92.79720544837315, 12.964994430948238], [92.79284810985266, 12.96767997744898], [92.79168820384771, 12.956118107065038], [92.79264473896362, 12.95135426508726], [92.79999840270457, 12.947712421790811], [92.80155587200622, 12.938808917697358], [92.79857826257697, 12.930534124250457], [92.793787002968, 12.93012452082995], [92.79432690106566, 12.91447126843434], [92.80255043495484, 12.898869037276356], [92.82435941725359, 12.896834373307854], [92.82907295205544, 12.88643133603739], [92.83776640869311, 12.891399741405039], [92.84305465255042, 12.8917336461909], [92.84393584696173, 12.885493874642563], [92.84142184254418, 12.879271745994515], [92.84271395248706, 12.876170635366577], [92.8730031252941, 12.882893323967764], [92.86978876573923, 12.89054727583624], [92.87638676154015, 12.907854914772585], [92.8706876039499, 12.909010172181794], [92.86526620377268, 12.902145146981127], [92.85895502605396, 12.90326976808528], [92.85724127256665, 12.908807873284957], [92.85950505771248, 12.912573456999667], [92.85416066648159, 12.916361450920249], [92.85458040256393, 12.927548051301642], [92.8576871159677, 12.934853553648622], [92.86933255225588, 12.934463023949377], [92.87708902323996, 12.944053411336014], [92.87295055362532, 12.949699520616477], [92.87727367833801, 12.957551956457678], [92.8750474452834, 12.964148641046833], [92.88177931326484, 12.968972921063639], [92.87948954130925, 12.97294771676377], [92.88352000684293, 12.977950930391259], [92.88232374214718, 12.98253107055261], [92.88808846481086, 12.982719660184259], [92.89759230594049, 12.99485886114745], [92.89863383778177, 12.986232280795264], [92.90691924053075, 12.984732508398679], [92.90650844550865, 12.967384815456967], [92.90971255279251, 12.96239244945211], [92.9079004530436, 12.951601504905568], [92.91270816305146, 12.946399926915191], [92.91915917365716, 12.960039138595434], [92.9282186031061, 12.957944154399271], [92.9315501452231, 12.965929508240194], [92.93858373125451, 12.971118211536279], [92.93720722173614, 12.98078870783256], [92.93089616272803, 12.9808807372562], [92.93323826803223, 12.988903403069742], [92.91937887713382, 12.986519575517946], [92.91593885429498, 13.000445962311389], [92.90830540696928, 12.999752164131152], [92.90536451326196, 13.017689466095973], [92.90184915061783, 13.021982312433849], [92.90977680665472, 13.033320545706644], [92.91617047828518, 13.054213523535338], [92.8979902271673, 13.05781805485951], [92.8881137366599, 13.045693278122314], [92.89562225376434, 13.057683109787604], [92.91006994247434, 13.061002254750392], [92.91295552247979, 13.066290617318245], [92.91098904600781, 13.075405239959863], [92.90037906214442, 13.082222700017766], [92.89892673528075, 13.093694210119779], [92.89266681712004, 13.09505593748149], [92.90036070338411, 13.094336271202039], [92.90260565312863, 13.081040978258656], [92.91321814070497, 13.076080441059602], [92.9228227139973, 13.056424617402271], [92.92886745946586, 13.062293648832721], [92.9351495504117, 13.061230302136877], [92.9370402095382, 13.084433555564132], [92.94300115078269, 13.054791927005965], [92.93550741673405, 13.050935507267852], [92.93505167989147, 13.042319059576855], [92.95086216885423, 13.029277205478763], [92.95524132222963, 13.018474936669179], [92.97060680416106, 13.012629270524528], [92.97584235673938, 13.015273571418149], [92.96864545382496, 13.018069744423372], [92.96613395222059, 13.035300254802848], [92.98301243737447, 13.02384686514074], [92.99020683747582, 13.026085614959243], [92.99013137806108, 13.031524061786172], [92.99500656150391, 13.0354228018209], [93.00421750513405, 13.028705358065963], [93.01073324714176, 13.039134740975612], [93.0097024442127, 13.04346930956109], [93.01398551492005, 13.04387295227501], [93.01279032221575, 13.048293948407135], [93.0208097693558, 13.049962043313869], [93.03032684310969, 13.067666530585925], [93.02604484529346, 13.07156383979941], [93.02735555141763, 13.077503919470473], [93.03496706517788, 13.081110954506912], [93.0310549738081, 13.127631426149534], [93.03754961502287, 13.138721823353421], [93.03417372733597, 13.157065153034395], [93.03716111149637, 13.170469879981056], [93.03205311336094, 13.177956938362158], [93.03687703634657, 13.195232868102607], [93.04596817499166, 13.210247874339984], [93.04325973984535, 13.222677112059031], [93.05584681038212, 13.23258364172159], [93.0575503106987, 13.256224751670914], [93.06477725546611, 13.264103650962838], [93.06638145444103, 13.272593140461069], [93.0454907420042, 13.259467363428143], [93.04032862176902, 13.270070076273086], [93.04664421066204, 13.276925206233386], [93.04592061074791, 13.2821207048068], [93.0330443380258, 13.276250958415105], [93.02574920666095, 13.283434629604471], [93.0223951338285, 13.278767466545432], [93.01229584257933, 13.276976465791321], [93.0108934640622, 13.281879544405555], [93.01646220646595, 13.289997100385847], [93.01261806517195, 13.294807553326095], [93.02191591298904, 13.294944644180134], [93.01364624477853, 13.299128175225107], [93.0117759705847, 13.308314561967606], [93.00692975520442, 13.308894753290232], [93.0093058350964, 13.3200464249026], [93.00335252280072, 13.317102432131705], [92.99429821948732, 13.298828125417614], [92.9876948592304, 13.299412012054788], [92.99388623196401, 13.292932867957461], [92.99126374682484, 13.292713642021042], [92.98632574124022, 13.298493266451189], [92.98910880123051, 13.301022053025463], [92.99450790901315, 13.300586461895634], [92.9980480668651, 13.315185546975314], [92.98635375512211, 13.317380547474372], [92.97830164460518, 13.324044227958836], [92.96357667422447, 13.324985146347558], [92.95363354665099, 13.332894444522978], [92.95067250723073, 13.343605041839325], [92.95522284475877, 13.344524860334033], [92.96406996225906, 13.359375000156035], [92.9693373445431, 13.360408902149217], [92.97089326341379, 13.349502205862208], [92.97677254711593, 13.348538517538756], [92.98132324257378, 13.332192659463757], [92.98818385570056, 13.329291701051247], [92.98960125469412, 13.341885447255535], [93.0039224627516, 13.353575468333347], [93.03263914578034, 13.345389604346778], [93.0410974027233, 13.352058053036728], [93.0403207544995, 13.357267260875332], [93.03476834288486, 13.360631346759234], [93.04138743857985, 13.36717247932647], [93.03911137588946, 13.361157416881369], [93.04575920132643, 13.34625744832249], [93.04150736317447, 13.338420748818407], [93.04039645223489, 13.32210373919628], [93.04587364185514, 13.32062244427054], [93.05330061922851, 13.3277944323671], [93.06009364110898, 13.329077959180552], [93.06544351550625, 13.302972554839755], [93.07070636790482, 13.306724667609487], [93.0729787352806, 13.324916243889504], [93.07706654068821, 13.329862952213531], [93.09025073048721, 13.33537840798732], [93.08759856232408, 13.343469620126811], [93.0791369679969, 13.341514229598033], [93.07839727381545, 13.348298072997679], [93.07157695301399, 13.347615838300499], [93.06286907215022, 13.360744357366329], [93.05529475255096, 13.382147550269224], [93.04872405567087, 13.37356412388516], [93.02878761295827, 13.373209357526022], [93.0455199483873, 13.376865625048637], [93.04851281661334, 13.374606013656603], [93.05271494383979, 13.391121744672816], [93.06260144739932, 13.391403674939681], [93.06894755388649, 13.397228002870122], [93.07080113846192, 13.406610250262986], [93.05980873138819, 13.39904534836404], [93.06155133242837, 13.420926451794344], [93.0522277352218, 13.406947374621552], [93.04547822434094, 13.404202937815384], [93.04505884618882, 13.410574674981362], [93.03642213317508, 13.416888475123002], [93.04070150856788, 13.426095247697546], [93.03280937665161, 13.424911856796811], [93.02090573331301, 13.431437611856424], [93.0347186328589, 13.435144305265439], [93.03352594386732, 13.45170164071817], [93.03587436690887, 13.452965855489978], [93.02947151679743, 13.460532426530278], [93.01869273198443, 13.46452844173426], [93.02398157119282, 13.467557430331269], [93.03091764463372, 13.464606642282874], [93.0340422392583, 13.466359853524395], [93.03778755675089, 13.480295658018235], [93.0350575450698, 13.483042239707615], [93.04118657140347, 13.492604255282231], [93.04498493630572, 13.525324821683213], [93.02702677276764, 13.578700661606263]], [[93.05213642075924, 13.562918543556052], [93.05460596089668, 13.559905648327103], [93.05723464506312, 13.566540479459704], [93.05391454681879, 13.56605935115806], [93.05213642075924, 13.562918543556052]], [[94.27200841925318, 13.46546220781471], [94.26781320601472, 13.462679744075032], [94.26321482670332, 13.464313626073178], [94.24931395097835, 13.445716857546913], [94.25570237596426, 13.430299759026866], [94.26315665225783, 13.430135607572296], [94.27549815211827, 13.441834450099904], [94.27503633495891, 13.4568891524126], [94.27781271928191, 13.461661219589743], [94.27200841925318, 13.46546220781471]], [[93.10406947112929, 13.430009007309934], [93.0980466601255, 13.438143252908716], [93.09645140131121, 13.434617400572662], [93.0990942713835, 13.430331826153065], [93.10406947112929, 13.430009007309934]], [[93.06995165324659, 13.412366747727205], [93.07268547985151, 13.431102752889828], [93.06735753991896, 13.422303319242928], [93.06995165324659, 13.412366747727205]], [[93.08705711379523, 13.415772557657462], [93.08902001366303, 13.409997939753339], [93.09228455988509, 13.410303711946767], [93.0954791307577, 13.416192054519854], [93.0926654335631, 13.420172214676072], [93.08705711379523, 13.415772557657462]], [[93.06170964278621, 13.384967923131057], [93.06333684911655, 13.38400804973189], [93.0636408325586, 13.387026310316102], [93.06170964278621, 13.384967923131057]], [[93.0819443465547, 13.37000000449683], [93.08256995633852, 13.366872907059118], [93.08346831790871, 13.368820071489083], [93.0819443465547, 13.37000000449683]], [[93.07449197772272, 13.364380240855539], [93.0777870415391, 13.363142848363964], [93.07912111294914, 13.363741875087655], [93.07617461646564, 13.366786241192287], [93.07449197772272, 13.364380240855539]], [[93.07366335408099, 13.303330540772023], [93.07209670539876, 13.298005461582875], [93.07852292079642, 13.299109816465077], [93.07861173154632, 13.301430225624571], [93.07366335408099, 13.303330540772023]], [[93.02230930343174, 13.302664518153108], [93.02394843117551, 13.308287620977012], [93.02090895198697, 13.316765070351764], [93.02590823197946, 13.327311873244568], [93.01630270450622, 13.331282854020515], [93.01588404221516, 13.316630005670376], [93.01061713657171, 13.316641569153077], [93.00943827645543, 13.310742021027409], [93.01815450212874, 13.308047652177422], [93.02230930343174, 13.302664518153108]], [[93.01646041861383, 13.337840676206326], [93.0146579739866, 13.33963727973672], [93.01491725482768, 13.337398648628934], [93.01646041861383, 13.337840676206326]], [[93.03760290165283, 13.340840339710041], [93.0367486473323, 13.343065739092594], [93.03714013121228, 13.34070134139381], [93.03760290165283, 13.340840339710041]], [[92.96972215185613, 13.338055610578053], [92.96638894059723, 13.336388945593441], [92.96749985243625, 13.332499861579421], [92.96777772945873, 13.335277676723365], [92.96972215185613, 13.338055610578053]], [[93.01611113542091, 13.28499984746513], [93.01583325839854, 13.283333301190908], [93.01666665114536, 13.284444451350339], [93.01611113542091, 13.28499984746513]], [[93.05750465391705, 13.226159930036701], [93.06141138083112, 13.22109341582852], [93.05830204500373, 13.22691333258416], [93.05750465391705, 13.226159930036701]], [[92.93952667671513, 13.01159024239574], [92.9425530437882, 13.01799333082748], [92.93818342682383, 13.020881414545613], [92.93984675442456, 13.025128721912935], [92.92779195303635, 13.023308753995764], [92.92506265631678, 13.028132558270897], [92.92184472105728, 13.027620553545702], [92.92252755200533, 13.021641850690955], [92.91593682722302, 13.01211845830045], [92.92158341404362, 13.000488520029364], [92.94143915159563, 12.99528694113944], [92.94404482840642, 12.997107266986745], [92.93952667671513, 13.01159024239574]], [[92.98660111455015, 12.99984621972726], [92.98872613880033, 12.998126029792672], [92.9891995194424, 13.000446438951982], [92.98660111455015, 12.99984621972726]], [[93.00575756985629, 12.997523427364456], [92.99368882178194, 12.990931153050198], [92.98563790286713, 12.992996454223132], [92.98890650233332, 12.984699845021964], [92.9794893261716, 12.979849338975896], [92.97917461381738, 12.974770068783641], [92.9723540546959, 12.969449162448981], [92.96439242407152, 12.977810144222929], [92.96911454200293, 12.98234105099884], [92.96040701906887, 12.989472628059545], [92.95776271817525, 12.983165860615884], [92.95243954644829, 12.980177879305685], [92.96293175239865, 12.96870815795522], [92.9587602614769, 12.964906930510594], [92.95433211303671, 12.967911362219525], [92.95411825155637, 12.962366342133052], [92.96165704703517, 12.954829812046114], [92.97259891041134, 12.95499813545581], [92.97394645186753, 12.945667147620881], [92.97160196336026, 12.944227337521554], [92.9603009224501, 12.949377179313487], [92.95176982851481, 12.940771460534663], [92.9694019554361, 12.944482207188173], [92.97390294086827, 12.935408831052769], [92.98263847858343, 12.934133172408096], [92.97987294188297, 12.94795370090253], [92.98824405631828, 12.95638930841993], [92.97976350787988, 12.960126161493122], [92.97958946208448, 12.96695804577729], [92.99245941616923, 12.98539400113225], [93.0054583546196, 12.993724346601411], [93.00575756985629, 12.997523427364456]], [[92.88375294204482, 12.92966175038957], [92.87354934202861, 12.934459209025349], [92.87011992939145, 12.931985258612826], [92.85988092396545, 12.93274164241295], [92.85916340346856, 12.925727844164712], [92.8649226429657, 12.917100072210687], [92.87269938017252, 12.91632485390896], [92.87534296520587, 12.926465272954033], [92.88078653816851, 12.920521259648567], [92.88634085634587, 12.92307531807154], [92.88375294204482, 12.92966175038957]], [[92.89871883360755, 12.926951647000848], [92.89522600167871, 12.917107462839155], [92.89826214348344, 12.90995776623781], [92.89592754841769, 12.898610830225778], [92.88664054912218, 12.893980503397685], [92.87919604756004, 12.895295262766169], [92.87267196164211, 12.892457843254917], [92.87392091761652, 12.881168007897301], [92.8417458529888, 12.875590204824277], [92.84031605684075, 12.878562927337143], [92.84208464648961, 12.89111447375403], [92.82927465470166, 12.884936452355305], [92.82451415100749, 12.89518404001143], [92.81018304860928, 12.897532343443046], [92.80344903484516, 12.89703357224164], [92.79220974408494, 12.889879822395983], [92.79332017928331, 12.862980366151135], [92.7824449538717, 12.859626054998557], [92.78155827539442, 12.848533272792267], [92.78012251853986, 12.862370729225745], [92.76937580085283, 12.86134040383665], [92.76865601496334, 12.850255846830066], [92.77553164946633, 12.841078043217337], [92.77419960512785, 12.831357478964605], [92.78367233241275, 12.824355960059606], [92.7813937660097, 12.822008848229743], [92.78315317627838, 12.810267805914734], [92.78614234919044, 12.810547352078729], [92.78243815859449, 12.807669043091934], [92.7799481157131, 12.824935674741823], [92.77323400934213, 12.832013010991759], [92.77415347080617, 12.84178924597687], [92.7633513216065, 12.852174759057945], [92.76055395610078, 12.85941624676245], [92.75865936243972, 12.847784042199848], [92.75339663055033, 12.847614645899398], [92.74477446047311, 12.839434862229083], [92.74358177148181, 12.824534058200285], [92.73982667925807, 12.834919810501034], [92.73815500774779, 12.829370855880356], [92.7394751306729, 12.816312313062781], [92.73799455160756, 12.81044125545968], [92.73188984384134, 12.834825157754949], [92.72386992006082, 12.826648474047943], [92.72053551630123, 12.805354952569175], [92.72112953649915, 12.796414971073986], [92.72367727718486, 12.795371413060295], [92.7209924456449, 12.787871718305382], [92.73103404088866, 12.753549933282713], [92.73090004909821, 12.743353843505076], [92.73879373054652, 12.737643838292684], [92.74132204048013, 12.72479701027379], [92.74614000275895, 12.7223267551758], [92.74022424255512, 12.71792745608741], [92.74251031919604, 12.699410558150745], [92.73037600514866, 12.697904825047829], [92.72789883606262, 12.691831350736365], [92.73576843726372, 12.684450149754738], [92.73287510869969, 12.674217819996485], [92.74396741426486, 12.671097516937081], [92.75215065492907, 12.674615502003803], [92.75972271003528, 12.671037912569773], [92.76862382912665, 12.671720027657386], [92.78426814046267, 12.692891120828662], [92.78615260146174, 12.7057287694672], [92.77974665138723, 12.712890624902386], [92.78754484641777, 12.707016944876202], [92.78840124652069, 12.674054622722736], [92.78390955917897, 12.66494226457398], [92.7828772067181, 12.653054952923853], [92.7803356650592, 12.652776837581087], [92.78035616870253, 12.630613327243324], [92.78676724401308, 12.625177144909443], [92.78545284257504, 12.618980407719661], [92.7858606572436, 12.624667406475666], [92.7802325487933, 12.628767609937313], [92.77881300491654, 12.637912869783165], [92.7771039009244, 12.632823466929437], [92.77934455910437, 12.656250000437169], [92.77710425885456, 12.667164802313877], [92.77365386503428, 12.669845342288838], [92.7618094681329, 12.667998075450768], [92.75323414823757, 12.670724273106927], [92.75046932739772, 12.665851950407315], [92.74416601694858, 12.66756021982826], [92.74066960841574, 12.660574555071818], [92.73458504636315, 12.656954526630102], [92.73614025117169, 12.639853358545722], [92.72808241826945, 12.63540065321763], [92.724977731937, 12.626782417674463], [92.71972084024466, 12.642945051472907], [92.71550452711224, 12.643428206846224], [92.71214485150378, 12.622906446675287], [92.70500850713714, 12.608446001981449], [92.70178651773412, 12.612568736158252], [92.69536566769162, 12.607393502907769], [92.69159841573455, 12.608124970990673], [92.68672835842719, 12.615100979726591], [92.68454027191618, 12.607812524028859], [92.68664324299132, 12.601563573100506], [92.7074731585598, 12.596943378034425], [92.70424914388323, 12.58759665476174], [92.7081856725309, 12.571872234516022], [92.70481777172327, 12.56525874159756], [92.7087136510145, 12.555938959315469], [92.70369791972351, 12.547996044481962], [92.70658147355655, 12.547175526429442], [92.70142304863495, 12.54566061484553], [92.69874227033986, 12.539201855681242], [92.69956970237982, 12.530339241063231], [92.6942300793551, 12.51484262898424], [92.70105564590173, 12.510595441226585], [92.70139086279838, 12.50032544156602], [92.70839691158838, 12.49336314209529], [92.69948196452142, 12.46740126595573], [92.70650374874916, 12.451048850923712], [92.70201504266029, 12.445723533414522], [92.70306420345028, 12.435865640886561], [92.69806253935477, 12.42092585574369], [92.70047354711656, 12.407711148350813], [92.69776535029101, 12.389446854688629], [92.6994348760189, 12.379277825511323], [92.70312476199857, 12.378460645742322], [92.70532703441538, 12.369799256230749], [92.6999857422484, 12.365910768467415], [92.69944643950166, 12.327713608695987], [92.70505702466195, 12.330283403456448], [92.70859074606645, 12.328485965355242], [92.70742762048863, 12.316331148563776], [92.71114552034967, 12.309661745693006], [92.7151731251399, 12.311615347470237], [92.71963357902658, 12.300396442541896], [92.73250603682439, 12.301973462205467], [92.73592102523557, 12.308678031266368], [92.73559045783341, 12.300851106493539], [92.74784696096881, 12.299873471483522], [92.75452101243488, 12.295723080455957], [92.7638111116934, 12.312306046586897], [92.76481282695082, 12.301748752203295], [92.77127861971272, 12.31955301745785], [92.77990591502615, 12.312820911156095], [92.79069650164254, 12.311527252580717], [92.79453933262423, 12.306203842533463], [92.80293154695377, 12.312749504985788], [92.80959415454677, 12.314669013464353], [92.831985712271, 12.302496433264011], [92.8487048150752, 12.308126449176243], [92.85493540724369, 12.313366055898868], [92.86953294279115, 12.313913225914561], [92.87225651712495, 12.317597269898044], [92.87816512591999, 12.31326985362108], [92.88664710517989, 12.323424458572035], [92.8947186473479, 12.320183754276897], [92.897061705933, 12.32603597647902], [92.88900685338385, 12.325163840938615], [92.88837635488485, 12.331084728177686], [92.87968933559446, 12.333563923436373], [92.88160920110406, 12.344084024558171], [92.88752233978451, 12.343895434926523], [92.89605617485282, 12.335706829806497], [92.88980364822018, 12.350631237441746], [92.8797167541251, 12.358022570185469], [92.87289082964853, 12.353780507664212], [92.86840510391269, 12.36196351090723], [92.85978782165071, 12.362280369044015], [92.85979735896129, 12.37131416781466], [92.8385229112038, 12.395048260468897], [92.84150505051795, 12.405858159126794], [92.83406615263138, 12.409083008374338], [92.82868921763375, 12.422480464302112], [92.82994234556284, 12.42779874821359], [92.81101334139314, 12.433377504568327], [92.80462205386485, 12.438644170991836], [92.79756641375909, 12.436461210616528], [92.79435515416733, 12.4378826619553], [92.79426467427564, 12.44573462025663], [92.79845774173148, 12.463704347277869], [92.79105305675333, 12.469670057627056], [92.80027365640458, 12.464396357605935], [92.79773128017453, 12.460556268657058], [92.79958355443765, 12.454748153704259], [92.79596591009889, 12.445071577990916], [92.79681003085832, 12.43784427619255], [92.80470693098059, 12.440235853202054], [92.81827354398897, 12.433654427409962], [92.82005965692784, 12.437043905651691], [92.82442450478734, 12.432824730876803], [92.83727216737671, 12.431164145309253], [92.84627032241767, 12.42335248023278], [92.85831034164934, 12.422420859035341], [92.86559355250083, 12.425487756754592], [92.87580680853753, 12.413790464658234], [92.88570225225718, 12.422946572126804], [92.89880704900642, 12.41560018030411], [92.89587020854341, 12.424326538638795], [92.88695812221974, 12.435197830415461], [92.87717854985053, 12.442073703238748], [92.86802923676018, 12.443016052448783], [92.84906554214129, 12.458363056010285], [92.84163033956864, 12.47056365009233], [92.84327924294288, 12.478485226711882], [92.83658754857666, 12.484811306196931], [92.83703327146858, 12.490951657692904], [92.82918250566846, 12.49642431742825], [92.83495891052522, 12.49449300804605], [92.83863174895637, 12.492120623467926], [92.83822941745396, 12.484790444623215], [92.84448206459595, 12.480883717709332], [92.84423875841222, 12.469974756030282], [92.85290205448652, 12.45878970608004], [92.86915624106783, 12.446374655166153], [92.87947952735843, 12.447891474212156], [92.88587451020047, 12.453719616167334], [92.87808597119081, 12.444801211207107], [92.90782165534509, 12.422175050038547], [92.90666544465469, 12.40778934979862], [92.91309714321866, 12.405727863550155], [92.91942894419063, 12.429057955560253], [92.92388963729726, 12.434726833876354], [92.91543030746269, 12.443584203648115], [92.92319214380248, 12.442574500612622], [92.93116021177448, 12.448236107910176], [92.94115865215039, 12.448969245134705], [92.94638097300376, 12.45725584038479], [92.94423532460107, 12.46057951433312], [92.95802021026495, 12.467487930923198], [92.95807206607313, 12.474248647357172], [92.95089197148772, 12.476254105842315], [92.94403862937943, 12.468782305359184], [92.93081152483197, 12.46593010459064], [92.93522512943642, 12.469577312343162], [92.93187701731065, 12.480468749832923], [92.93992745868562, 12.483386158644336], [92.94674825702677, 12.49888265111349], [92.95869851132747, 12.486639142282797], [92.96390605002435, 12.487850308744768], [92.96820855148363, 12.49617624303913], [92.96595144290481, 12.513483167014499], [92.97205507777986, 12.523228526475506], [92.9753447771399, 12.542303204629206], [92.96173024195721, 12.576590418812884], [92.95605695246675, 12.608108878521989], [92.95805764184686, 12.642480850211129], [92.96518564230351, 12.679661035928163], [92.9631742240114, 12.698461055733262], [92.97032535053452, 12.710537314045709], [92.97873544698328, 12.707643866771136], [92.98025715384452, 12.709769368561624], [92.97700250106496, 12.718105554228089], [92.96765601611222, 12.719961643415147], [92.96559882142881, 12.723436952053873], [92.96436524386107, 12.729217052225351], [92.9686063531008, 12.739764213947396], [92.96244835870496, 12.74703443049458], [92.96271216853219, 12.752203941359014], [92.95221066449054, 12.757420659436093], [92.94882154507823, 12.762738943347571], [92.94952774041306, 12.769927621062891], [92.93878793761363, 12.768013000399819], [92.93428385221821, 12.773596644569508], [92.93428361389792, 12.781157612833795], [92.9488352534444, 12.792513966546494], [92.95377957856485, 12.804152130916222], [92.94416105768667, 12.826565861425593], [92.94831085246435, 12.836079359475022], [92.94109106090391, 12.836598157678893], [92.93896675071525, 12.848912953969872], [92.94106090034055, 12.855967164153242], [92.93578100219199, 12.854532956830553], [92.92956197260699, 12.859039068398431], [92.92738985985446, 12.884654402478688], [92.92000102992372, 12.887508749928827], [92.90959632441084, 12.883122562955904], [92.90508520631724, 12.884660959435891], [92.91023385560791, 12.903969049432064], [92.9218683246639, 12.912325143390873], [92.91027891613922, 12.908959507974998], [92.90618407713364, 12.914870023333037], [92.89898443218615, 12.915917157950545], [92.90139055213254, 12.922625065294525], [92.89871883360755, 12.926951647000848]], [[92.93178272249489, 12.918691516100509], [92.93198621299373, 12.916410922625914], [92.93536794177723, 12.913537144423842], [92.93620395694708, 12.917436004068392], [92.93178272249489, 12.918691516100509]], [[92.91225576359287, 12.913895368676492], [92.91252875369904, 12.917722701641537], [92.90869355166646, 12.91443312189125], [92.91225576359287, 12.913895368676492]], [[92.94904875789413, 12.428886651797526], [92.94927513613894, 12.414792776165811], [92.9405355451793, 12.421970724969057], [92.93220174271633, 12.418117046364657], [92.92609524709829, 12.403881549993443], [92.9245002266043, 12.39122867606254], [92.92794585221961, 12.386977076231233], [92.91848516505846, 12.374281048331838], [92.91891372169087, 12.364771127785502], [92.93112611757627, 12.358844041519362], [92.9429842237432, 12.384084820557959], [92.94391012165514, 12.403267144863023], [92.95253241044273, 12.408232331556917], [92.96063411227445, 12.419562577950728], [92.95625376729785, 12.43526840201531], [92.94904875789413, 12.428886651797526]], [[92.89043664953184, 12.391755938685705], [92.89406824145627, 12.399564028057384], [92.88967311342381, 12.401136279515924], [92.88801407828734, 12.407841801857671], [92.88246190589226, 12.398602008875557], [92.87373924287218, 12.405277013623433], [92.86528217753082, 12.40372693495027], [92.85214960611953, 12.40902161615486], [92.84478151815276, 12.404432654543356], [92.84370124351759, 12.40044045426366], [92.84492886037881, 12.394620418797388], [92.86017823263958, 12.388192534257996], [92.86237192192678, 12.379776001361321], [92.8676259519763, 12.37798023240174], [92.87268650547813, 12.383557439224603], [92.87968254121634, 12.383433818415995], [92.88203942777753, 12.374047756099102], [92.8860154150797, 12.378415942241858], [92.88419830790608, 12.3879499439347], [92.89043664953184, 12.391755938685705]], [[92.89756166963562, 12.410783767556993], [92.89908766716226, 12.40770614182513], [92.89874851663106, 12.411523342128532], [92.89756166963562, 12.410783767556993]], [[92.89557826522505, 12.394131302717653], [92.89773964906593, 12.392732977444936], [92.89720785655757, 12.394928813414069], [92.89557826522505, 12.394131302717653]], [[92.86688876150745, 12.412694454585491], [92.86744773422552, 12.420551657732801], [92.85898351657616, 12.416538238848645], [92.86231303252052, 12.412699461111444], [92.86688876150745, 12.412694454585491]], [[92.84632015205366, 12.414906025093103], [92.83344805218624, 12.426588654642828], [92.8291399479505, 12.423429847109773], [92.83664524548195, 12.416064143245691], [92.84632015205366, 12.414906025093103]], [[92.88830018050899, 12.413813233693872], [92.88934981793992, 12.412848949119905], [92.88934981793992, 12.4141577477818], [92.88830018050899, 12.413813233693872]], [[92.90123176603325, 12.425711512576285], [92.89938187587344, 12.421968460476023], [92.90326344964873, 12.420248747182029], [92.90465414507307, 12.42309534517419], [92.90123176603325, 12.425711512576285]], [[92.87588048010016, 12.444157362272506], [92.87449431456119, 12.445168733550247], [92.87421095347307, 12.444376230278976], [92.87588048010016, 12.444157362272506]], [[92.90835392449421, 12.34144830679395], [92.91195488011394, 12.338127731909466], [92.9186793565672, 12.350042343379513], [92.91795074922786, 12.353958010453923], [92.91249537446188, 12.353884338891291], [92.90835392449421, 12.34144830679395]], [[92.90670943229455, 12.339785575444012], [92.90466487398513, 12.340273738242374], [92.90542495219998, 12.33845996845298], [92.90670943229455, 12.339785575444012]], [[92.91150045358305, 12.335184335388988], [92.91274762170568, 12.331861376401548], [92.9135421511497, 12.332730769909048], [92.91150045358305, 12.335184335388988]], [[93.06853544675371, 12.319057821960982], [93.0630079508567, 12.315923571315736], [93.073889136075, 12.316701055009602], [93.06853544675371, 12.319057821960982]], [[92.92995166773548, 12.305716275985432], [92.93060815304412, 12.285046458627107], [92.92763471646956, 12.281010031487995], [92.92261481322296, 12.284276843101836], [92.9198262691672, 12.282565832547093], [92.91887152190336, 12.28883481047825], [92.91276335714352, 12.293057560957763], [92.90163922277227, 12.288118958223365], [92.90375304236923, 12.277601957064789], [92.90143454067166, 12.271333933314438], [92.90901112566306, 12.274212479722166], [92.9143644570544, 12.271347880000732], [92.91209125510781, 12.263134956313294], [92.91720664477131, 12.267596959731861], [92.91680574409011, 12.263108849893683], [92.92116606206454, 12.265094042156534], [92.92257463960803, 12.258269310180708], [92.9188023802262, 12.23841822122408], [92.92221045464905, 12.231150507489872], [92.92899906625408, 12.238187551414342], [92.92983114688994, 12.258248925247855], [92.94225180147967, 12.274309277351279], [92.94183170836672, 12.280306935217013], [92.93356645133107, 12.287544250067185], [92.93312764152782, 12.293465137306256], [92.9365645644036, 12.298241138117987], [92.93431889969762, 12.310244560338262], [92.92995166773548, 12.305716275985432]], [[93.84751951651268, 12.282371521428601], [93.84692657010524, 12.272522449451685], [93.85423910605019, 12.266921878242215], [93.8671874999034, 12.266535758818236], [93.8763889071225, 12.270833253751661], [93.87805545339646, 12.281666636406257], [93.8671874999034, 12.295555472007592], [93.85775065466927, 12.293126106384705], [93.84751951651268, 12.282371521428601]], [[93.02997624870525, 12.27981686585565], [93.02462995091153, 12.278121352418452], [93.0220823289367, 12.274765610444547], [93.02699804302532, 12.273529172133792], [93.02997624870525, 12.27981686585565]], [[93.06250000027504, 12.233888745269326], [93.06555545322166, 12.227222204041482], [93.08277773840214, 12.22222220908759], [93.09308695749726, 12.224434733776022], [93.09138894124672, 12.215000033424914], [93.10074985042533, 12.203943609909786], [93.10361111186373, 12.208333253876674], [93.10361111186373, 12.221666574652588], [93.10055553930707, 12.231388926757674], [93.10583317296258, 12.239722251680675], [93.10570538019917, 12.260754824075775], [93.10009694082137, 12.259346723172698], [93.09916663173496, 12.249166608052562], [93.09277772920902, 12.238611102420336], [93.08861112610285, 12.237222075238535], [93.0850000378214, 12.238611102420336], [93.08361113114896, 12.258610963525257], [93.07777774344825, 12.261944413104118], [93.07249987147227, 12.259722232395163], [93.06250000027504, 12.233888745269326]], [[93.07633626420758, 12.209576845395063], [93.06629991560916, 12.210146069485504], [93.04411554369759, 12.159362315818143], [93.0375297067308, 12.159741878285203], [93.03648006929993, 12.156917810108823], [93.04320597657491, 12.155815005658042], [93.03718864873738, 12.133531927756337], [93.0397075418696, 12.126953720637673], [93.04656445968217, 12.12774574726852], [93.05030775100218, 12.119721055282511], [93.05303657018194, 12.122786402570327], [93.05657005326535, 12.12323415253428], [93.05020284688433, 12.114968180537005], [93.0663306715235, 12.097988963220061], [93.06947934639501, 12.087415814688072], [93.07441222674314, 12.083627343227533], [93.07864534820422, 12.08466053025937], [93.07965993905535, 12.08948230746249], [93.08553731439557, 12.089792251611229], [93.09081995457765, 12.09998655353678], [93.09330391894073, 12.111662029878687], [93.08984041210536, 12.115243911777156], [93.0930240157459, 12.122683047984367], [93.0876712797058, 12.12306177588026], [93.08994531622355, 12.127194642718791], [93.08770632718583, 12.129984378376307], [93.09498310068975, 12.142417549730098], [93.09403860569742, 12.14837574984108], [93.08382296555774, 12.155539512738457], [93.0899802449924, 12.174447417014775], [93.08970034089819, 12.180336713768426], [93.08634185779076, 12.18030214292952], [93.08662176098576, 12.19304525843215], [93.07721102217116, 12.20217204080717], [93.07633626420758, 12.209576845395063]], [[93.10947394336816, 12.143939733232102], [93.1155612465545, 12.129956841135368], [93.12325787575051, 12.13994455349831], [93.12189364467636, 12.144835234059016], [93.11836004288179, 12.143870830774233], [93.12052905567137, 12.148347973380211], [93.10947394336816, 12.143939733232102]], [[93.09789753004716, 12.133507252157969], [93.09639322776567, 12.136572479836047], [93.09747755564499, 12.133576154616023], [93.09789753004716, 12.133507252157969]], [[93.03190743937725, 12.11596155188414], [93.0352375506724, 12.123930334817302], [93.02611565611298, 12.13855850666971], [93.02956104250845, 12.163889527279864], [93.02754604851137, 12.166233778366347], [93.0066869256614, 12.145610809391414], [93.0021333694597, 12.1333725454068], [93.00438225283895, 12.11332571540963], [92.99512982348264, 12.128906250423256], [92.99162435518011, 12.1439449789778], [92.98302912699305, 12.148949742136992], [92.96360790767895, 12.150597214689682], [92.95578074458601, 12.146043658488153], [92.95724153496897, 12.134953379994656], [92.96599674265596, 12.118935108068968], [92.97570514717486, 12.11708867580171], [92.97625565547426, 12.11316394805776], [92.98037576632888, 12.1118564606071], [92.99707841873428, 12.113458513799515], [93.00049376507516, 12.107019901247597], [93.00667285936518, 12.107789635483414], [93.00917935354468, 12.10042417083882], [93.00713932512, 12.075410842936094], [93.01085317173673, 12.071488142264158], [93.01952147523608, 12.072180747943193], [93.02722144091715, 12.068120241456143], [93.04107344118646, 12.04633986928961], [93.04510462258057, 12.045540809960514], [93.05338072813848, 12.060576438551934], [93.0512014630772, 12.073115706524774], [93.05382776224175, 12.075988769766127], [93.03465902849157, 12.09954726709293], [93.03190743937725, 12.11596155188414]], [[92.99803102021556, 12.06468725221491], [93.00469768015412, 12.103776454919455], [92.98996615371507, 12.10970950099265], [92.97390663618265, 12.105293154355806], [92.97730910782903, 12.103892326269929], [92.97428762947075, 12.102450251677837], [92.9665517808402, 12.109203815803369], [92.95986735839202, 12.107357620957487], [92.96060574046263, 12.093327641257687], [92.96535921055946, 12.094241142015036], [92.96516561530123, 12.090505123512742], [92.96999025324769, 12.090075373479849], [92.9707696435045, 12.087098479011672], [92.96043014513563, 12.082429051459584], [92.96210134000515, 12.071864247736968], [92.96490454660781, 12.06809365749632], [92.97520780589551, 12.06514036663468], [92.97320067916812, 12.059824228505406], [92.97577333467186, 12.060673117470571], [92.97957861446187, 12.051086545008047], [92.99108135711927, 12.043891906586396], [92.9974498747122, 12.045252442346282], [93.00119042399885, 12.050633549298922], [92.9992306231949, 12.05463790931202], [93.00146162535376, 12.061648249667073], [92.99803102021556, 12.06468725221491]], [[92.96610677201014, 12.04823756201408], [92.96313154668351, 12.044656038045844], [92.96183395357437, 12.030488014210547], [92.95025956642601, 12.01264274076999], [92.94205117262354, 12.007024645371061], [92.93093931669617, 12.005487561002198], [92.92544460288636, 11.995882749389395], [92.93400883683873, 11.984802365236973], [92.94774842275186, 11.985182523954279], [92.95985817901183, 11.98091113544045], [92.97350192057743, 11.948933124863856], [92.98547601680511, 11.945067644456273], [92.99026751473414, 11.951095342376092], [92.99595725552334, 11.94741427874601], [93.00025653830883, 11.949983358545296], [93.00171995201444, 11.947465539203222], [92.99470055098973, 11.939874053344795], [93.01716721019872, 11.910287380558202], [93.02513265574751, 11.888477206657967], [93.03477203819946, 11.881757259190067], [93.04315161705384, 11.882442950881398], [93.05310606978955, 11.893951654245654], [93.05381214641383, 11.903696417455805], [93.04972922792209, 11.907731652094228], [93.04804611163885, 11.920105457400936], [93.0372766258159, 11.947675466149803], [93.02836072456776, 11.95127415637721], [93.02488195893548, 11.966268301041225], [93.00737595563581, 12.000367641453522], [93.00892281563554, 12.019949913157973], [92.99844360309001, 12.033757209927444], [92.98663794988184, 12.03852534257065], [92.98252165305203, 12.043414235278917], [92.97456324110081, 12.042114376777192], [92.97490584862626, 12.037286758477137], [92.96907567959917, 12.033888578395363], [92.96610677201014, 12.04823756201408]], [[92.78096854676144, 11.896945118722314], [92.78859114646437, 11.901471853543171], [92.78355777227395, 11.904207348390344], [92.78819131867456, 11.919291972946198], [92.78782451129214, 11.924963951225436], [92.78247487521551, 11.930114746298557], [92.78420782113412, 11.936185956117], [92.76426374947275, 11.939767241765026], [92.75304174458105, 11.931332826748573], [92.74692630790284, 11.932192802555946], [92.73315978010001, 11.905368208576007], [92.73173427551674, 11.856732010773612], [92.71837770906413, 11.824320435239926], [92.71021425708264, 11.814519643367007], [92.69248485589193, 11.808922767471813], [92.69293773199095, 11.813358664470783], [92.67983925297929, 11.818893313575757], [92.69603157070068, 11.813096165855413], [92.70830535880557, 11.817055463538892], [92.72607612611253, 11.856461405669506], [92.72334194157773, 11.877343654585957], [92.72642147567072, 11.890298843716764], [92.7232445476981, 11.891085147961405], [92.72717273243606, 11.898738741899408], [92.72228181355504, 11.902940034555044], [92.72522234933203, 11.908362150592708], [92.72525095946455, 11.92759489988481], [92.72098362419504, 11.934021711532736], [92.71445584296313, 11.932457566563457], [92.71862435353106, 11.938715100621309], [92.71614551530357, 11.950791955184727], [92.7191531656861, 11.961722255077916], [92.72399127457757, 11.962664127647358], [92.72563087896228, 11.96715664866052], [92.73293232896404, 11.968433141876005], [92.73057305830005, 11.975045919833391], [92.72379887092163, 11.974580407359937], [92.72337543952537, 11.98073005694657], [92.72684025757198, 11.982185840803936], [92.73085904091229, 11.99312770328099], [92.72819304477335, 11.994501352055806], [92.73887264695523, 11.997014164872027], [92.73779034614759, 11.98636913262942], [92.73335015758383, 11.982729911756223], [92.73424875747415, 11.97712624058363], [92.74485695348599, 11.982357859527653], [92.74866354448724, 11.97745943040843], [92.7570749521474, 11.987920880444278], [92.75252044176514, 11.99221527541458], [92.74306011163495, 11.988324046517604], [92.74287211915325, 11.993446946419496], [92.74671494923578, 11.99634325533691], [92.76865375047063, 11.998718619368773], [92.7659461498952, 12.011366248453612], [92.75718355157997, 12.002634644373401], [92.75241267690367, 12.002605676311134], [92.74883294078788, 12.00939071221164], [92.75033056740179, 12.013748168543316], [92.74683845043447, 12.017187953061693], [92.74042582469232, 12.013311863352044], [92.73677361041385, 12.015674472299281], [92.74026501152119, 12.018787265120295], [92.73355162101066, 12.021723628042977], [92.7417845726001, 12.02914881666463], [92.73636710605709, 12.030254840688542], [92.73864293132667, 12.035097718684867], [92.74087774751015, 12.034234046664025], [92.73938703578321, 12.040911913054458], [92.74136853183248, 12.04212212533588], [92.74397087125911, 12.034781217579095], [92.74833345372636, 12.036310672999363], [92.74906027321302, 12.032180905224592], [92.75300502795997, 12.03429377064117], [92.75375020530797, 12.027414322113259], [92.76212084310279, 12.020617842339618], [92.76458215714112, 12.025754571116622], [92.77843534991158, 12.02406787912939], [92.77551722523972, 12.031183361922842], [92.77677345313262, 12.040688753483195], [92.78365147083886, 12.047107577352776], [92.77857840057308, 12.050432800832994], [92.76644396781504, 12.046769141782633], [92.76009404640334, 12.055145263643098], [92.75199985481001, 12.0550345184285], [92.75825524308519, 12.064179658664429], [92.75144040545055, 12.070942044240027], [92.74227094664715, 12.074213147419016], [92.73734056911215, 12.06363821013548], [92.73523032701829, 12.065150618905975], [92.7411426302285, 12.074120521744689], [92.73583137991463, 12.08385086072866], [92.73615252961568, 12.106154203054018], [92.75451970122359, 12.150800108937844], [92.75738465797568, 12.176108479222918], [92.75238585462372, 12.180258750640917], [92.74913334852576, 12.176867842477051], [92.73632633709101, 12.182135463081295], [92.7242244481001, 12.178345680408825], [92.7209924456449, 12.179973602599645], [92.71385765081007, 12.165762305186306], [92.71255624277691, 12.175493717061386], [92.70393884180444, 12.165227770645046], [92.70570003992523, 12.180353045456783], [92.71219027086457, 12.189499139873533], [92.70704805892095, 12.19760108002582], [92.71025991476372, 12.212312579462079], [92.70539915554676, 12.231130718807535], [92.69917857643028, 12.239317655685383], [92.69472110289692, 12.239032149713907], [92.68916785761056, 12.23475241639106], [92.6861547231621, 12.225731014774738], [92.68480753873703, 12.208437561744006], [92.68072640899666, 12.21401810685029], [92.6773797276924, 12.204239368152386], [92.67773425573151, 12.216471314399655], [92.67431592903691, 12.217853426694319], [92.65778815789739, 12.187065124755634], [92.65851676433746, 12.183092356127347], [92.6542626616928, 12.181790351843404], [92.66534745701952, 12.216722011212028], [92.66190755379094, 12.215275406734676], [92.64577853665045, 12.178520441165446], [92.63205504410544, 12.12483775615759], [92.63541972623935, 12.11949062379341], [92.62346744576601, 12.1027704480977], [92.61961102512905, 12.070805907566807], [92.62032377742062, 12.064871549382573], [92.62536752259317, 12.060973167277893], [92.62075626858714, 12.05259764166776], [92.62768340096838, 12.044113039984836], [92.61988580218846, 12.041142224933807], [92.62281656233492, 12.027820945180395], [92.61691176936293, 12.025524735877866], [92.6129406689769, 12.00625610363636], [92.61680424192221, 11.991099119628643], [92.61208534266464, 11.983849645045254], [92.61316585562011, 11.961987852757318], [92.6084226368952, 11.948187947515848], [92.61168074576997, 11.94049823320698], [92.60626637919037, 11.923970222847444], [92.60610222773599, 11.918097614813178], [92.6116428375473, 11.913473844942118], [92.61105537430657, 11.870937347480535], [92.60370624045115, 11.866215348259743], [92.60462605984495, 11.85804951217527], [92.60039591783735, 11.867143511563825], [92.60152745203052, 11.897174120289534], [92.5939040186557, 11.898940443646538], [92.59217870258536, 11.887390136745395], [92.58670771109209, 11.887459873774162], [92.57923865354141, 11.926534056901389], [92.57305645928821, 11.927067637261644], [92.56230020519067, 11.94625484938176], [92.55501675601894, 11.925488829745902], [92.54265534876552, 11.922896146340065], [92.53468871161485, 11.911685824541223], [92.53784871074939, 11.905038357034456], [92.53626573127886, 11.900493740993284], [92.52626216386798, 11.894949555477623], [92.52495443809707, 11.871290445597765], [92.51371955851099, 11.847220063155518], [92.51811301740182, 11.842630266973458], [92.5178613664095, 11.833604455081627], [92.5221072438546, 11.82568335510284], [92.53663444522365, 11.838539719532605], [92.5412113667114, 11.83610510816419], [92.54217171675171, 11.828778624634012], [92.54646754254307, 11.835027455952272], [92.54674327378322, 11.82937610182556], [92.5414681438397, 11.824157118356354], [92.54079902215736, 11.818902015415631], [92.54911470418043, 11.81550991565011], [92.55381500725687, 11.793428302074688], [92.55238532981954, 11.784154057863518], [92.55612015761946, 11.773190856273231], [92.55933070225049, 11.773099541810481], [92.55273532887239, 11.762907505277255], [92.55216777302448, 11.721101760937515], [92.56210803985445, 11.693612933090378], [92.56522274013739, 11.692018150917121], [92.5728988647912, 11.699361205355316], [92.57445061170634, 11.715652227268478], [92.58123576631775, 11.716739177571128], [92.58559465437011, 11.714067935686828], [92.5878187416416, 11.718050122015427], [92.59482395676028, 11.71081864826219], [92.5930341485072, 11.702649473894198], [92.59960770613102, 11.690718173704852], [92.59820413601224, 11.677612543284226], [92.59154474709274, 11.668777107977107], [92.60808885082022, 11.634047627895654], [92.6126370425657, 11.635163903291584], [92.63134515255697, 11.628318429352248], [92.63183546023865, 11.650640130437807], [92.63809454472775, 11.6454489234291], [92.63444650150487, 11.634666443301683], [92.63914656626119, 11.634952664234149], [92.64199614550611, 11.63893783091639], [92.64434301811596, 11.636229872410695], [92.64433824991048, 11.624587059445318], [92.63662350207304, 11.615525842144038], [92.62991356855676, 11.616633414800205], [92.62808453996959, 11.625825047288231], [92.62456715115312, 11.61755251923347], [92.61554563082652, 11.621579647382916], [92.60843181627573, 11.619757532783979], [92.60569584388853, 11.608828902032243], [92.60762405420704, 11.594711780724126], [92.61882030970978, 11.583770751918777], [92.62032043913703, 11.572446346621632], [92.61795926101135, 11.562597155934156], [92.62111985639618, 11.561727524106104], [92.63155400751182, 11.57170307673573], [92.63326227693292, 11.579047918126989], [92.64703524118354, 11.572420358912666], [92.64233827549143, 11.560280442088867], [92.65100276496585, 11.550068736483126], [92.64417994045229, 11.540934800900402], [92.6467683313937, 11.522145748327588], [92.66717803513839, 11.503936052506845], [92.6722073551853, 11.504083156412705], [92.67879247629193, 11.511369943867905], [92.68433070200027, 11.511559247561252], [92.69365000764176, 11.505393147575887], [92.69961190216773, 11.506008505987936], [92.70533275590222, 11.492320417952996], [92.70914924124455, 11.490324854708305], [92.70696413508685, 11.485071659229774], [92.71145224582474, 11.47708594835774], [92.71786034078244, 11.502092957623915], [92.72776985169739, 11.51632571196211], [92.72387850319049, 11.529650211288413], [92.73461675645856, 11.55116987269166], [92.73062300664665, 11.5597257618346], [92.73933291458243, 11.571071148314942], [92.73818874401562, 11.579769730188943], [92.74205780012747, 11.579085349709189], [92.74382555520552, 11.583662748737083], [92.74458241474687, 11.588876605171322], [92.74073743798252, 11.592782377904655], [92.75292611155092, 11.609793543637238], [92.75219523881978, 11.633998036580067], [92.7463011738603, 11.639999270150327], [92.75776290923116, 11.650703072189174], [92.75816154451994, 11.655968904941233], [92.7543938159221, 11.658214807067907], [92.7563600540735, 11.665819168519818], [92.74842846350296, 11.668085813509649], [92.7475819586405, 11.671301841306885], [92.75095903882894, 11.672107219272888], [92.74851405647851, 11.676385403064032], [92.7385789157847, 11.677691817623312], [92.73156714460825, 11.673305034399888], [92.73063731216237, 11.68010294409548], [92.72607040372614, 11.680537104403982], [92.72158193595774, 11.686406850795592], [92.7153847221272, 11.67733407001134], [92.71629857991567, 11.664533734244444], [92.72974967950441, 11.659101843475355], [92.72038495540156, 11.65324294560564], [92.71068680315372, 11.652345061575318], [92.71036243477889, 11.643515348654589], [92.70240736021188, 11.654202580684512], [92.69511342044817, 11.65301370661723], [92.69986152608865, 11.647681475119995], [92.70018732528482, 11.64145863061134], [92.6930303576651, 11.636328458791354], [92.69493150738347, 11.62290716183604], [92.68967092037693, 11.629573941384365], [92.6877125503942, 11.64054274575112], [92.68485581884104, 11.630912065139725], [92.68174433723144, 11.637539743964226], [92.68019664266106, 11.629278659782528], [92.6736515764596, 11.624982952701188], [92.66548824318826, 11.644598722353166], [92.66625094382621, 11.653939842849468], [92.68394851711074, 11.650829553740891], [92.6855967046246, 11.662187218665267], [92.6918957235088, 11.66392755521241], [92.69325315930624, 11.668072938815271], [92.69883441937307, 11.665689944935181], [92.70816183060433, 11.669815421144904], [92.70187413688214, 11.67297375203718], [92.70096170901573, 11.67671310882291], [92.70398414155491, 11.682595968229279], [92.70267736906558, 11.695644855925352], [92.70697152571566, 11.698634743798536], [92.69547224005206, 11.700333475909346], [92.70532655687524, 11.702665805582555], [92.70213782799854, 11.707243442930675], [92.70897865334226, 11.70295512647806], [92.7116217617353, 11.695410728222612], [92.71820795573277, 11.705898522998538], [92.72247850877667, 11.697555542054658], [92.72789275664573, 11.695052743189706], [92.73179805273847, 11.697880030039414], [92.74030351599484, 11.69016253926985], [92.74519002460013, 11.692306160600879], [92.74220860024687, 11.707753658004947], [92.74433624781958, 11.713387728061306], [92.75566673253402, 11.701921462805274], [92.75616717377628, 11.725234269845657], [92.76111805405517, 11.745127558589957], [92.76590311553659, 11.751597166276156], [92.76379561457603, 11.759837030954188], [92.7710865739862, 11.785933613845373], [92.76978826501662, 11.798961639068452], [92.77780985793888, 11.827394604877256], [92.77606821018011, 11.833137751006504], [92.78095614870759, 11.850163817606116], [92.78591382516291, 11.854397177387781], [92.78376722347869, 11.859018802376], [92.78799104684973, 11.883448958602614], [92.77890205398697, 11.891972541399696], [92.78096854676144, 11.896945118722314]], [[93.01373994334406, 11.849118470840708], [93.01554226836114, 11.828598737741615], [93.01734352138672, 11.830586433717073], [93.03039693806832, 11.826364159877983], [93.03235840801418, 11.821908354587023], [93.0502566101546, 11.81229352992267], [93.06219041315697, 11.817094922193107], [93.07215535648461, 11.83762395338276], [93.06958186641023, 11.84251677972577], [93.05959534654815, 11.844769120098917], [93.0450637340044, 11.842297077148316], [93.03473842154088, 11.836313724798558], [93.01373994334406, 11.849118470840708]], [[93.07833480870468, 11.77976572510812], [93.08351397558991, 11.78023362168436], [93.08620572111718, 11.788751721315066], [93.08062863390458, 11.788109660232635], [93.07833480870468, 11.77976572510812]], [[92.72370767606836, 11.689514755801483], [92.72524416418688, 11.687065959426647], [92.72663021101565, 11.688334464863871], [92.72370767606836, 11.689514755801483]], [[92.69294214226639, 11.661179899732815], [92.7007482054656, 11.65986824032693], [92.70120394230835, 11.663146615424012], [92.69605767712031, 11.66372764131755], [92.69294214226639, 11.661179899732815]], [[92.7651503083404, 11.68093323687934], [92.7599737647777, 11.676782250500366], [92.76115965849178, 11.669459104354345], [92.76675975306037, 11.678725957936692], [92.7651503083404, 11.68093323687934]], [[92.6706435681464, 11.479498147721458], [92.66807150799391, 11.490448712937834], [92.65969002257683, 11.491303801829005], [92.64582800835606, 11.50027894951397], [92.64574575456314, 11.510958075954363], [92.64066350491694, 11.510329126987756], [92.63629627205538, 11.517066955675375], [92.62098872624878, 11.497409344166044], [92.61115694014089, 11.458196044012297], [92.62330925501848, 11.440686940749742], [92.61980772035022, 11.430329442449917], [92.62279534373047, 11.430732607623781], [92.62448787681447, 11.425781249804743], [92.62432920942555, 11.408961654057109], [92.62219834317952, 11.404208540991306], [92.61442446671597, 11.400464058069971], [92.58733963951298, 11.400788068514487], [92.59231591214987, 11.379601955765722], [92.5817656513639, 11.37054503002922], [92.58101391795824, 11.36643147433324], [92.59268224199198, 11.349497556766835], [92.6035912036713, 11.346273541190897], [92.62746357878135, 11.349256754295709], [92.63828301385033, 11.346377372417976], [92.65255463149137, 11.357111811660886], [92.66466987091772, 11.352056145974359], [92.66729021027513, 11.360857247863848], [92.67843782864307, 11.362861871778179], [92.69084775432074, 11.37035501047535], [92.69025826490727, 11.38180351232215], [92.69378054153921, 11.387170910908978], [92.67815434974344, 11.392596840971393], [92.67468786255503, 11.399216651627214], [92.66359555698958, 11.395105600543204], [92.66081881563585, 11.406121134582804], [92.64954876896067, 11.40724444357636], [92.67235207588774, 11.415745973198156], [92.67486309995232, 11.420883774866525], [92.67329144474482, 11.427208661850372], [92.68373954254608, 11.427165865812015], [92.68116116555532, 11.431041955521835], [92.6852202412214, 11.433512568550313], [92.68464183775077, 11.442082643599221], [92.67596685858385, 11.462011576073436], [92.67751085783985, 11.471070170052371], [92.6706435681464, 11.479498147721458]], [[92.56120192972551, 11.397839545858503], [92.55706250682957, 11.396017074228709], [92.55589711675893, 11.390643835444848], [92.5630072350962, 11.393724203209615], [92.56120192972551, 11.397839545858503]], [[92.5483886005537, 11.393023252721036], [92.54937458037298, 11.397583961230907], [92.54551887469657, 11.395219922361704], [92.5483886005537, 11.393023252721036]], [[92.61631476881146, 11.511175036498912], [92.61269044880547, 11.510132313056033], [92.60989725615346, 11.504128575773152], [92.61142873774602, 11.504541754898284], [92.61631476881146, 11.511175036498912]], [[92.27029967269212, 11.51615393155862], [92.27256298029764, 11.518092274538787], [92.27024996266599, 11.51676642922746], [92.27029967269212, 11.51615393155862]], [[92.26210200780193, 11.51796162103193], [92.27017474157137, 11.522713541596701], [92.27470564834718, 11.534438371833446], [92.26881802073527, 11.554609179670067], [92.27101743240885, 11.583902954957509], [92.26295125469696, 11.589810609571998], [92.24103295800458, 11.592075944249345], [92.23042225828092, 11.587394356964126], [92.21557033060682, 11.594396233799259], [92.21561825278016, 11.589259743342652], [92.20737230778596, 11.585180639774748], [92.21491444154847, 11.573604226453824], [92.20811557767186, 11.547659516573432], [92.2145073409412, 11.529483675731157], [92.21820414090868, 11.526520371817796], [92.22163140776368, 11.530077457608684], [92.2350956203666, 11.525182843413674], [92.25036025052523, 11.525740146990287], [92.26210200780193, 11.51796162103193]], [[92.53191101518135, 11.59340584280551], [92.53516125678655, 11.582708954754366], [92.53216946145179, 11.57187843284349], [92.53515136244565, 11.563336610895874], [92.53048825263116, 11.554089069355257], [92.53854513135306, 11.56190824466995], [92.55347394926346, 11.561792254609017], [92.55904674491151, 11.570365548331608], [92.56500267963, 11.57293021695601], [92.5621870758732, 11.583339571963663], [92.56935334248274, 11.589148163556885], [92.56643104585655, 11.592300415032113], [92.54555880999155, 11.591954470122857], [92.54793667773603, 11.599652647951302], [92.53731596496019, 11.605600476181053], [92.53191101518135, 11.59340584280551]], [[92.60123491246125, 11.585722207913534], [92.600764155142, 11.56740224351887], [92.60614585834477, 11.570502161645422], [92.6151702403146, 11.562942742913194], [92.61918246759674, 11.573304414966728], [92.61721253413114, 11.582409262877263], [92.6100592609267, 11.588550329334396], [92.60123491246125, 11.585722207913534]], [[92.61003684982111, 11.55918574322753], [92.60746347935648, 11.563124656877449], [92.60608565772733, 11.560497164312764], [92.61001384246518, 11.553755641209804], [92.60273683064023, 11.555217862414551], [92.60176944700268, 11.553115844620592], [92.60580742367384, 11.548982859071586], [92.60690867859282, 11.537168145193775], [92.61075520488899, 11.531806349383587], [92.6182050709073, 11.536116004050413], [92.62036323517546, 11.557566642486492], [92.61847734425427, 11.559664368715744], [92.61472642398556, 11.55714941011722], [92.61277866330502, 11.56079745333983], [92.61003684982111, 11.55918574322753]], [[92.62668406981427, 11.54383075278706], [92.62946343448985, 11.54281115541066], [92.62789142135242, 11.549131750829801], [92.62668406981427, 11.54383075278706]], [[92.60643684838212, 11.522089243024126], [92.60254800358749, 11.538031459284397], [92.60072982352293, 11.530265450090539], [92.60178315626811, 11.524132966763077], [92.60643684838212, 11.522089243024126]], [[92.56167864775162, 11.53217637543952], [92.55841577067164, 11.541388631180425], [92.55193281165012, 11.537550806724411], [92.56148791323679, 11.517221212788854], [92.56669437904273, 11.516976952424557], [92.56894683812644, 11.527585148435875], [92.56167864775162, 11.53217637543952]], [[92.58324563507833, 11.5403120518598], [92.5836594104538, 11.534436464371254], [92.58624374905017, 11.540919542103154], [92.58764731916861, 11.53376996511183], [92.59272944920488, 11.53591692472628], [92.59547030940749, 11.532775520873585], [92.59750604626711, 11.561003446651839], [92.59339034568794, 11.567149877564702], [92.59234488021238, 11.577328204832824], [92.58792853357531, 11.57042253027548], [92.58924746489893, 11.56140315573127], [92.58438301126719, 11.55049085576853], [92.58640778089463, 11.543066978358283], [92.58324563507833, 11.5403120518598]], [[92.57676827883327, 11.570217370635362], [92.57338655004978, 11.566137552106397], [92.57386946710253, 11.56256020099265], [92.57545423532477, 11.56433427290851], [92.57676827883327, 11.570217370635362]], [[92.56702876046884, 11.568902850486268], [92.5654131176216, 11.570618748856063], [92.56558585130611, 11.567910671640263], [92.56702876046884, 11.568902850486268]], [[92.57954490147634, 11.583892345655372], [92.57657194154186, 11.584650874338521], [92.57814931913609, 11.581925749573657], [92.57954490147634, 11.583892345655372]], [[92.64505112181209, 11.515448212864825], [92.64530312983587, 11.513355851091816], [92.64553225011346, 11.51519727683295], [92.64505112181209, 11.515448212864825]], [[92.6705868245223, 11.4870767597847], [92.67326927195964, 11.487069844897462], [92.6732460262833, 11.487459421315336], [92.67168402709652, 11.489159464637723], [92.6705868245223, 11.4870767597847]], [[92.55057096467849, 11.723647117520613], [92.54945337807138, 11.72426807870896], [92.55071067795578, 11.721231937803779], [92.55057096467849, 11.723647117520613]], [[92.56799125629144, 11.943986535250474], [92.56823885404023, 11.949658751849995], [92.56492817439576, 11.950155019338794], [92.56306791325383, 11.947246670297645], [92.56799125629144, 11.943986535250474]], [[92.59531223737, 11.9666516784323], [92.59649705909206, 11.93059062975378], [92.5988366606837, 11.927802324018145], [92.60923063728447, 11.942239523035752], [92.60331344625874, 11.965809702555646], [92.59312677418163, 11.976556062312554], [92.5894813533819, 11.972579836690272], [92.59531223737, 11.9666516784323]], [[92.58300054104248, 11.97587394722494], [92.5848909618488, 11.977821231264727], [92.58353972417913, 11.98248481772032], [92.58129191369099, 11.979169130650789], [92.58300054104248, 11.97587394722494]], [[92.59605574647574, 11.906005621062533], [92.5997982023255, 11.908082962358932], [92.60160768055036, 11.918530463909747], [92.59554994077726, 11.914751053118664], [92.59605574647574, 11.906005621062533]], [[92.63041973128591, 12.11621654026122], [92.62871944874385, 12.115079879932509], [92.62821567101676, 12.112186908399337], [92.63018882315575, 12.113054752375035], [92.63041973128591, 12.11621654026122]], [[92.63061511529568, 12.11791324619945], [92.63055205303502, 12.119917750503859], [92.63019514089322, 12.117995977532345], [92.63061511529568, 12.11791324619945]], [[92.68023645834595, 12.218897104317932], [92.68268275280698, 12.214977144779539], [92.68229150814685, 12.224481343839031], [92.68023645834595, 12.218897104317932]], [[92.70997893777772, 12.231489300990503], [92.71236896525559, 12.246495246558425], [92.71910774722508, 12.258828521219343], [92.71537113157265, 12.259588718144926], [92.71900892252424, 12.262546658501492], [92.71666145366314, 12.266077637872783], [92.72367501269198, 12.291207910017178], [92.72279870519637, 12.295226455036854], [92.70607161551268, 12.298569679347224], [92.70242154611768, 12.289613842804727], [92.70186746121456, 12.263543725162819], [92.70997893777772, 12.231489300990503]], [[92.69754183278943, 12.250636816136193], [92.69589972469274, 12.246747970442641], [92.69823884964345, 12.244684100091135], [92.69946682443472, 12.24817824323138], [92.69754183278943, 12.250636816136193]], [[92.77709853646834, 12.29619491066677], [92.77499091589843, 12.292830466852465], [92.78190732026698, 12.285568475504917], [92.77815484956685, 12.279134631158385], [92.77492105925964, 12.279694437548343], [92.76478767381221, 12.263816833080341], [92.75040531185604, 12.273626446403497], [92.74237894982869, 12.244752049267547], [92.74767017403965, 12.243461847686248], [92.74790084384895, 12.235562801781938], [92.75166237342015, 12.23267126106991], [92.76102995916565, 12.236062526264718], [92.75958025472525, 12.233346223849182], [92.76293253880604, 12.232572913009733], [92.76587510075555, 12.237061858318086], [92.76990687840018, 12.236472844646116], [92.76424551032201, 12.211209774111751], [92.7696442601746, 12.20054995971293], [92.76738011799844, 12.184889912939283], [92.73929345592856, 12.09490585342256], [92.74218451999982, 12.077109575047075], [92.75641930140986, 12.074204444679424], [92.76440536931241, 12.063389659105596], [92.7820897099721, 12.079888463082042], [92.79273664967704, 12.08092677624984], [92.79147100408377, 12.086959958235397], [92.79464757412651, 12.095631242088132], [92.78845226775823, 12.10266923929396], [92.79920577982287, 12.108752847166272], [92.80891382731161, 12.105067730291509], [92.81249999987531, 12.106863856282018], [92.81159102900315, 12.117662549387248], [92.80351841484352, 12.1253873111757], [92.80230033439332, 12.13049697845291], [92.80530071285776, 12.133473157959926], [92.81070995330177, 12.129502177183724], [92.81508111979801, 12.1324286457655], [92.81928467784579, 12.146720767049828], [92.82597517971092, 12.153272509818407], [92.8185657265274, 12.158406734882874], [92.8230769633316, 12.165816068456763], [92.83639204495702, 12.167396068473806], [92.83946645291476, 12.16125965151177], [92.85062444226449, 12.157619953098262], [92.8484071493709, 12.161777973074948], [92.85531485099986, 12.171154737301364], [92.85070014000004, 12.176449537216499], [92.85521876833164, 12.18862724265334], [92.85345637770993, 12.191375374773699], [92.84676873658807, 12.189947009446882], [92.84875261763924, 12.19984471765973], [92.85443115197657, 12.203765153838887], [92.86270785288556, 12.200151204814404], [92.86299383639684, 12.197043657738732], [92.87544822725422, 12.193143606492342], [92.88067173970941, 12.195153951893516], [92.88125014318004, 12.2002787592575], [92.87391054663456, 12.205607056220785], [92.87221980050347, 12.22611725290902], [92.86266076528241, 12.23642385048042], [92.85886681065497, 12.245643853880821], [92.8651021719277, 12.251348853466808], [92.8782751561736, 12.25115382648788], [92.887868642624, 12.25879752608489], [92.88648104626353, 12.262693524087055], [92.88940334289035, 12.26556503779635], [92.88709390186224, 12.267506479840279], [92.88302791130937, 12.263291716239664], [92.8796180490339, 12.277936935641137], [92.88680815667126, 12.286244154144526], [92.88181483738495, 12.28996574842057], [92.87489116199751, 12.28743386278262], [92.87217140168892, 12.291524052293184], [92.86945724505622, 12.290392160170128], [92.87353205705907, 12.300367951120222], [92.86588430421736, 12.301317810568477], [92.86638677163236, 12.305416345787691], [92.82978045950088, 12.300238609724147], [92.80954694733416, 12.312723755596764], [92.79536914786789, 12.303936243363069], [92.78530120878386, 12.310740709116587], [92.7715835573355, 12.31276285632093], [92.76744937928575, 12.297870516711086], [92.77498364487965, 12.30099654215661], [92.77709853646834, 12.29619491066677]], [[92.76514792423777, 12.297085047037342], [92.76510310202687, 12.298949480134581], [92.76371383652432, 12.297084450786826], [92.76514792423777, 12.297085047037342]], [[92.87715256214139, 12.296008348106795], [92.88070654886835, 12.295629143570224], [92.87968432906851, 12.298120021921704], [92.87715256214139, 12.296008348106795]], [[92.90013825877375, 12.262314677480433], [92.9008789062365, 12.258674740746812], [92.90078997587696, 12.262472152368048], [92.90013825877375, 12.262314677480433]], [[92.8872733112145, 12.251191139359605], [92.88449811939282, 12.239154100481343], [92.88007616997979, 12.2394311429329], [92.87828695797705, 12.247999548840184], [92.87392806992474, 12.248585104618982], [92.87048733212467, 12.243862628757412], [92.86976540045308, 12.236957550450768], [92.87917363645445, 12.208429216934974], [92.88434553142147, 12.221684575482755], [92.88238644557808, 12.224184751924895], [92.89178025735319, 12.233879804209707], [92.90093922646443, 12.22802293341158], [92.90879237636742, 12.231409907041495], [92.91334414471649, 12.222729444708023], [92.91402983640828, 12.232528567439587], [92.90580093896224, 12.251042961663359], [92.90081870561912, 12.256417274237705], [92.8872733112145, 12.251191139359605]], [[92.93379390246704, 12.225201845588671], [92.92722857004284, 12.221471547673843], [92.92509853836683, 12.211778044920834], [92.92656004461074, 12.206204414701958], [92.93232035609972, 12.202863335274614], [92.93303394296211, 12.1958297492435], [92.93598937960624, 12.202200412619092], [92.9354368451342, 12.21278655545511], [92.93853032591383, 12.211962938339], [92.9416927100506, 12.217418313104801], [92.93870234463762, 12.224345803416327], [92.93379390246704, 12.225201845588671]], [[93.02170884588682, 12.224953055339299], [93.01931893801876, 12.222707748563764], [93.02177894084573, 12.223644256677218], [93.02170884588682, 12.224953055339299]], [[92.8687359096347, 12.248118758474163], [92.86566674742286, 12.250609159285432], [92.86161184281238, 12.245648145445614], [92.86539995634305, 12.235910415833175], [92.8687359096347, 12.248118758474163]], [[92.8819444180007, 12.248888850639943], [92.87944436116865, 12.24805545789313], [92.88111114486381, 12.245277643648365], [92.8819444180007, 12.248888850639943]], [[92.84455406701679, 12.149709939961951], [92.84628570082495, 12.148100971882386], [92.84715890925665, 12.150661110621783], [92.84455406701679, 12.149709939961951]], [[92.948474049738, 12.115718364410952], [92.94879102748408, 12.098911762068326], [92.95157504075556, 12.084073305338777], [92.95137214650785, 12.091234445813072], [92.95763003849581, 12.09974885012933], [92.948474049738, 12.115718364410952]], [[92.99261331535243, 12.112018108349048], [92.99301385900233, 12.110281467116181], [92.99379944828624, 12.110517859311685], [92.99261331535243, 12.112018108349048]], [[92.97089934372971, 12.065287351829895], [92.9697449208916, 12.063944220649475], [92.97108840910303, 12.064254045188122], [92.97089934372971, 12.065287351829895]], [[92.73946094476676, 12.107064246817572], [92.74256682360053, 12.114806771115525], [92.73882246028856, 12.106985807049284], [92.73946094476676, 12.107064246817572]], [[92.76363456218567, 12.178389549338291], [92.75629901888479, 12.18039035832851], [92.75936472410328, 12.177847504558827], [92.75906586679665, 12.166739344844984], [92.76363456218567, 12.178389549338291]], [[92.74833822283105, 12.180890917382087], [92.75129675853876, 12.18380880373347], [92.7639050485794, 12.182202339366526], [92.7659467461456, 12.18509006515444], [92.76792430855997, 12.2008322479101], [92.76287972971599, 12.209141850516104], [92.7622766497478, 12.229213118690438], [92.74733746085528, 12.230686664158313], [92.74505865613222, 12.226534128247451], [92.74001586424086, 12.23573136351176], [92.73799097500378, 12.228092432120135], [92.74426341082821, 12.223567247730443], [92.74429285553097, 12.209556937102988], [92.74396860586697, 12.220203160947264], [92.7390058041747, 12.223420858785744], [92.73510396507587, 12.220570444970107], [92.73308074498047, 12.21038913734877], [92.73013985127344, 12.225568533361354], [92.73455035681368, 12.238883614986989], [92.72991931412517, 12.242520332147649], [92.72244060055354, 12.233126521271899], [92.72473561735521, 12.221863031553653], [92.72238612142237, 12.216353773907471], [92.7230979204331, 12.189313768915483], [92.73089051268735, 12.192983150352234], [92.73328113551636, 12.185540557151114], [92.74833822283105, 12.180890917382087]], [[92.73255515060012, 12.182364940389661], [92.73023104702528, 12.189604878562363], [92.72529625921507, 12.185465574376735], [92.72869944582297, 12.18489873438925], [92.72855520266049, 12.18145215549275], [92.73255515060012, 12.182364940389661]], [[92.72029280636801, 12.180438637533314], [92.71943211560009, 12.181285858255876], [92.7191802262868, 12.179281353951467], [92.72029280636801, 12.180438637533314]], [[92.74288690130984, 12.255115270852954], [92.74845015964749, 12.288561939981477], [92.74173986909992, 12.279091358479604], [92.7396606203416, 12.281792640418189], [92.73994553096182, 12.272960901324538], [92.73477554345672, 12.248350143244622], [92.74288690130984, 12.255115270852954]], [[92.73846542853695, 12.272474408567163], [92.73754680164373, 12.275248050856973], [92.73531055463874, 12.269312262750688], [92.73846542853695, 12.272474408567163]], [[92.73662352525591, 12.281949043313716], [92.73764240767119, 12.292445540828965], [92.73520731966235, 12.287382841545082], [92.73662352525591, 12.281949043313716]], [[92.7527778151443, 12.294166565334805], [92.75499987624377, 12.293611049610362], [92.75499987624377, 12.294444441457813], [92.7527778151443, 12.294166565334805]], [[92.76974570729871, 12.294473171199954], [92.7665765287841, 12.289693355463939], [92.76698756212639, 12.289078235372358], [92.77029943427172, 12.290565729324996], [92.76974570729871, 12.294473171199954]], [[92.76335656645281, 12.294014572714445], [92.75321876983045, 12.277757644999426], [92.76367843111487, 12.266161442096788], [92.7673821450704, 12.272511720539441], [92.76790904976306, 12.2842711207158], [92.76335656645281, 12.294014572714445]], [[92.77453112581102, 12.018501758249712], [92.77093815796982, 12.017108560012218], [92.7737765316617, 12.012738824337404], [92.77683162667861, 12.01599025754426], [92.77453112581102, 12.018501758249712]], [[92.75019335783773, 11.9684280157404], [92.74960982823123, 11.963537454789787], [92.73969745657237, 11.961206674648452], [92.7360856533306, 11.95312499981901], [92.74624073492217, 11.944847822269423], [92.76098513605544, 11.948557853961859], [92.76697242293906, 11.95526730993845], [92.76564204684328, 11.964742540935674], [92.75019335783773, 11.9684280157404]], [[92.72960400552043, 11.948079943434706], [92.7329107524296, 11.959254026152493], [92.72352445089305, 11.95363473915198], [92.72362375223443, 11.950630664473806], [92.72658205052122, 11.952522874031558], [92.72418856605006, 11.94718444350734], [92.72607374200985, 11.941240906842381], [92.7315082552021, 11.943828821143185], [92.72960400552043, 11.948079943434706]], [[92.74459397822957, 11.965210915051614], [92.74207806545084, 11.966646552296694], [92.74236536017352, 11.9646352527148], [92.74459397822957, 11.965210915051614]], [[92.67520034302171, 12.542348861410844], [92.66944324930662, 12.537059903491752], [92.66873800725361, 12.531709074913849], [92.67828750606381, 12.522327661192605], [92.68463051348763, 12.539344429701828], [92.67520034302171, 12.542348861410844]], [[92.70317172999191, 12.638167738550237], [92.70071887947293, 12.639614462637425], [92.70147132873913, 12.637997627288883], [92.70317172999191, 12.638167738550237]], [[92.7311803102236, 12.70272433775817], [92.73118555506963, 12.704436302493477], [92.73087286978748, 12.702537059337757], [92.7311803102236, 12.70272433775817]], [[92.7180962563377, 12.719220876342305], [92.71903872515705, 12.750210046356585], [92.72316825371198, 12.74255835988042], [92.72546625176622, 12.748212337329662], [92.72166717010398, 12.761589527035127], [92.71216857472032, 12.777146458442402], [92.71515250188648, 12.827021956198394], [92.70811510093134, 12.829672932759593], [92.7065769436712, 12.819051265803395], [92.69887447337842, 12.804901123188344], [92.70060527351453, 12.80037450797714], [92.69639933136423, 12.801156520656818], [92.69443273528279, 12.79680705030512], [92.70973110170925, 12.772401213545209], [92.71257305110586, 12.737271547743816], [92.70871984914194, 12.73088800877457], [92.71118426314345, 12.727948665498673], [92.70799207727262, 12.719993948861813], [92.7180962563377, 12.719220876342305]], [[92.65730762494698, 12.772755742483682], [92.65414881741455, 12.771315217423464], [92.65527915910607, 12.769009232490063], [92.65730762494698, 12.772755742483682]], [[92.66803634180386, 12.782659649723144], [92.67516541515195, 12.80762183677841], [92.6827825307893, 12.809150457627595], [92.68888974226789, 12.817107438757319], [92.6844383481517, 12.829239845342727], [92.67615687813762, 12.823454141495517], [92.67805385590103, 12.832031250142037], [92.6752709146214, 12.835313320553311], [92.68003523323969, 12.838369726781423], [92.68947267562388, 12.834575414223934], [92.70117247143267, 12.841427445120573], [92.70308935658878, 12.852566480358846], [92.71310591740442, 12.86095356945168], [92.71948623680069, 12.874578118585461], [92.7086584569224, 12.883769869783862], [92.71755325827652, 12.88073325133864], [92.7207081321749, 12.883222818478188], [92.72268164134485, 12.905273318209126], [92.71953845053909, 12.920614600283614], [92.71550917660753, 12.922638654950148], [92.72148716450138, 12.926913737878792], [92.72177064430005, 12.944749474908392], [92.72030854180585, 12.946954846389119], [92.71444380283944, 12.942429542389505], [92.72065770628834, 12.975822806177689], [92.71081662208977, 12.988025069401544], [92.70684957494811, 12.98590457413701], [92.69466495552334, 12.992136001775165], [92.68489205882148, 12.987653851743957], [92.66963064643724, 12.962020635544093], [92.67022967316117, 12.952234625827302], [92.66862642746784, 12.950799941863849], [92.68008685072792, 12.948053478885114], [92.67972385916889, 12.941643953105924], [92.66834175606752, 12.918579936314927], [92.67126596015626, 12.907108068282696], [92.6657508614135, 12.902480363877586], [92.6650674342151, 12.881842851966198], [92.66046130634462, 12.880196452304347], [92.66314756870534, 12.878290176450648], [92.65448021848752, 12.867220759530412], [92.65113842499866, 12.867684244932022], [92.65107715148955, 12.861534953275438], [92.64837706115256, 12.861655831151765], [92.65365374062779, 12.837626338184961], [92.66061210646367, 12.827407717691983], [92.66108405628441, 12.818230152399721], [92.66565620866723, 12.811788320274843], [92.66567754778092, 12.799963116704632], [92.66351604433035, 12.79580044723302], [92.66033923596731, 12.796263337283392], [92.66787230995922, 12.790099740111017], [92.66803634180386, 12.782659649723144]], [[92.67057085076434, 12.948411464817298], [92.67055463778681, 12.949540734517356], [92.6699165103386, 12.949208736294054], [92.67057085076434, 12.948411464817298]], [[92.66966032946092, 12.952619910680298], [92.66815304772533, 12.953740358031197], [92.66867184682829, 12.9520380493165], [92.66966032946092, 12.952619910680298]], [[92.76338446162382, 12.925538420861628], [92.7663899662243, 12.928791761530576], [92.76272714174448, 12.935045957305178], [92.76079916974643, 12.929787159050193], [92.76338446162382, 12.925538420861628]], [[92.77156555650524, 12.930645465715756], [92.76942861084191, 12.92279636815789], [92.77294957626194, 12.918002962766522], [92.77530145629746, 12.930506944939566], [92.77156555650524, 12.930645465715756]], [[92.76488423312085, 12.917878031645785], [92.76667690301676, 12.924642563004042], [92.76220297818517, 12.921509027319686], [92.76488423312085, 12.917878031645785]], [[92.76669514216704, 12.91779184331891], [92.76800775485438, 12.91662955321128], [92.76764893525038, 12.91781544692553], [92.76669514216704, 12.91779184331891]], [[92.79130697223931, 12.916635870948639], [92.78734076056801, 12.912595629784434], [92.77502691755834, 12.911956429445809], [92.77431154284366, 12.90584397312108], [92.78022837683832, 12.901855707375148], [92.78866124142345, 12.904774427397896], [92.7884230613756, 12.900415301025404], [92.78279530995596, 12.896138906885184], [92.79270493958145, 12.891806721503016], [92.80041933038788, 12.897660374526652], [92.79130697223931, 12.916635870948639]], [[92.79167783286587, 12.890976906259297], [92.78165674216532, 12.891343354812136], [92.78190767729765, 12.884381651591923], [92.78554892524303, 12.882047772386827], [92.79008102451988, 12.884104609140365], [92.79167783286587, 12.890976906259297]], [[92.756234526702, 12.892677902862872], [92.75755310099495, 12.90778315067206], [92.7540587186352, 12.913297056913606], [92.75522744698966, 12.898257970429015], [92.75356495395991, 12.892975449857204], [92.75021755679515, 12.89710390552085], [92.74847126044043, 12.892802000312074], [92.75318026535709, 12.889320730967185], [92.756234526702, 12.892677902862872]], [[92.75712382760256, 12.878378272239615], [92.75761473153497, 12.876137375739347], [92.76037025428397, 12.87717282816368], [92.75712382760256, 12.878378272239615]], [[92.76129555684489, 12.868618250232146], [92.76337790466684, 12.855844855455928], [92.76599323749807, 12.855087041733498], [92.76602041680914, 12.872598052458144], [92.76129555684489, 12.868618250232146]], [[92.77606272701317, 12.865130543539976], [92.77774202837193, 12.86665964102967], [92.77593684171214, 12.866039752732533], [92.77606272701317, 12.865130543539976]], [[92.72701990614391, 12.865191578728442], [92.72047007083725, 12.86409234998193], [92.72105264626302, 12.85970115648324], [92.71769404444493, 12.8587955238944], [92.71321463554708, 12.843739151540717], [92.70808541790811, 12.837987065250957], [92.7103750702536, 12.83375251296826], [92.71559035750934, 12.832653045901282], [92.71897256383298, 12.835820555274552], [92.72982394731756, 12.861056924037996], [92.72701990614391, 12.865191578728442]], [[92.72922086734937, 12.85585153112315], [92.7307384013566, 12.855279445390053], [92.73150241410534, 12.856402754383609], [92.72922086734937, 12.85585153112315]], [[92.72475242658325, 12.83378243431207], [92.727806448709, 12.835512280267608], [92.72719252111804, 12.8383039233874], [92.72585225068119, 12.836798071573924], [92.72475242658325, 12.83378243431207]], [[92.71661615391272, 12.804245710771113], [92.71740067030501, 12.802975058652123], [92.71711885964763, 12.803987145790302], [92.71661615391272, 12.804245710771113]], [[92.71556174737694, 12.799343705048088], [92.71689712999867, 12.798750400710603], [92.71627295013693, 12.800849676471387], [92.71556174737694, 12.799343705048088]], [[92.71533596538288, 12.796155571522377], [92.71590387826146, 12.795057653987712], [92.71618795431064, 12.797293662672402], [92.71533596538288, 12.796155571522377]], [[92.719951271734, 12.777845859398838], [92.71816182141131, 12.771142601549784], [92.72456443320257, 12.761633277253964], [92.71753275373365, 12.788002848452834], [92.71533620370317, 12.778052448961361], [92.719951271734, 12.777845859398838]], [[92.71759402724277, 12.776088118272057], [92.71579873582314, 12.775439262811844], [92.71719360320245, 12.77502393700513], [92.71759402724277, 12.776088118272057]], [[92.72541940248371, 12.753678560617104], [92.72680485216253, 12.752934574870935], [92.7257342335482, 12.753823160810256], [92.72541940248371, 12.753678560617104]], [[92.7228796477776, 12.735257506129173], [92.72561144820995, 12.733229637437987], [92.7278374429441, 12.726951360516964], [92.7296582463313, 12.73091483105469], [92.72673141981974, 12.73596632478619], [92.7228796477776, 12.735257506129173]], [[92.89353597140823, 12.897449016758742], [92.89204573632188, 12.899825453681729], [92.89156293887905, 12.8975728749882], [92.89353597140823, 12.897449016758742]], [[92.86473321876306, 12.913238048797083], [92.86339294922564, 12.914754271592571], [92.86334240462818, 12.913470149428065], [92.86473321876306, 12.913238048797083]], [[92.8928600553476, 12.936662912263557], [92.8902118208193, 12.937165736709275], [92.88960635674826, 12.935066461847782], [92.8928600553476, 12.936662912263557]], [[92.90271496752197, 12.938704251899807], [92.9011141059315, 12.941629410169114], [92.89968883966836, 12.940978646347432], [92.90271496752197, 12.938704251899807]], [[92.91252601166636, 13.00278854335663], [92.91078603304894, 13.004688978113833], [92.9122253656083, 13.002568006208705], [92.91252601166636, 13.00278854335663]], [[92.94532716271894, 13.025209427073364], [92.94928324262773, 13.021236658444977], [92.94933784046938, 13.024649739394135], [92.94532716271894, 13.025209427073364]], [[92.9170364138997, 13.046962380709246], [92.9147982594325, 13.042134999830395], [92.91897642602149, 13.040340542981767], [92.91878330740386, 13.04358661173272], [92.9170364138997, 13.046962380709246]], [[92.93287026904787, 13.049512863428049], [92.93288433534408, 13.052734255681443], [92.9318523408131, 13.052214741617135], [92.93287026904787, 13.049512863428049]], [[92.91409385194984, 13.066689848857536], [92.91325247322325, 13.061534047258462], [92.91717851127933, 13.057959318567711], [92.91682803648482, 13.06256520721864], [92.91409385194984, 13.066689848857536]], [[92.71125590763441, 13.08979654297599], [92.71918952437736, 13.093135833651786], [92.72089505176521, 13.09735155143305], [92.71845412265978, 13.09905135643487], [92.70759534854656, 13.094941854882663], [92.69987475871343, 13.0982496737834], [92.69590222840534, 13.094762206310733], [92.70143914200301, 13.070784211222417], [92.70659041371655, 13.070299506317312], [92.70412504643414, 13.077996254223805], [92.71125590763441, 13.08979654297599]], [[92.7282750602458, 13.09050512331288], [92.73168826080487, 13.093414425635217], [92.73075544800597, 13.095863580839818], [92.72836732888933, 13.093399643478833], [92.7282750602458, 13.09050512331288]], [[92.79634726041778, 13.170449852978422], [92.79378843288978, 13.168248057202149], [92.7975080009937, 13.167819857600236], [92.79634726041778, 13.170449852978422]], [[92.81444442317192, 13.403055548574784], [92.81888890240091, 13.416388749741131], [92.81166660802788, 13.419166564885074], [92.81444442317192, 13.403055548574784]], [[92.8219443562472, 13.420833349479594], [92.83194434615464, 13.418611050059823], [92.84638893580089, 13.430833339387206], [92.84333324453385, 13.44416654145283], [92.84027767197736, 13.440277814469468], [92.82138884052259, 13.43638885006554], [92.8219443562472, 13.420833349479594]], [[92.86583316337001, 13.41361105420701], [92.86583185215844, 13.41139555006464], [92.86751437219053, 13.4116016629864], [92.86583316337001, 13.41361105420701]], [[92.87472224233775, 13.506666541327988], [92.87416660790294, 13.513055443853759], [92.86666655521779, 13.509166717769858], [92.87111115495603, 13.50194442249709], [92.87472224233775, 13.506666541327988]], [[92.91349327569455, 13.508230447976871], [92.9161554578084, 13.506863474869462], [92.92146706605232, 13.512695312138916], [92.92012286198107, 13.515036940802418], [92.91518771624047, 13.513601780198016], [92.91349327569455, 13.508230447976871]], [[92.9119442699126, 13.535156249861004], [92.9069442749587, 13.536944270261813], [92.90611112143111, 13.530277729033955], [92.91166663210961, 13.532500028453725], [92.9119442699126, 13.535156249861004]], [[92.87649857964576, 13.535156249861004], [92.87862980382263, 13.537755727644694], [92.87489175824814, 13.54061365169882], [92.87405574307823, 13.536696672513457], [92.87649857964576, 13.535156249861004]], [[93.00520372417301, 13.55860257115188], [93.0078605409316, 13.555363416388715], [93.00646555394255, 13.559977531138188], [93.00520372417301, 13.55860257115188]], [[92.71735870793819, 11.328476547854436], [92.7123601438058, 11.310624480035756], [92.71472215650252, 11.308055519846562], [92.71777772905901, 11.316110968646385], [92.72138893605083, 11.314444422372333], [92.72400248013068, 11.317806243763116], [92.72344124291939, 11.332779526853685], [92.71735870793819, 11.328476547854436]], [[92.71056926266189, 11.308004856539057], [92.70028996491041, 11.311383843289818], [92.697800874411, 11.30927443486739], [92.70950627299626, 11.301145553724425], [92.71195364034853, 11.302984357042476], [92.71056926266189, 11.308004856539057]], [[92.69696664799275, 11.26158165916614], [92.68768060197849, 11.241933226137462], [92.69332742711921, 11.243102907772922], [92.69475805783807, 11.252062677950263], [92.70580136743925, 11.263130545338356], [92.70537495568979, 11.289258242074368], [92.69276750111933, 11.281413674401776], [92.69696664799275, 11.26158165916614]], [[92.6755554673114, 11.17805552514254], [92.68111097798922, 11.18111097808928], [92.67472207546368, 11.189444422622202], [92.67305552918967, 11.185555458218005], [92.6755554673114, 11.17805552514254]], [[92.72703182665762, 11.145507812935364], [92.7301615474178, 11.141695857477941], [92.73485755892935, 11.145782232064562], [92.73132395713506, 11.149898410183539], [92.72703182665762, 11.145507812935364]], [[92.7227777240129, 11.141388774072752], [92.72576057918766, 11.144159555618998], [92.72333335844777, 11.14388883090497], [92.7227777240129, 11.141388774072752]], [[92.65853405020655, 10.985808848899353], [92.66348600427611, 10.98149597645822], [92.66922771958357, 10.985324859854344], [92.6695296768535, 10.990148424909805], [92.6620130541593, 10.99274551859098], [92.65853405020655, 10.985808848899353]], [[92.22860300532446, 10.982250928537653], [92.21526122102907, 10.97875797789844], [92.21758234514917, 10.973217129766837], [92.22833847963724, 10.976177811257116], [92.22860300532446, 10.982250928537653]], [[92.60585176924391, 10.936690926544983], [92.61402654638826, 10.927206277847517], [92.62085664282014, 10.929559350383727], [92.60882174972394, 10.938608050021571], [92.60585176924391, 10.936690926544983]], [[92.50975346555018, 10.894852042188106], [92.50680315504192, 10.888974428527092], [92.51289713389596, 10.877070545969104], [92.51053965108437, 10.8690682650885], [92.50260972965535, 10.872398734314231], [92.50944554847345, 10.869651556374265], [92.51135385050017, 10.877809167259372], [92.50640356557224, 10.88155412682164], [92.50495374242146, 10.889090418588111], [92.50087261178172, 10.89083135138577], [92.49257934086407, 10.88920044884155], [92.47966122628478, 10.871556163086424], [92.47045123593617, 10.87125432452757], [92.4686757322996, 10.867181062955794], [92.45699465318106, 10.861186742474388], [92.460002541884, 10.846354603482098], [92.45676243294, 10.838818669646116], [92.44745600199306, 10.837579369692264], [92.43353235723285, 10.821735143561966], [92.42688417476487, 10.823210954422152], [92.42552196986301, 10.810712456315002], [92.41838252553342, 10.795319914682338], [92.40737652790469, 10.784370541967064], [92.39746654034869, 10.780714273545001], [92.39394915063312, 10.771971702232335], [92.39813280128809, 10.761058211567203], [92.3954942227804, 10.76097226156071], [92.39335835000807, 10.768960237824714], [92.39456105205127, 10.77920317688529], [92.38611412027066, 10.78384113356151], [92.38489222489645, 10.79043805557177], [92.37637817851046, 10.782280206366636], [92.37608253987744, 10.773198843351892], [92.38133597367644, 10.762545347589707], [92.37779891488836, 10.739613532938336], [92.38262331451475, 10.722237706504927], [92.37992644285114, 10.694097876515727], [92.38340032066864, 10.673937677981598], [92.38043081772813, 10.666962623426514], [92.39512372008389, 10.66593945034549], [92.40167474789158, 10.65842735753671], [92.41755437853195, 10.628195643314314], [92.42057061204414, 10.614271760233734], [92.412840842831, 10.605753302672895], [92.40929567845276, 10.582274556325956], [92.40053832498424, 10.572362780917615], [92.39244163057677, 10.55759835278171], [92.39376234975302, 10.553545475243425], [92.38178324699933, 10.537452340153365], [92.38512802084185, 10.532404303415944], [92.39496624429725, 10.530970930664068], [92.404613256597, 10.532709955999891], [92.4186235663249, 10.547018051042357], [92.42701077502741, 10.549136162204192], [92.45182466477641, 10.54458296303335], [92.48133194451387, 10.518444656995356], [92.49935340863337, 10.510969162097226], [92.51327145061722, 10.5118695498399], [92.53122007864377, 10.518153667857504], [92.54590010630542, 10.55154025597794], [92.55426502261278, 10.557123302998022], [92.56826365014771, 10.576317310395538], [92.56912076431198, 10.581185578951462], [92.56373560411501, 10.58702397317785], [92.5443891283559, 10.593331456481508], [92.54018402077625, 10.604332804615225], [92.5409612652501, 10.61700415601689], [92.54987514032567, 10.633844852558], [92.56140756600658, 10.646297216343442], [92.58292555826793, 10.657269716024814], [92.57916486236863, 10.658350467300224], [92.575924754324, 10.67006313780358], [92.58627724609815, 10.679376721059043], [92.59663355369557, 10.678126931412862], [92.59836161179888, 10.698659062565739], [92.58279275897885, 10.742335557739906], [92.58786237225107, 10.78682601490884], [92.57623183682992, 10.794782399787877], [92.57181084159734, 10.802748918228005], [92.56360995803348, 10.803913116697004], [92.56051588100368, 10.801382422660637], [92.56008422350843, 10.805569649020057], [92.56102871850086, 10.803329945021162], [92.56471335873468, 10.806930541811127], [92.5609271526661, 10.820531725658768], [92.56341755347754, 10.827808857093189], [92.55663752590127, 10.844168544043029], [92.55997037922978, 10.8583564761705], [92.55831134319394, 10.863142729253696], [92.53178381956766, 10.884908676294515], [92.52945780763181, 10.88326942894092], [92.53327310047362, 10.873511076075246], [92.52978694421265, 10.867397427249486], [92.53708100358577, 10.865514040040978], [92.53006315209294, 10.865264176900311], [92.52838027503, 10.868431925493084], [92.53191125350182, 10.874795556169985], [92.52838385073423, 10.881946444372986], [92.52764403784207, 10.890204667811304], [92.52082812821604, 10.897060871562005], [92.50975346555018, 10.894852042188106]], [[92.77888894097194, 9.24444437021151], [92.77685737606728, 9.239236235264286], [92.7737240787034, 9.240620732560828], [92.77611112582773, 9.234444379404806], [92.76666665074563, 9.215277671827025], [92.75250005683219, 9.215000033124952], [92.7469444274436, 9.211944341858086], [92.74416661229955, 9.215833306262027], [92.73627233550027, 9.215322375327489], [92.72805547727884, 9.21972215195585], [92.72083330161612, 9.213611125553072], [92.71833324388436, 9.152777671951966], [92.72657597020529, 9.130212664682674], [92.7316665646608, 9.124376058308542], [92.75549316427819, 9.126799822054338], [92.7636109594786, 9.123610973567736], [92.76891565283543, 9.127617120533898], [92.78361105890363, 9.117777824187328], [92.78944444660439, 9.116944432339892], [92.78233385072681, 9.120182156281643], [92.79343605063352, 9.119242072463734], [92.81138885061543, 9.123610973567736], [92.81188750310602, 9.131079077837228], [92.816831111467, 9.1355093720599], [92.83054757131387, 9.138693571051576], [92.82811081416278, 9.149907707774545], [92.83173143885503, 9.166521072789337], [92.82553446334512, 9.179535031716284], [92.82650935632196, 9.187703251903713], [92.81916451493069, 9.213243842429335], [92.7819311621939, 9.249128818240465], [92.7781933549397, 9.256362676996105], [92.77472221825602, 9.256944417850704], [92.77888894097194, 9.24444437021151]], [[92.81361115003475, 9.126944423146597], [92.81166660802788, 9.124444365415101], [92.81472206097445, 9.126111150009535], [92.81361115003475, 9.126944423146597]], [[92.8038028479231, 9.120586156925512], [92.79989361729687, 9.118699311823931], [92.80386257190051, 9.119449019057114], [92.8038028479231, 9.120586156925512]], [[92.79861104466389, 9.118610977714397], [92.79222214213829, 9.117777824187328], [92.79861104466389, 9.118333339911871], [92.79861104466389, 9.118610977714397]], [[92.85379076003576, 8.819646358792497], [92.86256241812148, 8.823135852437645], [92.86313784123863, 8.830713629930074], [92.85923385635752, 8.837332606015082], [92.85322844993337, 8.831115961432587], [92.85379076003576, 8.819646358792497]], [[93.60688114205115, 8.581204056821761], [93.60803055746422, 8.578055620270732], [93.60916960279533, 8.581679344026554], [93.60688114205115, 8.581204056821761]], [[93.62812507131505, 8.48773241022262], [93.61842656113694, 8.479990243854786], [93.61877572561937, 8.473500609165683], [93.62269532722772, 8.471963405186997], [93.62049245856034, 8.469849944419366], [93.62280523787152, 8.461078643364814], [93.61555516703768, 8.45633554425011], [93.62050890895924, 8.451817750488871], [93.61693966433441, 8.443184852399156], [93.62058591880512, 8.437500000324917], [93.61648392659211, 8.434273958576512], [93.62280964814713, 8.421678543230428], [93.62783181678506, 8.437500000324917], [93.62291395691355, 8.448742747180177], [93.62676787383842, 8.466823458635687], [93.63347244289915, 8.470611453455817], [93.63969731358057, 8.464877725027051], [93.64251697058197, 8.467426300283748], [93.63701784649643, 8.497050046722393], [93.63177704817215, 8.505732059487116], [93.6373555662066, 8.510486364154573], [93.63342857396961, 8.517776250673464], [93.63603055456682, 8.522158861042655], [93.62218904488864, 8.531398773634507], [93.61865532438387, 8.545679211826197], [93.62038493111979, 8.56413733996618], [93.61273252968263, 8.575843811442823], [93.61121034618091, 8.571471452445735], [93.61446273356867, 8.564608215996529], [93.61045575113215, 8.560541152552275], [93.61022424675187, 8.544240236297867], [93.62224495394148, 8.525046944760604], [93.62055230124795, 8.520567059222344], [93.62480974217627, 8.515157222527819], [93.62434697173538, 8.49698495828936], [93.62812507131505, 8.48773241022262]], [[93.05201899987733, 8.438468217634181], [93.06055355080602, 8.442666411226057], [93.05632185926666, 8.448040247159895], [93.05732524366525, 8.457268238338642], [93.04344213045036, 8.473493337247689], [93.03575050867906, 8.459810376247887], [93.03458452235796, 8.45021104780163], [93.04287052135786, 8.440598725950437], [93.05201899987733, 8.438468217634181]], [[93.61251294581618, 8.48454832994166], [93.61208713031695, 8.486356377345018], [93.61074674116944, 8.48505520853125], [93.61251294581618, 8.48454832994166]], [[93.6338322166836, 8.395123362753111], [93.63561773337207, 8.39629185188754], [93.6333661079598, 8.398245453664956], [93.6338322166836, 8.395123362753111]], [[93.65173983562508, 8.394619942056863], [93.64375662846604, 8.393336057313192], [93.64775311941096, 8.389727950284666], [93.6533038618841, 8.387796640002918], [93.65698993203969, 8.39040482052603], [93.65173983562508, 8.394619942056863]], [[93.12867104982936, 8.354899644602966], [93.11276185487569, 8.347524642648054], [93.10575664065667, 8.34983372664513], [93.0951514240991, 8.34000360967893], [93.09462380444509, 8.325728654653787], [93.08434295626282, 8.303818464450657], [93.08533370518651, 8.273574710104683], [93.10057997748439, 8.25339055093336], [93.10490322090712, 8.239840746253662], [93.11186063256261, 8.232401132506297], [93.11585462069442, 8.232347845876433], [93.11544775930682, 8.226487755505431], [93.12314534178446, 8.220958948396856], [93.15263450108168, 8.209134459787535], [93.16101753693002, 8.200992346019973], [93.17547035177554, 8.200134158065055], [93.1877603528583, 8.19264531093232], [93.19947886445826, 8.193899154722175], [93.20346462739067, 8.201888442197856], [93.20461845397844, 8.21554124353355], [93.19432413575046, 8.224767803891154], [93.15486085374542, 8.242514848881257], [93.13341426855382, 8.26403892055967], [93.12647795679251, 8.276069045450072], [93.12663424007829, 8.284149646489126], [93.13384032237335, 8.30149841322121], [93.13130235641862, 8.309849142723863], [93.14044845083569, 8.327731251496004], [93.14293336848036, 8.341144204541408], [93.14224684221838, 8.347987056057761], [93.13178622765227, 8.348429560276088], [93.12867104982936, 8.354899644602966]], [[93.23508894449915, 8.265402913313892], [93.22160494321375, 8.256576537777036], [93.221323370877, 8.24187397940085], [93.2387734651235, 8.220865011511123], [93.23999500256767, 8.223602652140684], [93.24884402753005, 8.223773122231975], [93.25171077213477, 8.233388066506166], [93.23877310719345, 8.261718749720671], [93.23508894449915, 8.265402913313892]], [[93.52196216592145, 8.233118534292814], [93.49298453291001, 8.22124624222026], [93.49053335153312, 8.19880020626465], [93.48125934564248, 8.192318916384835], [93.47634255866225, 8.184106231017864], [93.46014952687935, 8.179201126231078], [93.45402705660379, 8.173416018634555], [93.4556044341974, 8.145808935333989], [93.4582637546687, 8.141392946627192], [93.46200156192279, 8.14344906841994], [93.46462595452434, 8.139346957496286], [93.45845103218974, 8.13392436481766], [93.45983314538367, 8.12151157839672], [93.46144473588598, 8.118438720870245], [93.46819710751075, 8.118192910974074], [93.46369850618143, 8.114492535302233], [93.47759735573365, 8.0911240575293], [93.48132932189085, 8.096601963010173], [93.48943567231848, 8.091552376740694], [93.48740100834996, 8.08764600775703], [93.4803842306479, 8.085937500015618], [93.48515915856834, 8.051466703625692], [93.4905039068299, 8.049044132380843], [93.49301421683279, 8.051435351460384], [93.49205195933067, 8.062119364816894], [93.51248931902708, 8.07358384132111], [93.5145304203426, 8.083936452705359], [93.5196572538795, 8.081443071540718], [93.52261233349279, 8.083774924573333], [93.52418851858536, 8.078623056608919], [93.52980470652219, 8.07849061524989], [93.5234811307495, 8.073527217307458], [93.5249427557039, 8.066805362377636], [93.53014445330385, 8.06625103915404], [93.52393114610575, 8.063493013591795], [93.52549886677949, 8.053131461148013], [93.51801943734725, 8.04687499998127], [93.51399612412192, 8.049934149141848], [93.51562499959428, 8.057477712826312], [93.51203155511249, 8.068466544195687], [93.50848984682912, 8.063894152593022], [93.50885117014573, 8.057574510455424], [93.50328075860037, 8.055361152095713], [93.50870120549641, 8.050828337857453], [93.50559067716816, 8.040394902602586], [93.5037003759717, 8.047438979225646], [93.49958717820576, 8.039379954721284], [93.49021852046852, 8.046628356413748], [93.48538100692818, 8.04450237708322], [93.48553180704752, 8.016771078522353], [93.4923442605793, 7.999620556543675], [93.50069224804926, 7.997356414367175], [93.50631105930822, 8.001198530388066], [93.50922262702281, 8.009909271995284], [93.50687205819932, 8.014528751201112], [93.51201391221261, 8.016558050713442], [93.5062505007601, 8.023584842366787], [93.50834846530975, 8.03373265293952], [93.52013945597119, 8.037134170405622], [93.5250295402814, 8.031932234485112], [93.53061103776949, 8.048525333277425], [93.53602004079258, 8.04626905926989], [93.54140055149426, 8.037388443821726], [93.54998171338562, 8.035584449662593], [93.54514074285115, 8.048697233290852], [93.54884231102383, 8.05040824384551], [93.55304014668556, 8.066372036640303], [93.54834723513707, 8.087918520323498], [93.53169465068791, 8.09946990011575], [93.53218650790134, 8.104512810717836], [93.52378141887746, 8.12247443214936], [93.50329256040337, 8.148082137280937], [93.5070830580369, 8.149114131811743], [93.50814855141462, 8.156356454087245], [93.51192963134756, 8.157872676882732], [93.51098024853994, 8.168230772332365], [93.52158582212834, 8.172121762908944], [93.533824444043, 8.18354701997906], [93.52424550052959, 8.17197024782864], [93.5333141084594, 8.178111315185134], [93.53819584885971, 8.190627455292756], [93.54516136610445, 8.19789814938018], [93.54681801803727, 8.209436655377417], [93.54358685015328, 8.225173473677089], [93.52196216592145, 8.233118534292814]], [[93.56170976139643, 8.119526505743622], [93.5705014464846, 8.10594260686598], [93.57509684544331, 8.109412551048365], [93.56997597261338, 8.091408371898865], [93.58109247713642, 8.080449461873286], [93.58100533462871, 8.07291424299784], [93.57415044298878, 8.07256054863062], [93.57171320919738, 8.06627404651016], [93.5822383168452, 8.049167513969792], [93.59395194062975, 8.037828445226808], [93.60101282558159, 8.043920874548917], [93.60119914982127, 8.049339175662382], [93.5907627342132, 8.069169521755938], [93.59301614747736, 8.076591730024376], [93.58869624143861, 8.109286427426866], [93.57830035647649, 8.125308513377192], [93.56170976139643, 8.119526505743622]], [[93.54529643078567, 8.028104901520067], [93.543271779869, 8.025126457520102], [93.54882860175874, 8.020089030084733], [93.55235922319977, 8.007173657538189], [93.55107092818096, 7.996291637748911], [93.54299354581568, 8.0063525441347], [93.5423865322131, 8.014927506099454], [93.5329504010405, 8.025141000456912], [93.5282716753974, 8.018230914725024], [93.53078162657104, 8.005991459138656], [93.51837301210517, 7.993160128237307], [93.51322984688008, 7.998965263735826], [93.50717806781384, 7.996416449259726], [93.50508773311284, 7.993805765923469], [93.50736355748242, 7.984486937822112], [93.51562499959428, 7.9790736441333365], [93.52051675304611, 7.971370339269924], [93.53547906890404, 7.963698864111507], [93.53910243472987, 7.957082509550389], [93.55187594911595, 7.949030518643653], [93.56248390680688, 7.9373265508797175], [93.5774433610226, 7.92828857925457], [93.58119535418248, 7.9388365746484055], [93.58181345462745, 7.962709546008782], [93.57934284249816, 7.965567946703501], [93.58272647874443, 7.971279144417096], [93.57964670633058, 7.978443265244607], [93.58295142616774, 7.983119249753713], [93.58269941814396, 7.9914370775589845], [93.56660687930415, 8.015628218267565], [93.56461107773933, 8.023622631879107], [93.54529643078567, 8.028104901520067]], [[93.46554994587339, 7.9280220273946895], [93.45942556813546, 7.937500000424848], [93.43598806829479, 7.956315755667788], [93.43012881249481, 7.967633843227304], [93.42082571983153, 7.959295153848402], [93.4122705456493, 7.9619147773451004], [93.40217375721332, 7.9766286608841455], [93.40359044034679, 7.997871041515268], [93.40974581231953, 8.006595254067918], [93.39801502227564, 8.017548441707191], [93.37945115544667, 8.024785518237067], [93.37156045435157, 8.02205145331213], [93.36524546170878, 8.01365315956582], [93.354800820002, 8.007885455649301], [93.35057890409328, 8.00897061809961], [93.34731936439746, 8.016546964770711], [93.34208083146521, 8.01063454195075], [93.33673155331891, 8.012150406816033], [93.32671511211285, 8.002409338920074], [93.32212233557723, 7.991127848371491], [93.32408285134287, 7.9767899515949665], [93.31059050524792, 7.961621404104548], [93.31234240527803, 7.950029611477532], [93.31896853457047, 7.93981504422905], [93.31740725034447, 7.9336431022473874], [93.322546363224, 7.9265544417342255], [93.33126974120583, 7.923431753672503], [93.33394157844137, 7.93556463689842], [93.34294736422979, 7.931715249858996], [93.34845173316128, 7.939351677537999], [93.34319102744419, 7.939454555483451], [93.34978365878894, 7.945081353621532], [93.35437464747227, 7.9410023687645435], [93.35772025588508, 7.9418298008047685], [93.34493196024212, 7.930681467475651], [93.34600210221564, 7.927217841030711], [93.35160315006559, 7.93105304216418], [93.34261214733314, 7.917890548510044], [93.34702134166199, 7.910156250310649], [93.34381616148667, 7.906521916353583], [93.34448766727232, 7.901706218567256], [93.35556781310427, 7.889300942384523], [93.37068176275332, 7.88648354987599], [93.37709343431473, 7.881655454935341], [93.38867795502384, 7.8887717722995205], [93.39754664905891, 7.902035236437001], [93.42262101215036, 7.9071766138096535], [93.44120585926325, 7.898935079990167], [93.45113456260995, 7.884904265719385], [93.45316720040617, 7.8754192590915295], [93.4616402386063, 7.872180342648832], [93.47483861431081, 7.89259314545744], [93.46567344707208, 7.915444969909444], [93.46554994587339, 7.9280220273946895]], [[93.34260416045387, 7.904687762530443], [93.3407077789411, 7.905041575608308], [93.34241712125313, 7.904373765137208], [93.34260416045387, 7.904687762530443]], [[93.33987784408745, 7.908650160176791], [93.33878886671314, 7.910156250310649], [93.33937764206453, 7.908650160176791], [93.33987784408745, 7.908650160176791]], [[93.54058063059179, 7.5239217285049875], [93.54248166070025, 7.5100562572904295], [93.54998183209628, 7.51629066438278], [93.54332804685217, 7.525111555853627], [93.54058063059179, 7.5239217285049875]], [[93.63025951416543, 7.478062152446498], [93.63300800331697, 7.475594401060761], [93.63429415255317, 7.476237058393451], [93.63220310199173, 7.47991073139525], [93.63025951416543, 7.478062152446498]], [[93.64734637763345, 7.476871370917024], [93.64426124076377, 7.470757126740111], [93.6525641677022, 7.470785140621899], [93.6525937320155, 7.473632812404546], [93.64734637763345, 7.476871370917024]], [[93.710998058314, 7.445048570735011], [93.70482444719053, 7.443396806617443], [93.70929610752935, 7.423692702855931], [93.70310556846735, 7.402088761487093], [93.71433055371213, 7.393158554723513], [93.69890701784473, 7.393986344694127], [93.68414616541352, 7.38738095736538], [93.68005216097859, 7.37649822261487], [93.67446231868112, 7.373340248753607], [93.66373860835037, 7.3810584544841475], [93.64987933616268, 7.368764638477245], [93.63950097538995, 7.373798727629179], [93.6323739291137, 7.370396256881719], [93.63213694066766, 7.337133765311123], [93.63647413257527, 7.331784247944697], [93.63596975769829, 7.3212889429304795], [93.62115097004133, 7.308374643275215], [93.628660202107, 7.303030013724197], [93.63422524919602, 7.286136508093364], [93.63114070857708, 7.2788853643680795], [93.63385164743582, 7.275008916728041], [93.62938117959769, 7.264766573918337], [93.63649284836637, 7.259665727191646], [93.63805115223917, 7.252931952647543], [93.64823520189319, 7.242610454209199], [93.6688765287291, 7.257675051762348], [93.67943024650882, 7.284847616824095], [93.68670034434561, 7.290696859572378], [93.69829690427892, 7.293556213548641], [93.7072489258974, 7.304117441566717], [93.71846163269848, 7.3050123452435685], [93.72484517076819, 7.30987954180749], [93.74262225671194, 7.347537755862774], [93.74881017245175, 7.35226023172433], [93.74884617321234, 7.356763243328999], [93.7555303573404, 7.35992562746587], [93.75637495474078, 7.374302506255816], [93.72574675101171, 7.396019459130855], [93.721330642695, 7.4021315575254505], [93.719870447663, 7.4303268190274565], [93.710998058314, 7.445048570735011]], [[93.76594662633599, 7.394145012082788], [93.77095425113791, 7.394177555849751], [93.77227056003849, 7.398397445585886], [93.76719176738644, 7.404102563882333], [93.76256430130164, 7.3985927108851115], [93.76594662633599, 7.394145012082788]], [[93.84421765831863, 7.288158178656943], [93.84621393652421, 7.286191820895965], [93.84839773147033, 7.290058374194572], [93.84421765831863, 7.288158178656943]], [[93.84735751173989, 7.243617176891405], [93.84331285940132, 7.2397279741668115], [93.8367631437043, 7.241778254862709], [93.83816790542451, 7.238464951896049], [93.83112657083498, 7.236164331418806], [93.82636606714053, 7.237845301919208], [93.81640970694255, 7.235070109198247], [93.81591296191377, 7.232557177671822], [93.80666434748198, 7.232898950626293], [93.8053770066438, 7.227783441352869], [93.80890822433528, 7.228660703028979], [93.81032884110331, 7.219766736246015], [93.80632317077803, 7.219311118113808], [93.80675172830976, 7.216842055516494], [93.81164860699775, 7.214063048770797], [93.80743587046916, 7.21029090899826], [93.80277621764859, 7.21117794540605], [93.80282592767483, 7.201567531016963], [93.79309344290837, 7.212642907744154], [93.77723836915564, 7.2118753192907405], [93.77619910270656, 7.2076152559393165], [93.77015614509028, 7.207031249692406], [93.76470804224257, 7.209637046112817], [93.76603996787051, 7.214244842225838], [93.76083755530922, 7.21451330154764], [93.75168597682645, 7.207031249692406], [93.75430965446722, 7.202536224966806], [93.7461434604526, 7.200308919021538], [93.7334519624383, 7.18726921070548], [93.72541904435346, 7.1858552696049145], [93.71289110154336, 7.192171216428591], [93.7014552351711, 7.188598870941348], [93.69219124323152, 7.191645025797527], [93.68607664112429, 7.189909100424572], [93.68349278006806, 7.183082938526795], [93.67298960688495, 7.175569176576204], [93.67573225493985, 7.172253847437261], [93.67447912701007, 7.160202741363577], [93.67854404467201, 7.1539592745008775], [93.67669594326313, 7.141622424135505], [93.67269515985393, 7.1376296285044845], [93.6673971412653, 7.139050960233689], [93.66535055678278, 7.13152682820072], [93.65791976448557, 7.129155278193579], [93.65564847000107, 7.125228404667141], [93.65826296826154, 7.11190640905356], [93.66280925254532, 7.111621141402537], [93.66749835006877, 7.117435335772228], [93.67461097211904, 7.112242340911266], [93.65734624883069, 7.099315166561894], [93.66052496465548, 7.08603572866609], [93.66610372101005, 7.086711168085955], [93.6698503497141, 7.082769632012955], [93.6620881554442, 7.069334149151857], [93.66797614098627, 7.067105650705457], [93.66473472083075, 7.044021367692068], [93.67299914329598, 7.036690830917138], [93.66912925261298, 7.0292824506246205], [93.67416691746936, 7.023608804103134], [93.67008876808237, 7.019718647197735], [93.66944754157109, 7.012303113697769], [93.6638159752271, 7.010515809157312], [93.66299593471487, 7.006560206788194], [93.66695702115001, 7.003069043101775], [93.67332684995452, 7.003329634255238], [93.67713224845457, 7.015686750843088], [93.68118023907701, 7.0175459381946155], [93.69460225099337, 7.014654517092254], [93.70623755461966, 6.999879836685224], [93.7047727109921, 6.990414023388482], [93.7161905765341, 6.99352026015184], [93.72271907362656, 6.991856932551386], [93.73367083044477, 6.977262258646235], [93.73139607896613, 6.969377279038156], [93.73511862742274, 6.965674757583926], [93.73515796646737, 6.959897518156012], [93.7426288127696, 6.963379144531913], [93.74529337898642, 6.961660147098186], [93.75208246723233, 6.937226533877407], [93.75124454460033, 6.929469943283408], [93.74313128018483, 6.9289176462324775], [93.74188065506834, 6.924802660614361], [93.75233352197463, 6.907430529495386], [93.76208412628162, 6.916055440706131], [93.7657072546863, 6.915038943292515], [93.76315855981969, 6.907835721741193], [93.7678084370099, 6.901970148203731], [93.76804125350114, 6.895246505422094], [93.7708649637473, 6.897102236678833], [93.77166032776213, 6.893749832988462], [93.78063952959079, 6.890260338443852], [93.77728617171974, 6.884686946545273], [93.7802666427913, 6.883585453305997], [93.77921032879388, 6.880785107446968], [93.77169144160715, 6.876524925384999], [93.77549624475611, 6.869848847746297], [93.77337443827983, 6.865177154801984], [93.7792996170837, 6.857234954929183], [93.78243613222199, 6.854678631113984], [93.78847217585044, 6.856882453062823], [93.79421973225513, 6.85057485104862], [93.78780400744895, 6.842309355692109], [93.78665053879158, 6.830695151959674], [93.80353295847922, 6.812254548009079], [93.81054472965596, 6.818065762924661], [93.81527364286435, 6.816242813754911], [93.813119411332, 6.807572722403208], [93.8084701303923, 6.8067029718648655], [93.80769395790983, 6.798131346384707], [93.81177926050461, 6.7933470007634185], [93.80760943872477, 6.783887743524687], [93.81280374569624, 6.778896451310203], [93.80567026117379, 6.772685766535119], [93.80472886524493, 6.765241742512501], [93.82629597218173, 6.754214644090482], [93.83480322329027, 6.755342245548192], [93.83922195403014, 6.770360827490194], [93.84725344219291, 6.779120207131996], [93.84894943227064, 6.790403962173173], [93.84616673021068, 6.8000948425030145], [93.85094737961813, 6.815947651762642], [93.86822605139142, 6.814994811961185], [93.87764024719982, 6.803746700649739], [93.88190853575034, 6.793022632388599], [93.88739144775744, 6.796730876229034], [93.88920855493123, 6.803775549102255], [93.89630901814692, 6.8045046330825585], [93.90200102342871, 6.8127144577062495], [93.90178441991534, 6.820191621746176], [93.90874934180889, 6.828544258710565], [93.91017627721376, 6.835768103515306], [93.90523505205627, 6.840394973349419], [93.8961067201491, 6.841690420676329], [93.89379191376591, 6.846559048061664], [93.89307141291565, 6.865349053915679], [93.90167856251563, 6.872814417051799], [93.90166044207572, 6.881101131012414], [93.89658057653267, 6.8911825419408785], [93.9003076557739, 6.896656632497724], [93.8973323108377, 6.902134418368675], [93.902137160102, 6.907395601625723], [93.90918612454013, 6.905045151512695], [93.91645050089008, 6.9125230314128885], [93.90913414912202, 6.927288532439803], [93.91115713089707, 6.931936145136987], [93.91742944711152, 6.932936549182557], [93.91843557354301, 6.947132468188812], [93.92752075238096, 6.954924344582878], [93.94002103834046, 6.950107336484436], [93.94562327869156, 6.954844951533502], [93.94432055944654, 6.95936834807074], [93.93550705950352, 6.962887048998169], [93.92837154880831, 6.973902344717473], [93.92785882912179, 6.986136555457776], [93.91566431535622, 6.993303537028652], [93.91386795014617, 6.99983155748059], [93.91926753546866, 7.0074533226127755], [93.92649674382986, 7.01107835758026], [93.94266355048254, 6.992898941033374], [93.94787180414076, 6.997938752571429], [93.94578051525869, 7.0090322497385245], [93.93663930865725, 7.0132445096265315], [93.92858135704435, 7.026898265142961], [93.92069065594924, 7.02346611047254], [93.91611695313506, 7.02516281641077], [93.91664791107243, 7.031668543568571], [93.91223084947453, 7.040071249388689], [93.91668105108974, 7.047612905611047], [93.90576374550076, 7.061840057172887], [93.90656065904747, 7.069125175486647], [93.90156745937097, 7.077545761627718], [93.89231050012958, 7.079486608320508], [93.88807773569911, 7.085931539508962], [93.88546025708561, 7.105026840915897], [93.8912922139647, 7.121417403390453], [93.88570892772489, 7.125694036750531], [93.88411474270143, 7.13152182077549], [93.88788247129926, 7.15027940247262], [93.88505327698718, 7.1660765409995975], [93.87979495537306, 7.172785878265628], [93.88341510252533, 7.1828479762532425], [93.87986242790888, 7.1932189463971525], [93.88247525702789, 7.203566909185497], [93.87720835228382, 7.203724980323543], [93.86884677425937, 7.217094540181051], [93.85906946638298, 7.2172298431826505], [93.85411965809581, 7.213699817992278], [93.84614431820577, 7.218031644544666], [93.8424072268123, 7.228521466392621], [93.84828305262116, 7.233379244356684], [93.84735751173989, 7.243617176891405]], [[93.79038274326919, 6.850528359696156], [93.78718411915182, 6.852221846960717], [93.78444921965607, 6.848781347481179], [93.79038274326919, 6.850528359696156]], [[93.72153663600719, 7.213096380093873], [93.71362495462816, 7.221958756391402], [93.70898497087992, 7.23084354379472], [93.70636463152269, 7.226525425608145], [93.71242451707784, 7.208031416316771], [93.7197643519435, 7.20656466522712], [93.72153663600719, 7.213096380093873]], [[93.69499802553875, 7.399306654778272], [93.68901491150913, 7.409907579770945], [93.68308424953872, 7.405961752133152], [93.68725585917096, 7.397353529641805], [93.69499802553875, 7.399306654778272]]]}, "properties": {"MRGID_EEZ": 8333, "GEONAME": "Indian Exclusive Economic Zone (Andaman and Nicobar Islands)", "POL_TYPE": "200NM", "SOVEREIGN1": "India", "ISO_SOV1": "IND", "AREA_KM2": 664448}}, {"type": "Feature", "geometry": {"type": "MultiPolygon", "coordinates": [[[[68.40072803927907, 23.968404483135032], [68.3869340423723, 23.965189934168194], [68.38326847585958, 23.96831190547013], [68.37633621734258, 23.98394477383232], [68.36653816660314, 23.98096394572957], [68.35977745016933, 23.976995825696832], [68.34662103683152, 23.960849165656526], [68.3461569551794, 23.93256402051321], [68.33545243728022, 23.918028950975383], [68.32179152945562, 23.914371013411596], [68.28941512101116, 23.921566366794394], [68.2774349453666, 23.914596557984822], [68.2786147596635, 23.902763843276773], [68.26164865536126, 23.8862371441289], [68.25865554791537, 23.875545859753686], [68.2789045571997, 23.870007157404473], [68.29297673668717, 23.87492394438462], [68.30341744386001, 23.86698234076252], [68.31060612157526, 23.87943482415787], [68.31774854625857, 23.879519343343134], [68.3114103079395, 23.877379655646678], [68.30511772640207, 23.865513443890364], [68.29322004287079, 23.872775554848033], [68.28035187753724, 23.86777377114268], [68.25934481621042, 23.871480822482], [68.24898064134365, 23.853625059349042], [68.24991107003987, 23.848473310095272], [68.25797736646237, 23.84497284921767], [68.26363551586653, 23.837961316361742], [68.27678310865363, 23.835693478871065], [68.28260076001712, 23.841480612640225], [68.28735446933334, 23.839402556382936], [68.28283965592541, 23.839911937785786], [68.2774877544563, 23.83435046640102], [68.26107120517199, 23.837205052171527], [68.26089906683862, 23.824814676855908], [68.25720536683426, 23.843984127365616], [68.25086402855223, 23.845393538580993], [68.2457690238214, 23.85344493413652], [68.23429167262273, 23.836070537625318], [68.21338677428028, 23.834779858503794], [68.20960664762876, 23.811286211289627], [68.21809315677379, 23.78157520273345], [68.22405862790347, 23.773453712219037], [68.2315020556754, 23.775902152462493], [68.23206055175316, 23.78203511243055], [68.23464894269463, 23.77544784554169], [68.22479057352623, 23.771585822128003], [68.22562634947658, 23.761705755915983], [68.21922266479416, 23.75447881204758], [68.21392023593026, 23.755403041717102], [68.21227455122957, 23.763386606806563], [68.1933056117646, 23.73510026916219], [68.19526732003092, 23.726120114052094], [68.20795905546615, 23.70697343347723], [68.21991682090461, 23.699572205492956], [68.22938561455456, 23.702054500714695], [68.22604715844975, 23.69237232222497], [68.23894154981284, 23.68078625198399], [68.25593316518356, 23.67944002173965], [68.26055073782632, 23.68296527872471], [68.26727080310522, 23.69527697595177], [68.25522756609942, 23.711385011908845], [68.25427460668786, 23.71915721923031], [68.26092565079827, 23.7250806092828], [68.26142072668532, 23.738524675273595], [68.26608252528845, 23.746233343693888], [68.2622777221392, 23.756277918391305], [68.26982545867807, 23.781182646861737], [68.26634550054442, 23.792852878357678], [68.27036166146158, 23.785376548888735], [68.27443456690187, 23.796930670713976], [68.29561805722759, 23.804151177235127], [68.29591810703513, 23.810420036455554], [68.28910803760598, 23.816702247011136], [68.30395150176051, 23.824348807351612], [68.31422317056294, 23.82409334143466], [68.32124173611729, 23.807108044700584], [68.33789002900167, 23.819301247254884], [68.33640420419081, 23.83858942985833], [68.34879445989654, 23.86530232444275], [68.34710550341626, 23.881808519048036], [68.34252524364516, 23.890007257728882], [68.34689533725017, 23.903955102346202], [68.35686755159637, 23.911208033923657], [68.37640643101204, 23.91466236137896], [68.37656247597752, 23.920014261948694], [68.37724804895836, 23.91474461517197], [68.38682794575325, 23.91412579976594], [68.41074490565293, 23.925262450901442], [68.41885185233124, 23.93401205581182], [68.43437219960813, 23.968310141832177], [68.4440485312505, 23.968456430141202], [68.44271123403635, 23.964270353094406], [68.44903933969388, 23.959924935987033], [68.44190645232104, 23.962529659516264], [68.43692195448469, 23.957170844059277], [68.42860055007534, 23.93644571299933], [68.44198405751834, 23.936249256098364], [68.44871997874404, 23.93980085872269], [68.46299004595394, 23.93179845823235], [68.45583820357032, 23.92839062212954], [68.45143520826835, 23.91972494105326], [68.45446550807677, 23.911873102361852], [68.45815181745249, 23.913659810651808], [68.45734024045984, 23.909387946396663], [68.45307815093597, 23.907503366687138], [68.45063555268874, 23.893628001131418], [68.45313847026424, 23.880052328352406], [68.44572651426736, 23.876078605543285], [68.43996155238378, 23.86637973743501], [68.42868375804906, 23.861073374936353], [68.43239617384441, 23.85191965067139], [68.44377410409172, 23.848297238127145], [68.4638719562258, 23.859888553214205], [68.4719088079452, 23.86130225689365], [68.47959125033609, 23.888772964300983], [68.46761441207562, 23.89436256917736], [68.48055160037617, 23.890496611229622], [68.48810541633205, 23.901472210873862], [68.504808902409, 23.908596634726962], [68.51114714162745, 23.917399048727248], [68.51007497348135, 23.92322361497787], [68.51318335512784, 23.919817924657536], [68.51845300190465, 23.924060463819387], [68.51872825650386, 23.935440421138622], [68.50575721232556, 23.94064164119888], [68.516409873517, 23.93780934782322], [68.51896035713483, 23.940240263877087], [68.50306177148363, 23.945851921928664], [68.49799835723852, 23.951829314471382], [68.49582064170929, 23.96208751232885], [68.49909378377285, 23.969187166048698], [68.50901728096594, 23.969423770570728], [68.50391507162342, 23.95832395568607], [68.52215945699336, 23.94536876655536], [68.52586340926902, 23.948530554441533], [68.52241504162103, 23.952434540221958], [68.52466154089748, 23.954257011851666], [68.53436076603666, 23.951737642078598], [68.53643775030204, 23.96035170566671], [68.54415524017256, 23.970036744900057], [68.54901903639941, 23.967502389723762], [68.55680259660286, 23.970159138919513], [68.54403865296158, 23.959908127657997], [68.53764653176219, 23.946855902577965], [68.54131674776986, 23.939298867948423], [68.54819822336944, 23.933221459103095], [68.55876886818888, 23.932106852849046], [68.55981171124157, 23.929913758912903], [68.5590789319472, 23.923830151940052], [68.579461813412, 23.924077630078642], [68.5877474544815, 23.922196269042615], [68.58650410218272, 23.951611638066737], [68.59054613119909, 23.9684736728218], [68.60352351446645, 23.97069820803003], [68.59627175313895, 23.941277622864078], [68.60894906524729, 23.934037208950144], [68.61453700098187, 23.922498702952907], [68.62241530402318, 23.92702102659922], [68.6181817059211, 23.907957553998017], [68.63804697988436, 23.903209924998123], [68.66199374241737, 23.92261600512461], [68.66318285480506, 23.91721224784706], [68.63634526742018, 23.897206902676487], [68.63845074220811, 23.895005464830433], [68.6134293078164, 23.902991056092446], [68.59839785117995, 23.89232182489232], [68.5730928182791, 23.880812168247047], [68.56593692265088, 23.86289393910414], [68.55748796469797, 23.855909347238622], [68.54695034028614, 23.836042046203573], [68.534443378659, 23.827927947217063], [68.51554644071567, 23.824737906229444], [68.52263820209143, 23.817401647967756], [68.52210402458118, 23.80962324161939], [68.52620530093404, 23.80206930605371], [68.5308811667326, 23.801797151417475], [68.53404724618363, 23.811477542055002], [68.53732144842618, 23.81487321842434], [68.53117883243729, 23.800111651031898], [68.51813352134505, 23.795107245802825], [68.51571941362019, 23.784998655563584], [68.52504241457589, 23.77585732935239], [68.5250456332495, 23.76028704660996], [68.52927517900648, 23.7552607060168], [68.53489351272552, 23.756905078606536], [68.5648170706514, 23.79812622044875], [68.5756405589647, 23.822257280149415], [68.5882508751778, 23.836279869220675], [68.5999708175992, 23.83951210999595], [68.59900414982181, 23.846667051443376], [68.60380578041256, 23.84969806711223], [68.60015022785083, 23.84549546234581], [68.60514926952325, 23.83819985433982], [68.63739585903167, 23.83596694471879], [68.64707553380893, 23.839704155722217], [68.64853632419207, 23.843033552056852], [68.64481031874132, 23.845633626091058], [68.65525567540911, 23.84567403802646], [68.66595244385033, 23.851926445948777], [68.66562974461706, 23.856326579608094], [68.66024625266252, 23.858099102891345], [68.68381726765293, 23.861607074906715], [68.70229005833963, 23.856632351801608], [68.71611440175835, 23.857151269615485], [68.73647916278324, 23.86250281315438], [68.75468444832867, 23.874902844490776], [68.76145684695607, 23.875090956582454], [68.74640941656148, 23.865885854048997], [68.74904501471568, 23.863545179566415], [68.74693512875322, 23.85996985462515], [68.73990035022106, 23.860551357159437], [68.72911906259478, 23.854447841894512], [68.72589576287928, 23.845958709426952], [68.73730015747631, 23.843360424144294], [68.7347786428202, 23.838004946970813], [68.73050153281955, 23.839714526704057], [68.73288238091723, 23.837089657461746], [68.72231721836496, 23.831909656905168], [68.72784650301386, 23.83104526992335], [68.74320030185257, 23.84371483347283], [68.74253714087641, 23.837144136592656], [68.71731102438443, 23.82564294346713], [68.68786501905552, 23.821650147836124], [68.67777657542874, 23.814128756936583], [68.67781865560656, 23.80750834913107], [68.67473065889286, 23.8107428552986], [68.66629886629974, 23.80811035620806], [68.65104544169392, 23.79349684690203], [68.63234174287729, 23.76186323170282], [68.6325962546135, 23.757787943059185], [68.60361504589778, 23.7485083343922], [68.5955455299023, 23.730468749832994], [68.5800608392365, 23.728126049177916], [68.5763342384345, 23.724085331373033], [68.57765066604551, 23.720165133514172], [68.57175683940667, 23.724535942080195], [68.55907666655506, 23.71937596762686], [68.5465389490133, 23.696841955491948], [68.53523814642338, 23.689308166538723], [68.52498090274659, 23.690623640868466], [68.52756464509233, 23.686523437406805], [68.52647554900747, 23.676701307319604], [68.51759266816723, 23.662284969875515], [68.51936745684273, 23.660662531750518], [68.52052140214116, 23.6546910999144], [68.52414977539198, 23.65330183531148], [68.52988362343049, 23.661644101294286], [68.53874886047166, 23.66175174744521], [68.52882814400371, 23.659242868263817], [68.52294135096267, 23.651293754403355], [68.5197366474284, 23.65271544496187], [68.51727414088899, 23.66031205695589], [68.50063967687973, 23.656726241422945], [68.49688017348129, 23.65219104308227], [68.49903810032819, 23.644504666157445], [68.48943495785718, 23.635320901838213], [68.48939573752332, 23.626423835991318], [68.49245405211295, 23.622928738670424], [68.49231755750932, 23.609496116552606], [68.49496507617735, 23.60782384879161], [68.48661124671182, 23.595953464181065], [68.4874434469576, 23.578239440497896], [68.49288606663876, 23.572920441625172], [68.49398612995608, 23.549203276909708], [68.49748992911705, 23.547332525175932], [68.48415946998361, 23.548354863686114], [68.49145793873296, 23.537031650890015], [68.49495434726546, 23.516710042934164], [68.49897360814558, 23.514900564709393], [68.4919059279164, 23.500738859510818], [68.50045716756435, 23.498539924477996], [68.50258994127293, 23.500446558262098], [68.50021374267024, 23.503769635959998], [68.50426554641794, 23.505338668744685], [68.50151991800996, 23.502570747941718], [68.5040152075359, 23.499575018972024], [68.49917960145754, 23.494021057825563], [68.5151623483637, 23.492344021859225], [68.51324772859991, 23.487553358500747], [68.51899790742758, 23.48900616200484], [68.51339805117928, 23.484767078937608], [68.50245463827096, 23.491493820783262], [68.5006994008568, 23.47580194430435], [68.50475466249785, 23.47167420360168], [68.51118791059369, 23.47363364737498], [68.50922083877086, 23.469642162056175], [68.51210463002482, 23.46676027736501], [68.5082261562122, 23.462671041135735], [68.50481212108261, 23.467450022300767], [68.50235581357, 23.466035604559607], [68.51065087323937, 23.45523655442352], [68.51327335837883, 23.457148433053874], [68.5132148269029, 23.452813744858474], [68.51543462260989, 23.457731843050198], [68.52240395567813, 23.446323037278347], [68.52486264729342, 23.455169200598164], [68.52132046236946, 23.459314345880387], [68.5212233068103, 23.454399228042064], [68.51862704770011, 23.455477356894562], [68.51751565922038, 23.467716217129777], [68.51293647323976, 23.467341542478295], [68.51223123028709, 23.470390558077867], [68.51519525096009, 23.468504667156736], [68.51518595197015, 23.47506475473469], [68.51928687129222, 23.47089493295482], [68.52129530923114, 23.461355805126402], [68.53105354338643, 23.447764753940305], [68.5347000361779, 23.433186053793406], [68.54085183154692, 23.425431966911844], [68.53757894051583, 23.424618959097785], [68.53412520841178, 23.430861115648014], [68.53598332377149, 23.4211783409078], [68.54917371259685, 23.423161745318367], [68.54781186562522, 23.41975080925249], [68.54393470302429, 23.420412659916366], [68.55240452255075, 23.414961933746326], [68.55562961101779, 23.41988944963842], [68.56053245041235, 23.418696641936577], [68.5646251436356, 23.400493145142633], [68.56261265245203, 23.390950441609675], [68.55821824117893, 23.3952449561898], [68.5588154791511, 23.387016415775065], [68.56827247099787, 23.381091236971116], [68.57078385389187, 23.375226258784892], [68.57946324333412, 23.375912904656957], [68.57896351795208, 23.381343841245325], [68.57159960283954, 23.38647246353341], [68.57284927377506, 23.382800936314197], [68.5684578419559, 23.387949347284632], [68.57265770468942, 23.39171755342241], [68.57848751578629, 23.385918855271058], [68.5809335710276, 23.38967967078031], [68.59017431729106, 23.37557363541501], [68.59859705011391, 23.368923425875437], [68.60264146323308, 23.359119773258954], [68.60561454277698, 23.363145708907382], [68.59611523153288, 23.38185477218002], [68.59947812581501, 23.384573339987696], [68.60599923137946, 23.380661249517118], [68.60326421227367, 23.37730395801134], [68.60867977135442, 23.370615958959434], [68.61975014245522, 23.365017056891674], [68.6133303644049, 23.364769459143332], [68.61479413514124, 23.358917832292178], [68.62170767786719, 23.357668876317604], [68.62312090400658, 23.35025536988948], [68.62573134902257, 23.353759169949797], [68.63259673125427, 23.352002143784006], [68.63714206225652, 23.346423149109143], [68.6341874601832, 23.339221716309282], [68.626078128503, 23.346219420290083], [68.62548637369721, 23.336961746087724], [68.63418090322617, 23.33406043064437], [68.63381350049278, 23.329348564085052], [68.63769900790297, 23.331115126661814], [68.63301491780427, 23.3190567495694], [68.63641333620652, 23.316535473233614], [68.64414906522725, 23.322730541281487], [68.64797461034013, 23.308380841802432], [68.65281033512898, 23.302752852062497], [68.65650570427496, 23.30287265794692], [68.65909194943404, 23.309893012252815], [68.65883791433842, 23.322786331623973], [68.66813910043922, 23.32543754560629], [68.66095864792342, 23.31968045279075], [68.65883541062581, 23.303482055652466], [68.66196250896272, 23.30548691788701], [68.66788220370083, 23.3027962443513], [68.67053461108347, 23.306293845384715], [68.6738178730964, 23.30356740940843], [68.67537450782734, 23.307977676628553], [68.67711830136867, 23.30501782880981], [68.67686045134886, 23.308184504511303], [68.69239294547813, 23.30828261335199], [68.69893467429588, 23.313475847432443], [68.70799672616809, 23.31466484110956], [68.71364367001937, 23.305318951508497], [68.71873080748085, 23.304272771071567], [68.71361422531632, 23.30423104792456], [68.71418797929195, 23.29975962680544], [68.72394442559491, 23.2969061139261], [68.73426365864108, 23.308648109522665], [68.74804496770125, 23.306860804982193], [68.7583581213303, 23.330226779042704], [68.74818396601731, 23.30373561410741], [68.73579585519471, 23.30840110802481], [68.72504210480943, 23.295534372613304], [68.71268594240249, 23.297090769023896], [68.70458137982698, 23.305054545431034], [68.69598972824346, 23.307109952262522], [68.68433034436995, 23.300507903217294], [68.65683376796406, 23.29472994792883], [68.62967157388417, 23.29488754242621], [68.6362736229294, 23.272430300917677], [68.64130961864404, 23.266409159055513], [68.65685856317216, 23.271974444465172], [68.6705144644711, 23.272558450712012], [68.67177474470876, 23.269991040054492], [68.66176223713754, 23.26782870293235], [68.65918731714103, 23.261429906065388], [68.64799523359326, 23.257481932645135], [68.64554464846688, 23.250741839464382], [68.63933002915766, 23.24952042073096], [68.64307904286355, 23.24713194368431], [68.6406333446532, 23.24468076230741], [68.62879025896339, 23.246753454108728], [68.63048124341478, 23.242936372515686], [68.60651505012956, 23.243508576959357], [68.60389387620151, 23.242544412894404], [68.60471105597063, 23.23926305744419], [68.61913824103706, 23.220019579240216], [68.6188340183754, 23.225079178561316], [68.62117421621716, 23.222771644995504], [68.62475025611948, 23.2259494066399], [68.62445330627511, 23.220780849057007], [68.6294708254184, 23.224363803846558], [68.63622605778644, 23.22388875496216], [68.62231814846385, 23.22781455559732], [68.62254083139433, 23.231305837994086], [68.62836444346433, 23.231448412014686], [68.62909865358014, 23.22830927355423], [68.62925744057847, 23.231271147545527], [68.65222704384306, 23.23910796665936], [68.64881634699694, 23.242485642198716], [68.65478503680006, 23.244111060677028], [68.65876066707128, 23.244130730648806], [68.6589462754504, 23.237936735492013], [68.65403711831843, 23.238943576884594], [68.64637124503693, 23.23393213715846], [68.63657414937765, 23.223547220327987], [68.63949775721588, 23.222154259511512], [68.62878692157923, 23.21754801293048], [68.63169383979894, 23.215518355487717], [68.63043463245239, 23.2130956646333], [68.61900937538238, 23.216571569522387], [68.61825835693779, 23.21919333970095], [68.60976076095048, 23.217765450115536], [68.60833060777148, 23.221012711367592], [68.60165274138095, 23.218833446306576], [68.59901225541134, 23.240094899759868], [68.5860759016816, 23.234829545447212], [68.5844947100629, 23.223998427285665], [68.59183394867787, 23.214131832018523], [68.62664687595267, 23.185719252041935], [68.6392176148012, 23.18172454804946], [68.65654504331926, 23.15505015883781], [68.6667150257779, 23.152812123081077], [68.68187022193334, 23.141679048549292], [68.65602242929182, 23.153575419969712], [68.64607048026855, 23.167092442562307], [68.63464915773247, 23.17196095033762], [68.63495624023838, 23.176511406576196], [68.63119483027728, 23.176807642358852], [68.63075840457671, 23.173688650510883], [68.65388596026898, 23.154100060169696], [68.71294307746118, 23.118703126648086], [68.76031076892698, 23.080017328337078], [68.78487122073031, 23.07307314840716], [68.8085434436251, 23.060575246550428], [68.81508326498076, 23.06333065058905], [68.81466066815531, 23.06707787554356], [68.81623744949886, 23.06291842474556], [68.81451404089043, 23.059264302105987], [68.82324612161139, 23.054515600214785], [68.81709325335109, 23.056292057132822], [68.83764767689891, 23.042469859496492], [68.90392756420582, 23.005369901399916], [68.90040445300323, 23.008476972734172], [68.90068447580799, 23.01083040230131], [68.91217935119616, 22.999223351776322], [68.92749106895778, 22.992152452873484], [68.94088792773582, 22.98092567887707], [68.9645755290376, 22.970622539198843], [68.97064662014557, 22.963773131624748], [69.04453194179578, 22.92938005914249], [69.09943735584946, 22.896578669769838], [69.12918722590987, 22.874016523243995], [69.16090130794916, 22.860108017670967], [69.19769465928121, 22.838464975578233], [69.20732295489054, 22.840028047656403], [69.20838820904876, 22.83677446866679], [69.22248065475853, 22.83599734290314], [69.22834742079684, 22.842167973673156], [69.23096311065913, 22.834705948820556], [69.26701164257341, 22.824014544835478], [69.30111384372898, 22.832320212907632], [69.31869935968771, 22.832304835399924], [69.34817981714488, 22.82036054090628], [69.35565495501223, 22.828557968375634], [69.35231065781076, 22.817603349914748], [69.3599280117684, 22.82259595424], [69.3905893564137, 22.81355035276664], [69.41946041616532, 22.79897034140822], [69.44639253578706, 22.780712128062277], [69.46013545998349, 22.779097675917058], [69.47285306441748, 22.773485064584122], [69.4938566687504, 22.78127324566381], [69.4831831450862, 22.7857881786816], [69.48520875018383, 22.787877202171245], [69.50906932349059, 22.78769814984983], [69.51581346991574, 22.790691733037136], [69.54435002773167, 22.785791277745346], [69.54975771864392, 22.78640913986993], [69.55511534249914, 22.792083263032282], [69.55289554589288, 22.785953045097045], [69.563808679527, 22.773533225078296], [69.57894825895514, 22.765098810062113], [69.60100305115006, 22.75906157483189], [69.60867512255899, 22.761819243363448], [69.60937500015629, 22.767020106392863], [69.62119090563587, 22.76729106942736], [69.630035877354, 22.763463020602046], [69.6412776709279, 22.76649665869388], [69.63498580435154, 22.777148961955135], [69.6368515495594, 22.78807640110503], [69.6336373087149, 22.79520440066267], [69.63727915291068, 22.788981437443454], [69.63872885735091, 22.77385604392134], [69.64291644074129, 22.76620686025842], [69.65921640371417, 22.75657522636567], [69.66706550127194, 22.77704060084315], [69.66263592201031, 22.7567266227355], [69.67294943356958, 22.75690472087618], [69.69356834930002, 22.742684841232432], [69.70611035840633, 22.740051746790755], [69.70499384379096, 22.727990031414947], [69.71034502939975, 22.729901433404507], [69.70703017690121, 22.7307487728377], [69.70853626703516, 22.73838293512449], [69.71636450301949, 22.741199970602253], [69.71430623544452, 22.751111149759822], [69.7203412052825, 22.7622903586132], [69.74699294596783, 22.793706536627468], [69.7450109723786, 22.803945064513243], [69.75246787109549, 22.819367408778987], [69.77456104725454, 22.83065915069932], [69.7762751577724, 22.83221817043227], [69.77309525034562, 22.831329345273105], [69.77362501578202, 22.833590507096318], [69.79841220376036, 22.850530862909096], [69.81730175017574, 22.85223817814949], [69.85437107106819, 22.86796784414082], [69.8619282244081, 22.85829365253008], [69.85741937170675, 22.86883425729519], [69.86708426432747, 22.87272334130921], [69.88442766660367, 22.870468258903088], [69.89352560052615, 22.865543603754332], [69.9057488440341, 22.86624145517908], [69.93275451650774, 22.88412785551617], [69.93716204169496, 22.892899274382074], [69.95996904393624, 22.89428663242228], [70.00008571128669, 22.90310657061184], [70.00116252892767, 22.900088548347924], [70.00770926517058, 22.899338364473977], [70.01100850094164, 22.902055502359588], [70.01803565052487, 22.899333119627897], [70.02418673003362, 22.90137422094358], [70.0324683187579, 22.89541232551852], [70.04829227956512, 22.899303436604384], [70.055102348095, 22.90422487218018], [70.08207404598053, 22.906384110238577], [70.08304607911336, 22.908958673204324], [70.10568225423268, 22.90910696961103], [70.13159477737722, 22.924136876715522], [70.13843250275787, 22.931500076867167], [70.13879644849746, 22.941090107222777], [70.1195888523437, 22.944986223935132], [70.11229682004225, 22.949448108643423], [70.1002351046665, 22.938155650862655], [70.0911737677553, 22.952379941681016], [70.10112357099607, 22.941863775093253], [70.10432267175398, 22.9423513416412], [70.1098406312403, 22.952273249710743], [70.12643146553975, 22.94666707482571], [70.11186146723307, 22.95912444603647], [70.11238467661164, 22.97239434752123], [70.12321591348373, 22.982020020707466], [70.1298414465256, 23.000137805815115], [70.14008307437442, 23.008740544240737], [70.15341925589397, 23.029436350207504], [70.14349985153703, 23.009079814382062], [70.13306844245474, 22.99989211552878], [70.129369259284, 22.992370128378752], [70.12904560587017, 22.988679647048173], [70.1341068743329, 22.984893322269045], [70.12970304446006, 22.976870417236], [70.12225425223201, 22.971956014358653], [70.12144434438105, 22.961973547741053], [70.13258242633796, 22.960612773660614], [70.1421700716916, 22.952038407046928], [70.16223096888424, 22.94262135049496], [70.173318863275, 22.95040404840819], [70.20695531363683, 22.95148074643936], [70.22489881552806, 22.959920764231924], [70.22058093566179, 22.96785581089702], [70.20079505474811, 22.98144507423092], [70.19800913311511, 22.993778347992475], [70.18857622151555, 22.994531631829375], [70.18693196763635, 22.99104797838163], [70.18630802609462, 22.993032932323985], [70.18959212267848, 22.997459649942954], [70.19789111598223, 22.998350858305514], [70.20654034576049, 22.979821443604777], [70.22937321700053, 22.966644525724405], [70.22051203230447, 23.022537350418446], [70.22370004622027, 23.027343750114028], [70.22358357861927, 23.03644084946572], [70.21734285378975, 23.050128340350682], [70.21937835232924, 23.060518145895742], [70.21193790401114, 23.07136213785239], [70.20777904946365, 23.088578343615723], [70.21511673944613, 23.098943113833712], [70.22487044371607, 23.102578044041564], [70.2304793597348, 23.111498236854146], [70.23711144883433, 23.114693403078206], [70.25385570567644, 23.13671874967065], [70.25670731109366, 23.13683283316874], [70.22736942765701, 23.102862120090833], [70.22652447232659, 23.098477959290477], [70.22126495821132, 23.09171402418292], [70.25021016616634, 23.099081158868415], [70.26289892214757, 23.106985569228698], [70.26814901856253, 23.11738443364476], [70.28570246739511, 23.12084424516587], [70.2906239029709, 23.1278065446364], [70.30318951568373, 23.133720278667937], [70.28156924262655, 23.115841746499456], [70.27626144930659, 23.102998256764238], [70.293828606505, 23.111525177844754], [70.30652093909012, 23.111511349869005], [70.31249999987526, 23.1160713434179], [70.33351433312006, 23.11792194853922], [70.3375535013931, 23.11597132711509], [70.34770071481628, 23.12097990519848], [70.34573912615988, 23.122462033795955], [70.35671091087991, 23.13032495932947], [70.37059342874383, 23.156968713135626], [70.38473594151057, 23.157395601525877], [70.38976776616957, 23.159195542440415], [70.38995647451176, 23.16206431411689], [70.42185163504499, 23.161488651779877], [70.43993806798753, 23.17256355276578], [70.45265781910317, 23.171398401015495], [70.45795607601221, 23.167669653531732], [70.4651103015992, 23.159167528558697], [70.48997664430678, 23.153254270268377], [70.49352657778942, 23.15469956353408], [70.49740552914196, 23.166152357845135], [70.5063449143864, 23.17156636739398], [70.55417025105632, 23.168875336827426], [70.57432127021062, 23.175472736377742], [70.60022962050076, 23.176369070876007], [70.61274445029616, 23.176085949007472], [70.61226570609747, 23.170662760977706], [70.61679351291033, 23.169159054946476], [70.62997984849122, 23.173196912007967], [70.63449132451515, 23.171645045482563], [70.63549232481105, 23.169886351074325], [70.61577415475344, 23.16720306906643], [70.56120276419634, 23.164870023532785], [70.55078780641222, 23.148048162392826], [70.55754482753193, 23.1446031330282], [70.54974281757703, 23.142705916944607], [70.52844047554757, 23.124192118971166], [70.50650715837875, 23.110256433187857], [70.49669444599195, 23.091595650019286], [70.49093604106545, 23.061835527687492], [70.4708377122906, 23.01069724598119], [70.4538896088184, 22.984565019360275], [70.43753433214383, 22.974964142281408], [70.46673345558455, 22.986193179871407], [70.4949947597004, 23.012796044202105], [70.51673245453915, 23.024488449382517], [70.53088915321186, 23.027050256364276], [70.52589583392572, 23.03251552547124], [70.5269259209945, 23.037212609874103], [70.55458044982791, 23.036161422911363], [70.54790627965119, 23.03272151968244], [70.52955853969493, 23.036113858667704], [70.53169810778158, 23.023955344763408], [70.51654231537569, 23.022755741784152], [70.4974497560016, 23.01052725343007], [70.4710024590963, 22.98239254957656], [70.45214760312948, 22.972383141069173], [70.46284520614151, 22.970732450742105], [70.4800317288813, 22.979490279952557], [70.47931110842094, 22.974796652543603], [70.46161115193323, 22.965152144855637], [70.4463715553031, 22.964086532767396], [70.4588178396717, 22.957458377302373], [70.44351363214847, 22.960752963578443], [70.48249220834887, 22.936967849686567], [70.49776995152209, 22.934675931948732], [70.4834758040652, 22.934897661597887], [70.48154091807893, 22.924634933855145], [70.48385965809686, 22.913364410539174], [70.477244853967, 22.90500044841204], [70.47265446153418, 22.87741041176116], [70.46516716483288, 22.869778156037114], [70.46183085451045, 22.85156250040916], [70.45529603968058, 22.8448959591812], [70.45048284560696, 22.84455466286741], [70.4588346480007, 22.852280020906306], [70.46992552274483, 22.89063513310495], [70.45642960094543, 22.88485145543038], [70.44485020637202, 22.889398575184174], [70.44490110889919, 22.895697116528765], [70.45414614672737, 22.916163920928284], [70.446113466963, 22.927160858786664], [70.4327534435167, 22.924159765360884], [70.42327523216633, 22.93211472031814], [70.41773831856861, 22.92684352400954], [70.42441785320139, 22.90908277065344], [70.4308074715876, 22.905817746891586], [70.43089103659221, 22.901411175885187], [70.42255115471218, 22.886544704374643], [70.42658317067693, 22.904423474863535], [70.41757774371794, 22.920741558276404], [70.41291856753796, 22.92267692090317], [70.41326630119895, 22.917986870098048], [70.40990984426398, 22.920420527285557], [70.38478660571738, 22.909321903982743], [70.3538384438892, 22.870514869865445], [70.33826827985732, 22.84076225777204], [70.33873963342742, 22.827719569102953], [70.32417154348198, 22.809965371804594], [70.32346081736293, 22.80275261384213], [70.32115173336595, 22.80743181702485], [70.31708955773703, 22.801736236038522], [70.31647634510736, 22.798857212090752], [70.3202252392035, 22.79673981678917], [70.3093676566921, 22.795328736432168], [70.31300544764335, 22.785614132886025], [70.30045855072157, 22.778019904994693], [70.30699384219221, 22.778378605888037], [70.30044054989159, 22.77025723498346], [70.30548143342148, 22.766539811762925], [70.30222857029239, 22.76647543919023], [70.30304765662422, 22.758150101146384], [70.30145025292697, 22.759957074759257], [70.29830491543962, 22.757041931340154], [70.29920351533005, 22.753886103261124], [70.29441082489981, 22.752455115511225], [70.29326474687073, 22.748566031497177], [70.28258132976472, 22.748436212561217], [70.28885436094012, 22.74641907188274], [70.28075063203605, 22.740329146273154], [70.27578747241407, 22.73105490206217], [70.26459145523157, 22.738000750234534], [70.26176750666517, 22.72940278091366], [70.25309741531359, 22.733174204825758], [70.255528450078, 22.72882246998111], [70.25335288033116, 22.72993826873619], [70.25151991810989, 22.72447943697651], [70.25865805122808, 22.72503995922679], [70.25363206856522, 22.71973776778384], [70.25488293200178, 22.70626747576344], [70.24950456618294, 22.70493555103488], [70.24889957875266, 22.71204233198813], [70.2422511579646, 22.708385348605077], [70.24107003245618, 22.70416784297163], [70.24493134000946, 22.705695747960476], [70.2385250329041, 22.701352357925032], [70.23915135854853, 22.69588804209951], [70.25169503679663, 22.69556546247614], [70.25315105897423, 22.69266676945594], [70.24845230542965, 22.689484119096875], [70.24901103982776, 22.684320450228654], [70.24471902806081, 22.67853641552324], [70.2421184773859, 22.68150222314921], [70.23868882642827, 22.677651047357955], [70.2448452712924, 22.675781249804913], [70.24670064461921, 22.671705722840898], [70.24111926584155, 22.668649673643557], [70.24318885767966, 22.662802934607782], [70.23495912566327, 22.65977787964553], [70.23409044711647, 22.655038357134544], [70.22917473302763, 22.65711617507145], [70.23513805837482, 22.64997732609274], [70.23074495831324, 22.649482965166754], [70.22586381416383, 22.63977384568645], [70.21966946107685, 22.63729345792683], [70.21619772904208, 22.64075314983802], [70.21784496327459, 22.636631726872793], [70.21382844442726, 22.63411724581431], [70.21980595568047, 22.634427666603557], [70.22001194989164, 22.629557252265414], [70.2162444587149, 22.627581716023457], [70.21180796636472, 22.629719853288634], [70.21176564696705, 22.62338614485475], [70.20843100578637, 22.625106573109974], [70.20847725881853, 22.62170314818178], [70.19756066819045, 22.616555452172406], [70.19848275207747, 22.61290895938106], [70.19533491177677, 22.610647439627712], [70.20308220428038, 22.605460524183883], [70.19994044339686, 22.603518247569156], [70.19579494018441, 22.605743050701278], [70.19444704079834, 22.603320717776995], [70.19437444212681, 22.583164453776618], [70.18821346737778, 22.585026144840782], [70.17581665471496, 22.568867922216867], [70.17160356025616, 22.557363032877703], [70.16429734204874, 22.55205631244894], [70.14786171904316, 22.55322074923822], [70.1433943511685, 22.549402951784856], [70.12180304527439, 22.545527100395418], [70.11702847438463, 22.54792666428426], [70.08618462042395, 22.544686317019966], [70.0721434351714, 22.54987156422135], [70.06472253811481, 22.54662454128959], [70.0439049009905, 22.556657552504134], [70.03992617165565, 22.56285274016193], [70.04027664645017, 22.558841347450254], [70.03349804879596, 22.556208610938683], [70.02946937111463, 22.544521570214357], [70.0231329206479, 22.539705037857317], [70.02828264193047, 22.546813130021945], [70.02645075349957, 22.55059385292398], [70.01978290106004, 22.546670437290885], [70.01060307037554, 22.54848384825104], [70.00374722455481, 22.54408824447691], [69.99945712114939, 22.547075629536693], [69.97580707103955, 22.54265105680085], [69.9838496442458, 22.542725920864598], [69.98565936079095, 22.538723111282593], [69.98277413871565, 22.53484904774541], [69.98409497750137, 22.541517258114993], [69.97228574768914, 22.540428042420274], [69.94630646697001, 22.528411030544646], [69.9449452162489, 22.514964938381212], [69.95171737655582, 22.5091396571695], [69.95902085273022, 22.50892043123298], [69.95573222626123, 22.504675268748684], [69.95725631722533, 22.495399832936045], [69.95515215364904, 22.503756642754922], [69.94048345115036, 22.513351678737024], [69.93501591665134, 22.51237285122616], [69.92291331269925, 22.5026433468131], [69.91306066501781, 22.488667249993597], [69.90972197059259, 22.46733450908036], [69.91410625010352, 22.456413268957277], [69.90487086739674, 22.46281206582421], [69.9039449694848, 22.467736244332286], [69.9004131555428, 22.467728852804356], [69.87152290335942, 22.446712851317102], [69.86092662786169, 22.44686675050019], [69.84158194085396, 22.45584595232893], [69.8365117313314, 22.453850507794783], [69.84318613982859, 22.49423754192904], [69.83454334739761, 22.50044834631413], [69.84144365749896, 22.493046522079453], [69.83597397811675, 22.45793473749822], [69.83626520647417, 22.473909259205072], [69.83421671363047, 22.47457504260413], [69.83310365690838, 22.451879263117604], [69.82988524410874, 22.450177907684377], [69.82753825188897, 22.45807945730118], [69.82088375078459, 22.452039361327593], [69.80423474293914, 22.45863294595378], [69.79737091023944, 22.45700454712218], [69.80547535410435, 22.45739996463675], [69.82895243130966, 22.444883346988973], [69.82305252525393, 22.43515121925347], [69.82185697551907, 22.426133870881472], [69.81741905234739, 22.422936200944974], [69.81752216771403, 22.418020010215372], [69.80675327814131, 22.404654979343917], [69.80076742207896, 22.404586673136578], [69.79730773016777, 22.39980304247655], [69.79584073985828, 22.403874516196055], [69.77950727983725, 22.412488937714386], [69.7621809242103, 22.43232607818598], [69.75876605540915, 22.44151771067382], [69.75609576680628, 22.4265073539313], [69.74598813074775, 22.429275155124316], [69.74190735803822, 22.43957936769374], [69.73482382276123, 22.44401264226974], [69.74007117714316, 22.448804140199], [69.74079942745166, 22.457984924165032], [69.73535561526947, 22.46915006672228], [69.72881424438194, 22.473832845609337], [69.72284460039808, 22.468933463208856], [69.72533500210872, 22.465216517528262], [69.7097783090218, 22.456612706211445], [69.7032927275774, 22.446998238577947], [69.69998455074645, 22.447964429714744], [69.70066010977641, 22.45733463788332], [69.69089233831087, 22.450778245619546], [69.6882978679524, 22.4443031547668], [69.67950892489714, 22.443887114898473], [69.67482697968151, 22.442152142807146], [69.67182147508103, 22.450290441650594], [69.67378294502706, 22.44158756731244], [69.67175984364204, 22.43926715815286], [69.67748057866586, 22.439489126122368], [69.68045735352413, 22.44312250589897], [69.69771635532564, 22.442796349671795], [69.70216894194326, 22.433770537780134], [69.69265735135585, 22.419914126335925], [69.69938731187503, 22.396186828959117], [69.6642230752349, 22.39360296700343], [69.65627181559185, 22.376610517061806], [69.6571667192687, 22.36332666889075], [69.65416705576516, 22.358846902962227], [69.64360856977973, 22.35575401753391], [69.61787593352759, 22.36791074268669], [69.6198848490067, 22.357029676178684], [69.6171050067907, 22.354504108278093], [69.61742114996619, 22.34640347933714], [69.61437094186559, 22.33813202417366], [69.60690414880744, 22.325752616090398], [69.61230111080775, 22.340704441356934], [69.60900402081901, 22.349049329762806], [69.60709881785633, 22.338548660292503], [69.60484945783631, 22.35106110598531], [69.60151875029018, 22.35104930418214], [69.6017242669615, 22.347004651843207], [69.59985744976157, 22.350461244690734], [69.59670364875447, 22.34798693634815], [69.59473836388449, 22.352310776920945], [69.58215975776673, 22.346267342663822], [69.57974565004181, 22.337147474276577], [69.57303976976968, 22.33301675322062], [69.57653844369437, 22.32421875039506], [69.57562363172528, 22.318921446767405], [69.57206785714604, 22.334216832840667], [69.57888996579939, 22.338330507247207], [69.5800187588587, 22.347023248923904], [69.59103381625764, 22.354591846136856], [69.59128534764082, 22.36055505277352], [69.58349204042534, 22.361316323489575], [69.58081924900924, 22.366601944024524], [69.5756387709126, 22.368113040684335], [69.56203734874467, 22.355651855448826], [69.55984675852122, 22.366575956315387], [69.5507949589203, 22.372076630831884], [69.55084407359524, 22.37520444412985], [69.55745840108435, 22.375926614122022], [69.55588412255432, 22.387987017386962], [69.54881584607458, 22.394363046117746], [69.55145561708318, 22.393937825969942], [69.55332565295654, 22.39890778086948], [69.55077207117424, 22.404751658262484], [69.53636217107746, 22.410308838082443], [69.53302752989666, 22.41874086899594], [69.52295732542032, 22.42647957836988], [69.50728654883531, 22.42363965514602], [69.49858903895304, 22.435455918555874], [69.50337624531753, 22.424488663720922], [69.51526427282809, 22.416421651438128], [69.5179426670206, 22.410447478468456], [69.51629972435282, 22.3945999149542], [69.52366721606924, 22.38605034354859], [69.51603364913367, 22.37449705629416], [69.49905276267495, 22.36561214928139], [69.49030995394136, 22.355277538727478], [69.48837745205779, 22.33811664576666], [69.46677076775686, 22.330141425486403], [69.45455253167407, 22.33559036290501], [69.44244503990674, 22.330518842170875], [69.4362578391281, 22.322389125557834], [69.41909337046278, 22.315598726100433], [69.40282344844346, 22.315964460591488], [69.39680135240062, 22.32084035899544], [69.38938295815703, 22.321110009919096], [69.38682425023896, 22.318359136664924], [69.38326346913394, 22.322233676842785], [69.36524736857135, 22.31654453320374], [69.36641085118, 22.322018742471045], [69.33460891257127, 22.33012735829101], [69.3304879662468, 22.327932954042637], [69.3307782413228, 22.32421875039506], [69.33728075070619, 22.31794345382744], [69.33761274802995, 22.311819315309265], [69.33322262742237, 22.303607106582803], [69.32404542006023, 22.30324792904878], [69.3265706300306, 22.30120444273092], [69.32125532647225, 22.29221606242146], [69.31211805350543, 22.291708469770157], [69.31367874148086, 22.288305878513597], [69.3088511231808, 22.286757350271614], [69.29838430868895, 22.287647009102216], [69.29605257526626, 22.283521652502316], [69.29211485411739, 22.285953045196976], [69.29455304118997, 22.27934002891928], [69.28357481912272, 22.272081017924677], [69.24932825609429, 22.266967058183212], [69.25047934064915, 22.260975241414343], [69.24239730878887, 22.264701246865087], [69.23877835233915, 22.25940310956591], [69.23255753490244, 22.257899641855033], [69.22362804399918, 22.25784111037902], [69.20280373120735, 22.266497015824683], [69.16945922416394, 22.29445850845343], [69.15812945351152, 22.312976837211323], [69.1680865286705, 22.326485275774985], [69.17003166692805, 22.337474465074592], [69.16776382943729, 22.345107078728745], [69.17069327837217, 22.34848022438294], [69.17632484471594, 22.347731947971084], [69.17395663299223, 22.35137581833945], [69.17770385704753, 22.35595035572433], [69.17319500434613, 22.357107758916015], [69.17385494664862, 22.362697720823263], [69.17783033859936, 22.367575645399796], [69.18042695563966, 22.366693020166792], [69.1832591294054, 22.373089551641613], [69.17903947798962, 22.377723813003627], [69.1885209080136, 22.38584494558782], [69.19860565632612, 22.387913942074846], [69.19831645504044, 22.397711515274267], [69.20431446993686, 22.402166604705144], [69.19611060601974, 22.404692053895275], [69.19396173984248, 22.408322572928483], [69.19399130325618, 22.423546552831255], [69.18326675925354, 22.4207880497288], [69.17584252391342, 22.42396426184132], [69.1704932448674, 22.421221852106896], [69.17322611819097, 22.41753447073927], [69.1694618465871, 22.414416432172658], [69.15629219972536, 22.412138819950712], [69.14882767205958, 22.402978420018172], [69.13143014948193, 22.40288042988803], [69.12865757918402, 22.397866249028255], [69.11010336837583, 22.409895658058304], [69.10264694719896, 22.409918546703665], [69.09884047490809, 22.408022403511183], [69.09874975669604, 22.399017214872657], [69.0914292338721, 22.39466607537915], [69.0806542630838, 22.392371654828082], [69.06920266127386, 22.395858169019306], [69.05481946474654, 22.411113858118057], [69.0438170437217, 22.43296444395395], [69.0673784017919, 22.45172440975378], [69.07349753378426, 22.45216882233342], [69.07693743701324, 22.46426928050292], [69.08549821397148, 22.472230314877237], [69.07947516464722, 22.478914141974172], [69.07013726192523, 22.477694511092892], [69.06778514356958, 22.479907155391004], [69.05957961051078, 22.46726405619134], [69.00669491284012, 22.438460230655153], [68.99363732330383, 22.420358300595183], [68.984834432663, 22.4143049719969], [68.9571207761031, 22.366457462541916], [68.95893883745745, 22.352273107018362], [68.95505785903313, 22.33452367792546], [68.94938182840875, 22.331663727698952], [68.94283890708991, 22.33279371236], [68.93604207028542, 22.310341715697717], [68.94367885589455, 22.285362839923152], [68.95796740057514, 22.25735950453759], [68.95265483815032, 22.250929355505434], [68.9576982262922, 22.237432241205], [68.96275103123517, 22.237238406727187], [68.96915614583955, 22.231393456442873], [68.98096084576648, 22.21191394307405], [69.0553195480588, 22.128445863885617], [69.08775007680467, 22.09974884992954], [69.10842204084466, 22.073413848670185], [69.1874613762416, 21.98893284777276], [69.19357097182305, 21.983550429608698], [69.20137608084153, 21.984308242431496], [69.19763076334911, 21.980726957683004], [69.21111452541518, 21.964385270663797], [69.28313612982859, 21.894950747778864], [69.35157573183469, 21.839329958111136], [69.37576484637069, 21.826361537255195], [69.40024042105867, 21.79687500038108], [69.43448483920398, 21.765663504467227], [69.470221042867, 21.741071343467723], [69.56057357800839, 21.65549230542561], [69.59147274477144, 21.634763360340827], [69.58771944039987, 21.6209653616622], [69.59022140469418, 21.620355248096303], [69.58933472621678, 21.62535524394937], [69.59312236310669, 21.62939405429225], [69.59109330191447, 21.638247728749747], [69.6021397114786, 21.637086630243886], [69.68856704223535, 21.550292253784562], [69.70585203174599, 21.538920163734645], [69.71055913009994, 21.539469122502084], [69.72007322350052, 21.543564439047685], [69.71550476553259, 21.553673624638094], [69.72463166751751, 21.570662021335323], [69.70687496650655, 21.588312864047566], [69.68636274364584, 21.595732450792013], [69.66687142847374, 21.619806170618318], [69.65008747555666, 21.62670385829651], [69.63286685951809, 21.64264345213371], [69.66112387206917, 21.624549031412755], [69.66894602773706, 21.625807523798244], [69.69101083298361, 21.614639878427738], [69.70129811761419, 21.60283207853763], [69.69887411554808, 21.600522517899947], [69.69332945339173, 21.602256655420376], [69.69364857692031, 21.594494223729527], [69.69648015533491, 21.59296846362372], [69.70193874877438, 21.601544141449097], [69.71575510531395, 21.59907877416623], [69.71736812573855, 21.602818846812397], [69.71241664920913, 21.609477519871746], [69.70008027548445, 21.61693203448587], [69.69199287916817, 21.628874778548266], [69.6759098767395, 21.63860547546244], [69.68608224420038, 21.636439561736466], [69.69072318033065, 21.64010226750574], [69.69658935101788, 21.639913320843164], [69.6974730491419, 21.643893480100076], [69.70417284999715, 21.647381543823286], [69.7138365510161, 21.631983757344614], [69.7171795370061, 21.63343274592458], [69.71476435639008, 21.638578056931806], [69.71676313920764, 21.640055536933517], [69.72484445610687, 21.632225274776715], [69.73061776190028, 21.63657665259052], [69.72701954831356, 21.641657114384373], [69.73115074601029, 21.641278743519223], [69.73429095736194, 21.650409460428364], [69.73761153224652, 21.650311350688384], [69.73727881906231, 21.64062201989043], [69.74534475845391, 21.632951855943503], [69.7466458085573, 21.622142672246582], [69.75154840963157, 21.61846661604156], [69.74959444992393, 21.613306761198146], [69.75553464920475, 21.607040524400787], [69.75580430012846, 21.593868851366494], [69.76372432721607, 21.59565722969751], [69.76422977408495, 21.57892191391528], [69.75325036041588, 21.577358365196517], [69.75124323368837, 21.57327377756286], [69.74819326390801, 21.57452762135273], [69.75152361352409, 21.56329822583254], [69.74919176139073, 21.561091422631108], [69.73700392239314, 21.562003850497433], [69.72677302345639, 21.556314945178713], [69.72930955858928, 21.542161225959916], [69.72360444029275, 21.541676759375036], [69.72046101116686, 21.536093473135367], [69.71165645138419, 21.532718777949327], [69.71251404308876, 21.52943015058102], [69.77525973325024, 21.459911942182487], [69.77491152294843, 21.463307141911116], [69.77801120275493, 21.462830543494846], [69.78558146910953, 21.453725815194304], [69.79523873368075, 21.452635049967625], [69.8051668407771, 21.463961244016303], [69.80118083952428, 21.456500053734516], [69.80488574508124, 21.45488953612326], [69.7994581458768, 21.45214283482406], [69.78787732138144, 21.451480269199095], [69.7784712311624, 21.458333969237373], [69.77928054366217, 21.4552247521207], [70.00896310806107, 21.196464419697293], [70.02874004881423, 21.178558945638912], [70.03832101850028, 21.183049440479408], [70.03192293659438, 21.174467563627218], [70.09845340290232, 21.105887174553544], [70.10516345512943, 21.105440259160673], [70.1328203680657, 21.079698920169108], [70.13659322279912, 21.08562564850496], [70.14630985251782, 21.080575942625728], [70.14722502241696, 21.078362941296774], [70.14040923150097, 21.081905603760703], [70.14161431764668, 21.079774856224674], [70.1380217077357, 21.07771515872767], [70.14318025136751, 21.06817173933436], [70.2266366483627, 20.998747349111], [70.23583304905603, 20.99620950186707], [70.2401889558557, 20.99967765819747], [70.23626136736837, 20.995283842275626], [70.23825657358205, 20.993890046888254], [70.24750745340637, 21.000249624320816], [70.23978364489946, 20.992557644619637], [70.25181055111617, 20.978826641836122], [70.30931806537652, 20.93882095802084], [70.32106852539229, 20.927457451999885], [70.34548175368005, 20.91549110433104], [70.34734976248163, 20.92140281219011], [70.34762120215689, 20.91897916805425], [70.35131967036662, 20.92034184959678], [70.34720444642821, 20.915679336032554], [70.35103023076059, 20.910294174936325], [70.37399852281365, 20.894829869203107], [70.3714190720327, 20.902504324714897], [70.3934241533021, 20.89397656906351], [70.40722155573033, 20.882433652790922], [70.41691470145238, 20.883032441194302], [70.41721451293958, 20.886820912655025], [70.41959345357517, 20.881573438663338], [70.4122177366593, 20.880599260647386], [70.41314911863705, 20.87535595861067], [70.42511951955024, 20.863112926420484], [70.43937015510866, 20.85234236680688], [70.44251143935153, 20.853977918845914], [70.4476405382803, 20.847725152993462], [70.45236194125076, 20.848488449882097], [70.4690325256307, 20.83837771386041], [70.47634744657753, 20.840363979014455], [70.48699617413425, 20.834419727388507], [70.48923921551747, 20.828153968131204], [70.5093151331869, 20.82150673894492], [70.53635585314024, 20.80412733590788], [70.5416817669001, 20.801754474689346], [70.5533236265841, 20.803262948925976], [70.5624169110117, 20.79248654821569], [70.5702018734178, 20.792940140175432], [70.5858501192877, 20.781530618543314], [70.60940146430627, 20.776300549131093], [70.61460435350821, 20.769967913588403], [70.63553667038113, 20.76937615878279], [70.64659297428634, 20.76290357074322], [70.65650534594502, 20.764390468445413], [70.656994342415, 20.759880304532487], [70.66249763935465, 20.758003950022328], [70.66600692258149, 20.752577662029523], [70.66288757280338, 20.761852502491053], [70.671292424406, 20.760850072273087], [70.67334234717165, 20.76448655111355], [70.67468953159667, 20.757269621196144], [70.70345854797372, 20.73795461631255], [70.74397623561484, 20.720002174261026], [70.76482367537236, 20.7212543489091], [70.79236924684344, 20.71211671801217], [70.80437147656241, 20.700712323415047], [70.81087934950247, 20.703828215300007], [70.80627930194831, 20.706007361650478], [70.80604267143227, 20.71033430128702], [70.81005704359771, 20.710862875121677], [70.81633400930716, 20.71902942616714], [70.8158675435524, 20.71497356917493], [70.82878184320751, 20.70901834941742], [70.827464341806, 20.69768595724122], [70.81959366771363, 20.698144436116877], [70.8196387291442, 20.701497435158586], [70.80728220970636, 20.700466275198494], [70.82793414584418, 20.689970612254058], [70.83809781056564, 20.690158724345736], [70.83431828016464, 20.69917845682042], [70.84359002156239, 20.70661640142589], [70.85483944408523, 20.708138227896967], [70.8681771751366, 20.703646302235114], [70.87409186334887, 20.704928040296863], [70.86918342117801, 20.706418633313348], [70.86788475517741, 20.712780356528327], [70.87221300602553, 20.724384307989453], [70.86425137540081, 20.72957622995912], [70.85775005851846, 20.742187500352884], [70.86235487427817, 20.751838326677557], [70.85309565054396, 20.753868341151048], [70.85907244683605, 20.75453734412318], [70.86310064787668, 20.754700541396943], [70.86459243339422, 20.73763084418823], [70.8751971724117, 20.726573229071363], [70.88666903954467, 20.733277558912334], [70.91065645233354, 20.737087368587282], [70.91970086130587, 20.743291139374662], [70.91383874386295, 20.737913608126632], [70.92014074310097, 20.737845420629753], [70.91744637515026, 20.735241412960875], [70.88263475908687, 20.72847044425569], [70.87380611905726, 20.71852457554877], [70.87413775935025, 20.709213614716646], [70.89423811429768, 20.707280754903024], [70.90005111706554, 20.698745370302674], [70.91117167483307, 20.701679945373257], [70.91386365868098, 20.698907971325895], [70.91808056806391, 20.70186984531719], [70.91562795676495, 20.70506083958611], [70.91742992385198, 20.70915245991816], [70.92537975267354, 20.71171760518334], [70.95203924191762, 20.703712463559356], [70.97024285832131, 20.70714795561375], [70.97690892200924, 20.701545357332463], [70.97940194614299, 20.705729246307726], [70.99426221862663, 20.71077954753818], [70.99774885152831, 20.71554124373347], [70.97970247259107, 20.72058844590009], [70.96750187850901, 20.728207230679146], [70.96354591820969, 20.726169824677726], [70.96549594428248, 20.72200441317321], [70.96272385152466, 20.721451759091508], [70.96371901072379, 20.732433557762562], [70.9597629308146, 20.73596835115859], [70.95466494573074, 20.734899640006404], [70.9629633427841, 20.741434574446117], [70.97029030295514, 20.738411307336037], [70.99069464224405, 20.745774745807978], [70.99443566817169, 20.742187500352884], [70.99879300579263, 20.742661833377042], [70.99040341388647, 20.73045992808332], [70.98314333000084, 20.725693226261455], [70.98704266538678, 20.721850156959277], [70.9943547246908, 20.73201155628834], [71.00958395033913, 20.739101648522308], [71.03505802161047, 20.738909840216962], [71.04586374741407, 20.730720758456357], [71.06091547027282, 20.736102104628486], [71.06485354935185, 20.733390450808685], [71.0735650059203, 20.735241532570797], [71.0812879798564, 20.73836910754838], [71.07552170766084, 20.745454311067647], [71.08630561860949, 20.756006359705793], [71.1155041457998, 20.76051974319168], [71.1190835239855, 20.754776835382728], [71.12365043152235, 20.753980636796996], [71.128635167679, 20.75721442710426], [71.15518105006547, 20.75941216963605], [71.15649056458798, 20.76223623781226], [71.14821290949826, 20.76548552523687], [71.155919551746, 20.778375744645018], [71.20266830909529, 20.78857207274305], [71.20761585199014, 20.79365885227432], [71.20497024078404, 20.797008037291192], [71.20928645150869, 20.80185806759576], [71.23239815215308, 20.803975224577044], [71.2392250299113, 20.81136727318122], [71.25842475879566, 20.815877556703953], [71.2800765036279, 20.827956557049504], [71.29177975643066, 20.828742504263232], [71.2963026763276, 20.835388422237912], [71.32256972751102, 20.845793724001254], [71.38384044138334, 20.85673892476163], [71.38813304940075, 20.860076307975334], [71.38180839983792, 20.859952331035345], [71.37591516944954, 20.870676040466975], [71.37814545664756, 20.87385427965134], [71.38662004437967, 20.87546014776771], [71.39098525016922, 20.86976003689631], [71.38872146592294, 20.86640047999819], [71.39640927276989, 20.864987969719152], [71.40485417837775, 20.868257164536573], [71.42161416975827, 20.868342279972353], [71.42055654544825, 20.86597204207618], [71.43946635718677, 20.86919784550429], [71.44816601285126, 20.87704634681154], [71.4488065244017, 20.88144326179716], [71.46215915721947, 20.881142616638527], [71.47755360631405, 20.890622615841153], [71.48277354216535, 20.90650284273204], [71.49514961286437, 20.907364726001333], [71.485163211713, 20.910637736642343], [71.48845636806695, 20.914510249748247], [71.49327850320046, 20.91768956182389], [71.50744104386919, 20.915901541423096], [71.51482236356136, 20.921046018758858], [71.51648664444312, 20.923337101925796], [71.51118695761213, 20.923688054260367], [71.50682294342423, 20.931790828983623], [71.51109325904676, 20.93775105436771], [71.5086442234522, 20.942116379767185], [71.51327312035832, 20.94679665584107], [71.52003407511259, 20.949148654586793], [71.52383553997825, 20.94627475767399], [71.54208314402203, 20.956416130000434], [71.55850064748691, 20.970673560836218], [71.57055342180311, 20.974504828335284], [71.57957935330458, 20.987503766785466], [71.58890342715156, 20.98970580088212], [71.60151147887174, 21.000423073865846], [71.59107375115272, 20.989203214756685], [71.58060348056634, 20.98594737037496], [71.57355773480165, 20.974788904384468], [71.55886185209286, 20.968999505223053], [71.53025233767531, 20.943054080381586], [71.54596054584252, 20.950615048645602], [71.56467294649943, 20.949560880430397], [71.56892645379284, 20.953830838122713], [71.57947421086621, 20.953990221371697], [71.58108091355345, 20.958860039459324], [71.59192764754292, 20.960387707027166], [71.59778094263643, 20.967342138329116], [71.60278451419404, 20.964354157018818], [71.61165487737074, 20.967396259529778], [71.6128629447692, 20.975446342974436], [71.61797165876513, 20.974247574565965], [71.61768245658018, 20.96907114971384], [71.62806105657259, 20.96941542638092], [71.63807904731019, 20.97477924836366], [71.63609051676409, 20.98009765188516], [71.63842976132455, 20.989470243257244], [71.64647161956972, 20.994534731292845], [71.66399216670524, 20.999449252880765], [71.67953395802581, 20.997394442299708], [71.68228125557553, 21.004155040023107], [71.71740591485124, 21.020926356566207], [71.72723364861403, 21.020993947812514], [71.72677385762759, 21.014852046784654], [71.7293446065685, 21.01356017606136], [71.7358524795084, 21.020518302677573], [71.73894584157742, 21.017339944782748], [71.75302874997695, 21.022644042788357], [71.76055824736537, 21.020161628856158], [71.76453244681508, 21.021783709950313], [71.76519691900265, 21.026227712538997], [71.7848565575841, 21.031354427364988], [71.7776863573396, 21.03769695724887], [71.77853965747923, 21.039868235430845], [71.79127514403282, 21.039499044845172], [71.79192197332057, 21.036062955641], [71.79902493934961, 21.03922247903421], [71.80669832197012, 21.038003206083175], [71.80450844760693, 21.045510769006853], [71.79651057700167, 21.053295969733256], [71.8008153438532, 21.061663150534002], [71.82007706120751, 21.071830868499802], [71.8237036466061, 21.068128704975805], [71.84462535417677, 21.07830786681464], [71.84976673154952, 21.077004552218398], [71.86067295029656, 21.08514571180524], [71.86795401536554, 21.086029052898567], [71.86965215212521, 21.090197443857022], [71.87957060320085, 21.089873433412322], [71.88916480551151, 21.10190463029454], [71.8997008803914, 21.109276651896067], [71.9261126513779, 21.111197471586138], [71.93227946722371, 21.115786075267238], [71.94024884730649, 21.11511945729717], [71.94374847451255, 21.12042725061724], [71.9452173713847, 21.117642641095074], [71.95163106911858, 21.1182204483151], [71.95437824705854, 21.122742533641116], [71.96034824807336, 21.124315738380744], [71.96650707704006, 21.122908949588435], [71.9643744229414, 21.12029802793171], [71.97121953985001, 21.123083948665368], [71.97014570256229, 21.120836257787147], [71.97667765574934, 21.12102484741888], [71.97803187377204, 21.12351417533904], [71.97470509986059, 21.125136256433194], [71.9769005778995, 21.12824130069552], [71.97408211249959, 21.128697275858656], [71.98608696464183, 21.133512854934338], [71.97895514926088, 21.135311246317087], [71.99173331224259, 21.142729163020533], [71.99101161979056, 21.152576207925705], [71.98622131346295, 21.153020143864552], [71.98586487796192, 21.156724333561215], [71.9952352048409, 21.161148905397795], [71.99288594722881, 21.169280648183417], [71.99635684469271, 21.16977417453856], [71.99774754011705, 21.16489374624942], [72.00305604929738, 21.168516874654102], [72.00427377181725, 21.180568576078997], [72.0101733208422, 21.182130217335754], [72.01110637196152, 21.18579041939239], [72.01788747332833, 21.188122749065712], [72.02389407135442, 21.18049824279973], [72.01662194734504, 21.170758247794964], [72.01221263430566, 21.17037320126235], [72.01441073386829, 21.165208816533777], [72.00693583522067, 21.161956548755768], [72.00873732566717, 21.156390547485813], [72.00444614847103, 21.152544855760567], [71.99938523793847, 21.153392076483215], [71.99682950947445, 21.147197723396317], [71.99710035289903, 21.142105579409048], [72.00388944114482, 21.141280412760864], [72.00254154175886, 21.137314676830925], [72.00739204870419, 21.13719677930797], [72.00827062159206, 21.132589816866584], [72.01128971584782, 21.13607060867176], [72.01026475401525, 21.14562904854185], [72.01660895304084, 21.149030447297406], [72.01848494962078, 21.154198050699563], [72.02621746086729, 21.15404725058025], [72.04189181315681, 21.162637352631776], [72.0463929172993, 21.159159064539296], [72.05599021867371, 21.173900961959873], [72.06286954849097, 21.172711133711942], [72.06399607615813, 21.17704153034248], [72.07500934570479, 21.179240107445054], [72.08010494668602, 21.184888601727693], [72.08744776280409, 21.187079667692615], [72.0872113706084, 21.190194367975806], [72.11378514726678, 21.196447730078717], [72.1152807477084, 21.202147841849467], [72.11069726926368, 21.20523655442352], [72.11454641798284, 21.211596012246275], [72.10535943498999, 21.216011643022938], [72.11242794979015, 21.22229003865442], [72.10980522633022, 21.22512412078163], [72.10876142999606, 21.220698356444046], [72.1042118074291, 21.22480046736777], [72.09651255580982, 21.222853779578315], [72.0914303061638, 21.22659194476256], [72.08228635752945, 21.245810747368182], [72.08169400647333, 21.251484275179223], [72.0852107999385, 21.249317645592896], [72.09257435802036, 21.261118411885292], [72.09759354630526, 21.263226032455464], [72.09807193257373, 21.271101951394], [72.0966211561416, 21.27777397668777], [72.0944695470321, 21.274322867006703], [72.08800792712427, 21.278338074642505], [72.08490574360522, 21.290316343724356], [72.07559514070331, 21.28885972529619], [72.08110177502695, 21.293629050440416], [72.0761536358817, 21.30207157104624], [72.08221554760954, 21.295413732557705], [72.0862159730888, 21.29799294501848], [72.08386337719318, 21.302605748556545], [72.08644950364183, 21.303875326884963], [72.0912168026135, 21.288314938483722], [72.10208141782331, 21.278088569431986], [72.10919511276441, 21.28311800998827], [72.11188721622219, 21.295276641703765], [72.10943543949404, 21.30158603157014], [72.12157022928275, 21.325004935229657], [72.16700243941116, 21.37677025754141], [72.16723883160685, 21.382379651100052], [72.17670953271883, 21.396362661907318], [72.20108163321092, 21.4127837419762], [72.2022777791963, 21.41733610657616], [72.22380614243966, 21.43947136381246], [72.23510765999063, 21.456560254352354], [72.23578846476593, 21.46402251752525], [72.25367331467189, 21.500650524901886], [72.26509380353636, 21.540333151553767], [72.26430380307815, 21.55577874149583], [72.26946187006936, 21.574002146581847], [72.30225634545408, 21.619334935758758], [72.30595672112591, 21.62857603995235], [72.30255675319168, 21.643878221302913], [72.28570675856011, 21.665242076061077], [72.28312623488793, 21.683570265655362], [72.2684824463079, 21.706367611875834], [72.24727630655647, 21.75136411216411], [72.24140846762671, 21.787294507335673], [72.21507370468774, 21.80248284350853], [72.20507693255453, 21.82223713393668], [72.19486165034496, 21.82700884318362], [72.18303871126764, 21.823985457362994], [72.18945312486196, 21.82812499986892], [72.19800090751593, 21.82694351643019], [72.20325660670707, 21.82474195987365], [72.20899558088152, 21.820392847451984], [72.21876335144768, 21.80184376277947], [72.24579346209876, 21.792381048546588], [72.25198125822865, 21.764083742770566], [72.26482832456767, 21.740391850803377], [72.27107393721244, 21.750620126417772], [72.25885331612776, 21.79687500038108], [72.2589826584231, 21.836855649768495], [72.25519645235451, 21.85697174105303], [72.2583280805766, 21.881875753663195], [72.25323307494651, 21.89711511107359], [72.24245655552576, 21.916433811271446], [72.23089456553188, 21.927042841853762], [72.22019755877037, 21.947707414365738], [72.21379005916393, 21.948449849680827], [72.20208430264861, 21.93962776660814], [72.19038605727079, 21.936971425590855], [72.16602265861886, 21.955142974868522], [72.15434575055608, 21.95722305729828], [72.14738357069527, 21.95483636900329], [72.16098141625938, 21.961490034637478], [72.15611624676748, 21.973744273279607], [72.14671874057754, 21.98313105145695], [72.1565479042624, 21.975262641857512], [72.16425073158601, 21.95995640726244], [72.17424201965358, 21.95860815084552], [72.19089603402486, 21.942572832270514], [72.2086776498538, 21.954032659279903], [72.22112965570912, 21.95633125268529], [72.22118544605158, 21.967480063554177], [72.23115134266035, 22.006805538844674], [72.22819435558515, 22.00823307049987], [72.2136498692461, 21.99896025621092], [72.20108342196247, 22.004111051284042], [72.19771945478911, 22.0075534582256], [72.1974818709916, 22.016384840288225], [72.18609905202979, 22.015316844097185], [72.18023037942848, 22.018919825889384], [72.18083345849746, 22.032994509089377], [72.17241036864377, 22.041363358132543], [72.18239736514644, 22.034744500758194], [72.18651306662483, 22.019531846017912], [72.19662666338988, 22.022306680808754], [72.20847451728517, 22.010877608814695], [72.216420054542, 22.0118495223376], [72.2236515282955, 22.02082395596088], [72.23281586186263, 22.017703413681716], [72.23017275346987, 22.044349431980834], [72.23398315939531, 22.05429422869574], [72.23825776568336, 22.05913066844559], [72.25467717661044, 22.06550312057263], [72.27810931199522, 22.08023250122895], [72.27496933896398, 22.096910953777524], [72.26613664658905, 22.101602435404175], [72.266254544112, 22.10584151757203], [72.27023160430517, 22.100327015079785], [72.27673590154066, 22.098135948215486], [72.27713716015197, 22.090858340140386], [72.28473424878669, 22.092591046839402], [72.28713893881113, 22.099769949823383], [72.2995343206525, 22.108646154096846], [72.30251443379419, 22.089122771798543], [72.29518175123687, 22.081063747294195], [72.30401551740235, 22.07669794525404], [72.30408644693208, 22.072139859167237], [72.29778313648265, 22.06306982041599], [72.29434347157402, 22.06308400632193], [72.28661417990057, 22.073971152246997], [72.24917924412685, 22.055387139704806], [72.24165165420052, 22.048759221660816], [72.2452222109363, 22.03304064251168], [72.25491416415744, 22.02788305306052], [72.26079535442219, 22.018819332046633], [72.25352311170226, 22.001306056829122], [72.25190651377474, 21.98772835697818], [72.25527095758869, 21.98211610357538], [72.26157045401337, 21.981136441493618], [72.260548472534, 21.959751248521343], [72.2632528544357, 21.946565627901435], [72.26832926298525, 21.935686350144977], [72.27545273265756, 21.929620504782548], [72.2784167524313, 21.932101845823638], [72.27911496178618, 21.954606652475093], [72.27106285126959, 21.966964959765136], [72.27986764937256, 21.96431362617301], [72.30669760690913, 22.076887249846834], [72.31555330753926, 22.099872111908468], [72.31139576420324, 22.111146211828242], [72.32317590724242, 22.122436523826536], [72.32023167615105, 22.12843036676807], [72.32380390202846, 22.13104617624012], [72.31371676961331, 22.137092113310388], [72.31044065990866, 22.145783424165757], [72.3126015662094, 22.180420041152047], [72.30023384121895, 22.18593454364438], [72.29436504810863, 22.202141165982113], [72.29773080313416, 22.200993537521867], [72.2997770305856, 22.1928776506831], [72.30327105501524, 22.193113923268953], [72.31726765637725, 22.18174064161738], [72.31966817354746, 22.17186534361076], [72.31648993526247, 22.146838426951888], [72.32397723196377, 22.14684486429914], [72.33514285116169, 22.138657808710917], [72.33961522556231, 22.138657808710917], [72.34226131430827, 22.12462496736839], [72.35026395311903, 22.12675797939727], [72.35070586198603, 22.14669513707102], [72.35680425201471, 22.148437499790816], [72.35376882517116, 22.161113858617796], [72.3443510536583, 22.167997002459714], [72.3533091546939, 22.165016054747213], [72.35200834291075, 22.18180024598462], [72.35620033747571, 22.18183755885633], [72.36013340912959, 22.18656754495629], [72.3578766584811, 22.19279885298471], [72.36370313129456, 22.188813328372504], [72.35924506151039, 22.17281484602833], [72.37270045266385, 22.170665145280253], [72.37637913219132, 22.149865508086776], [72.37871670761004, 22.1516031026012], [72.37744617420165, 22.157904267268208], [72.38409805288293, 22.156077742394018], [72.38711464432552, 22.159976959069525], [72.38665354212733, 22.172011733454838], [72.39163124558556, 22.167876839544533], [72.38911664491732, 22.174949407589196], [72.39174330201192, 22.17980372945854], [72.38512194182422, 22.190708756603925], [72.3625599149083, 22.204615473425406], [72.36014974081795, 22.22496724104539], [72.37085211293467, 22.245234847410302], [72.36338865726074, 22.260156750433737], [72.35680425201471, 22.263253331176315], [72.35654175249996, 22.2709306474315], [72.37747883757837, 22.260780453655087], [72.38029444223488, 22.256534576209816], [72.38372755018642, 22.24581754244565], [72.37581515294701, 22.235622048019167], [72.37766313564529, 22.226580977330343], [72.38252282107138, 22.21827614292971], [72.3923145531742, 22.213550925035236], [72.39982044695617, 22.199388861906556], [72.40291130531253, 22.209380507904143], [72.41112935513578, 22.2155405284727], [72.41167485690929, 22.226865053379584], [72.41678106809198, 22.228027224776667], [72.41301810769963, 22.25398993458785], [72.41667842846684, 22.28009402771727], [72.41380953807979, 22.29702806489331], [72.38294613375714, 22.300086856123585], [72.37611627564573, 22.305942058679193], [72.37254714973128, 22.316908240622865], [72.37901723405824, 22.335668444742993], [72.38875997109588, 22.343410730720734], [72.39938390254522, 22.346290826660436], [72.40429604092961, 22.35218262712661], [72.38221681145674, 22.375258207400407], [72.36127436192228, 22.371461152810014], [72.36206090448732, 22.375543951692094], [72.37652373328368, 22.38503932930169], [72.3937177653626, 22.382413625488482], [72.39909744239318, 22.369063377672802], [72.41251242161107, 22.357967138472702], [72.4058630466424, 22.334178328367273], [72.3892755506262, 22.31530833231372], [72.38894557947506, 22.310306549507658], [72.39772236369626, 22.306997418496138], [72.40609884258757, 22.30984544730964], [72.4347033504794, 22.30123937149986], [72.44443714645726, 22.28864395615369], [72.47082281102402, 22.238430142437124], [72.48223865039355, 22.24054276953322], [72.49323713778372, 22.24736607068772], [72.49203860769566, 22.23846304413422], [72.47784876810627, 22.234797119691365], [72.49264645586933, 22.236675858304324], [72.49108755574613, 22.229928374494932], [72.47882747690667, 22.22827923280036], [72.48506772509555, 22.22279310212005], [72.47417104275954, 22.20154047011664], [72.48732531031484, 22.197289824465884], [72.49260652057453, 22.208431958768017], [72.50411975382369, 22.220839976983484], [72.50661885737443, 22.229885458846923], [72.52420425372335, 22.24477827509739], [72.52555155775835, 22.268223643106722], [72.53289782997095, 22.277038216840282], [72.54290485347636, 22.280943155002717], [72.55324304063399, 22.28093862511753], [72.55378735080566, 22.27858352640868], [72.53753554832704, 22.27340745948669], [72.53493130233781, 22.26092040525259], [72.54112064799958, 22.257222175363154], [72.53344643080814, 22.252043843048995], [72.53783297571138, 22.250545501473738], [72.5333261491825, 22.246276021321393], [72.54165637504175, 22.2486145500215], [72.54230165479768, 22.243080377557476], [72.5575276617723, 22.259050249769217], [72.56156504129368, 22.25723934162241], [72.55980181700036, 22.246159077079824], [72.57086694235554, 22.257544755885817], [72.57392954851, 22.255008220752842], [72.59612381476236, 22.273408055737207], [72.61037445032073, 22.279642939470136], [72.63528144328413, 22.284511208925267], [72.65589094131397, 22.279240369647425], [72.6605181690783, 22.266919970580233], [72.68833327276238, 22.23831081409284], [72.75570595236789, 22.23077714474948], [72.84407997091395, 22.28233635413949], [72.85281944316293, 22.281393408678923], [72.85571241379702, 22.264387845722553], [72.86526775370388, 22.24346113162602], [72.88357996954002, 22.24226903888504], [72.89469754695435, 22.245680928232275], [72.90439605713235, 22.25229883232538], [72.9122834208433, 22.26718914486321], [72.91379010632838, 22.27795684373342], [72.90727603436156, 22.28456020399034], [72.91004884208056, 22.298907518467246], [72.91493344322393, 22.303738117120503], [72.93437886239471, 22.310766577915302], [72.94330143930998, 22.305910944834352], [72.94793581938265, 22.298668980489083], [72.95240712179125, 22.258194923456955], [72.96096754081944, 22.251674056212835], [72.97907352412395, 22.253961324455645], [73.01342582674059, 22.27042412767142], [73.02446544192676, 22.286457657494964], [73.06082642080284, 22.313628554314363], [73.06219601633316, 22.32081663577918], [73.05598425866671, 22.336987257356157], [73.0551899675431, 22.33463394649948], [73.05327844594368, 22.336515426245967], [73.04573512057951, 22.36311495319262], [73.04939365349443, 22.370479226235375], [73.06630074967998, 22.38452696844493], [73.07095634925625, 22.39228153196717], [73.07202732580058, 22.39948034324334], [73.06497252026568, 22.42363405236972], [73.07375955585891, 22.399860977702048], [73.06883955020518, 22.384492754636966], [73.05037343518595, 22.369768738436562], [73.0475424530218, 22.363381743372884], [73.06332981591842, 22.320414543496412], [73.06190371508447, 22.31302380520455], [73.0342487096103, 22.291835427063376], [73.01189804046228, 22.267345905689126], [72.97267401229593, 22.249750375779314], [72.95892024047689, 22.250208139693996], [72.95203292378054, 22.254585504317646], [72.94819605350509, 22.265794634514833], [72.94735312434725, 22.298373818496998], [72.94294214216623, 22.30544185665636], [72.93379867107191, 22.30987966021823], [72.91756773016672, 22.303364157429996], [72.91084277617333, 22.29672634594411], [72.90843260298234, 22.28418064152345], [72.91842043405589, 22.273581504382946], [72.91976881008267, 22.26110184167669], [72.9118560549131, 22.245300412484113], [72.90112590813422, 22.232898473685708], [72.88679504405607, 22.23044693437859], [72.87783074399371, 22.223764777322742], [72.86964643043851, 22.223663448909093], [72.84916985040834, 22.235714316662467], [72.82686066608696, 22.240440368228462], [72.81811940688524, 22.24748754481439], [72.81125915078931, 22.246718168508693], [72.79898595803567, 22.237193942446567], [72.7825379369763, 22.212501764245076], [72.77811300720961, 22.199976443857906], [72.75789034356458, 22.174033164798743], [72.74270963634072, 22.17445313920112], [72.71451771222277, 22.184939980695674], [72.70005714881839, 22.184348464210274], [72.65881955657736, 22.21240007880067], [72.63944375482558, 22.217853069463587], [72.61519014810696, 22.217564344818697], [72.60096001619192, 22.213114023593363], [72.58210611350646, 22.200649142144215], [72.5689505338402, 22.187389374220288], [72.54708898077192, 22.148437499790816], [72.52641391766824, 22.07660841954302], [72.51786065094845, 22.0281816720466], [72.50738835329, 21.993926048348527], [72.50247740740653, 21.954653143827557], [72.50513982784085, 21.909812211864164], [72.50869011835434, 21.897101759738433], [72.51682472188352, 21.88895475905494], [72.5147373675355, 21.88745343712648], [72.51629304898503, 21.8745490309131], [72.5468249317253, 21.876469373962465], [72.54947626621671, 21.879637717906377], [72.57766985857725, 21.882603168501504], [72.57004964387605, 21.879206537951433], [72.56956124275732, 21.874162912388556], [72.55600905397475, 21.87139892611964], [72.56715774523391, 21.87084424496601], [72.57797884944446, 21.877576351267663], [72.57337975517166, 21.871518016143597], [72.51662445095772, 21.862569213198725], [72.5179202553156, 21.85713386543557], [72.52532255619113, 21.857459545022067], [72.52305185795697, 21.85082995873563], [72.52776217498453, 21.84773755084737], [72.55150496947888, 21.851760267822186], [72.55480635193172, 21.855692744124923], [72.55383145805544, 21.852936744735075], [72.55664753935255, 21.85296905018157], [72.56352114678353, 21.85983264456098], [72.56826055058397, 21.859848856639502], [72.56418824229357, 21.854477762738668], [72.57833123170107, 21.857224345327324], [72.5884213444696, 21.865164756448394], [72.59352052205449, 21.860511422264352], [72.60363507300033, 21.886441826629067], [72.60455834848912, 21.882069230210874], [72.60630023456824, 21.884211540330398], [72.60561370830615, 21.901743173408818], [72.61019706714094, 21.884670853776953], [72.60205006555825, 21.863214731274866], [72.60395073863575, 21.858303547071102], [72.5852309464511, 21.834613919596762], [72.56690275685682, 21.82263851125836], [72.56741857560687, 21.817379951323773], [72.55254185182511, 21.792890548659983], [72.54760766026541, 21.76750683767048], [72.54328846918756, 21.76120245432986], [72.54339873776163, 21.742900848695314], [72.54057407423429, 21.73564934703981], [72.52968394795593, 21.727858066896346], [72.52097427834039, 21.714287519353604], [72.5211479662058, 21.706451416100037], [72.51798951660297, 21.714242457923177], [72.51843023296894, 21.70171046276772], [72.50803291808487, 21.70176875592344], [72.50787174698368, 21.698732257088125], [72.52061450455582, 21.699695109941473], [72.52327287174577, 21.69565534631724], [72.52181947199117, 21.691536426165186], [72.50915837286064, 21.692451834384713], [72.50833892859876, 21.68988025177225], [72.52172124354072, 21.689665079080157], [72.52556526702355, 21.678192854017084], [72.53229534625328, 21.67465460272777], [72.53242242315642, 21.67116165118938], [72.54328417762284, 21.660355925385716], [72.56220066502883, 21.658761144111565], [72.5676341053298, 21.66570603810328], [72.60015010834084, 21.680921674096055], [72.65553843944744, 21.67699384728823], [72.66894292807379, 21.682963252052502], [72.6814359430144, 21.679438352997636], [72.69855654275025, 21.68137347730422], [72.7111437319978, 21.67832195799204], [72.73668134217021, 21.68942284578779], [72.74649000131254, 21.685814619149426], [72.75262618085364, 21.675552964297992], [72.76289081605839, 21.669110060181197], [72.79484295853584, 21.661643743763875], [72.83000075782886, 21.671625375810464], [72.85073864487256, 21.684222579008917], [72.86856174462898, 21.68886554221109], [72.88740325015996, 21.686437129869745], [72.8934254649134, 21.68188464655924], [72.90238714255267, 21.682301163967622], [72.9315234420533, 21.67670500303359], [72.95851385572988, 21.681282043231818], [72.96422004691769, 21.678017258689636], [72.97952270490904, 21.680274128947957], [72.98819875696714, 21.684187054888724], [72.99088335018652, 21.69066870179921], [73.04593181580074, 21.717183947880926], [73.06723177462683, 21.740786314137182], [73.07544934780927, 21.74099516909186], [73.08310914077427, 21.73569262061804], [73.10416615044758, 21.73211324243229], [73.11976981152762, 21.73693764205865], [73.12812924376968, 21.75429594520179], [73.13568520550794, 21.754286647111144], [73.13557481732411, 21.761258959633324], [73.13281822168372, 21.763271450816887], [73.13663184628277, 21.775482415880873], [73.13848984203273, 21.816685914823154], [73.12833595294197, 21.847946166582375], [73.14139246958686, 21.866101145851303], [73.15459740134915, 21.861886143930462], [73.17862725224606, 21.83792853377483], [73.20151150265386, 21.827038049566426], [73.221842407801, 21.82827305795533], [73.24040126810414, 21.840633511927052], [73.24576056020172, 21.850345611760645], [73.24365770783712, 21.866834879326348], [73.22388875486232, 21.89160251604335], [73.21995174867433, 21.908063650117413], [73.22300374552654, 21.92030775519879], [73.23690104464757, 21.93180584926054], [73.25066530705837, 21.936827420748955], [73.2637051340848, 21.9341137407566], [73.28477835673587, 21.908496141283933], [73.31414771104804, 21.88401722921182], [73.32557272889832, 21.87716674784724], [73.33611476448485, 21.87564110735127], [73.34397304052354, 21.8825745583693], [73.34456384204768, 21.91836035244836], [73.35631811608826, 21.92927491690395], [73.37571597101535, 21.929817318714356], [73.39873874219936, 21.914091110616283], [73.40795731567763, 21.911623358331383], [73.41664743403189, 21.912454128655213], [73.43369305099353, 21.922457813877088], [73.44200062742706, 21.93769121148034], [73.44156301012484, 21.947461247438724], [73.43634247802302, 21.9582746030905], [73.43897795656758, 21.97468805331107], [73.44445753119024, 21.981276511801667], [73.45022213424417, 21.9830508229372], [73.46409034749163, 21.98443281652129], [73.48000454897092, 21.97398352621886], [73.50547301746579, 21.963842153892415], [73.51161897173816, 21.96495616479521], [73.53120517707734, 21.98024356398932], [73.54678821580367, 21.978605151206807], [73.56413841245788, 21.959084629652068], [73.59306263922949, 21.94749355288522], [73.5978775024449, 21.9378669264176], [73.5924595592613, 21.930994630198143], [73.60040175913397, 21.905653953567196], [73.60587942629465, 21.89967727688483], [73.64110767847669, 21.888143300772754], [73.67893970000725, 21.884704232114643], [73.68864655499468, 21.877363800998722], [73.69540965553134, 21.866227864824197], [73.69384443767078, 21.863801836585537], [73.70308744932649, 21.851527452230243], [73.70147240183005, 21.84988844409648], [73.6926620009506, 21.861198901807967], [73.69224762932478, 21.868201256183056], [73.67654073236898, 21.882692933432196], [73.64591383895262, 21.88398075091098], [73.60459554155105, 21.896375417791404], [73.59696102133412, 21.90658700468657], [73.59201991578661, 21.920471072082364], [73.58893704430929, 21.944874406029015], [73.56650912789397, 21.954314351226373], [73.54019975641378, 21.97848606118282], [73.53006875506904, 21.977306246885917], [73.51802575548433, 21.9646266702847], [73.50826323066363, 21.961495518703316], [73.4775686263911, 21.970208645312766], [73.47418284436284, 21.97337090983973], [73.4765624999595, 21.975446343673838], [73.466407656688, 21.98154771315646], [73.44871175254545, 21.98053872598149], [73.44117915609334, 21.970228552705578], [73.44402265592086, 21.93926441711926], [73.43866956195089, 21.924555540106155], [73.43084120725601, 21.916748165695367], [73.42009985402515, 21.909638762319048], [73.40762567538471, 21.908511638401478], [73.37879157057469, 21.921378016782143], [73.37544226684716, 21.927525520586386], [73.36936867202675, 21.928798079268006], [73.36793756466702, 21.925037026337748], [73.35741937190662, 21.924988507913355], [73.34801220879652, 21.918408632552456], [73.34588515747416, 21.912492155588524], [73.34809660927121, 21.880024433580815], [73.34519112097362, 21.87604451174488], [73.33483910584008, 21.872797966353176], [73.3204530476701, 21.876067161170596], [73.30075013640979, 21.8872159720396], [73.27865314442718, 21.904134035457417], [73.26086020433499, 21.929149269922874], [73.25200784198844, 21.93400454507369], [73.25440132646006, 21.930282950797647], [73.24539053414597, 21.93311774698654], [73.22629940469389, 21.918352007639157], [73.22358942001583, 21.906244635481585], [73.2301126722621, 21.88767981537123], [73.24966716750586, 21.865669965896274], [73.24586451013917, 21.842490553496276], [73.22537195725013, 21.82509446174012], [73.20148026919921, 21.820899963462608], [73.15189802687249, 21.84974527382539], [73.14077520371282, 21.852120518247432], [73.13462495787567, 21.849409580287983], [73.13288521757877, 21.840583920611465], [73.14908254182595, 21.81456577748864], [73.17543756918857, 21.79687500038108], [73.17748820781466, 21.784499645542297], [73.15952277145882, 21.763327479479642], [73.10256814960056, 21.714720845091023], [73.07680177708042, 21.70607900594149], [73.0728806259402, 21.710901975645726], [73.06450521904063, 21.713697314079866], [73.04851472357572, 21.711905360044398], [72.98342072998278, 21.67692577850198], [72.95662975356029, 21.67140126205865], [72.92034506777074, 21.672758460434636], [72.90898883366785, 21.66391670739017], [72.89210772519144, 21.65939974819986], [72.86433661004659, 21.66080105292633], [72.85290670438101, 21.665503859715386], [72.85053324691197, 21.67058396357919], [72.842506527854, 21.671252608621103], [72.83968925495529, 21.66703355345578], [72.83394253222215, 21.667189955452187], [72.79758358041792, 21.647681236599908], [72.78079295183332, 21.64508914944477], [72.75228834153384, 21.649968504842718], [72.74721181427392, 21.642331242592803], [72.72603952860143, 21.638700604849134], [72.71578824563105, 21.640925050051123], [72.70704674720966, 21.6505718231312], [72.70144212275588, 21.65173137210519], [72.69227695461777, 21.64067614109109], [72.67273581070916, 21.627822280374033], [72.65827524640557, 21.627233862952494], [72.64766275882928, 21.616880178677405], [72.63834965221477, 21.62025046358812], [72.62857341722949, 21.616595029736857], [72.62099576024625, 21.596637606740245], [72.60621285463961, 21.5793193576024], [72.60448300868396, 21.571148157061828], [72.61061525369112, 21.561840653223612], [72.60969805761934, 21.551791072000412], [72.60278046164913, 21.559478044276375], [72.59757494912466, 21.552037120216966], [72.60145831075258, 21.55405592913789], [72.59844851458737, 21.544809818418514], [72.6009055379603, 21.542423247934607], [72.6030479667904, 21.549595833181257], [72.60286915278928, 21.53926181797857], [72.60565221277946, 21.536745071527946], [72.6077592370992, 21.542423247934607], [72.61037898020592, 21.54189705820275], [72.6086031195384, 21.529507279137647], [72.62074637374624, 21.53031873741989], [72.61247992510849, 21.523997426140312], [72.62024021191641, 21.514372229594755], [72.62192022823606, 21.506016373956584], [72.62653267384391, 21.505139946851102], [72.62391281112738, 21.495954156359318], [72.62646651251967, 21.492231964933296], [72.63666820507368, 21.49537682577997], [72.65325284034643, 21.522740006646018], [72.68332803206314, 21.54280900942831], [72.69168925305675, 21.534904241137866], [72.70577251938639, 21.53217864063177], [72.73779654467486, 21.5412566662622], [72.74018287683836, 21.54958081270439], [72.73304486243055, 21.552824259032434], [72.73614025157147, 21.55646657986884], [72.74280047416269, 21.546603560306067], [72.74056804208155, 21.54189300495824], [72.73278486752778, 21.536616325483095], [72.70377111414567, 21.52768051594316], [72.68598031983592, 21.52816605541915], [72.67484164252792, 21.521040558674855], [72.67151534525706, 21.51450490927425], [72.6823828221097, 21.516314506209568], [72.67157542716436, 21.512188911289314], [72.66502094236276, 21.478554368389496], [72.6523468498273, 21.46538865606169], [72.65621006484272, 21.464979767602244], [72.65251207327358, 21.46188128029692], [72.6496123073621, 21.447703480831024], [72.64348971837583, 21.440902114141352], [72.64563715463103, 21.433553814856737], [72.66972756407594, 21.44670152635439], [72.68162894292149, 21.448585867743702], [72.6903456452354, 21.463164329570247], [72.69450557267416, 21.466331601522228], [72.69702577611869, 21.464733004424687], [72.69073891606823, 21.458272219087746], [72.68027365200757, 21.433781623922926], [72.66296803924362, 21.425082326188488], [72.65066862135981, 21.40606844400358], [72.62546515429355, 21.381031751714062], [72.62348163117244, 21.364876628153922], [72.63131535032332, 21.36496102772935], [72.63595807520508, 21.37443637833624], [72.6396923067546, 21.37576985349594], [72.64883065261265, 21.37413620981829], [72.6493208406844, 21.367286443414685], [72.64373934229693, 21.358566642037033], [72.64785981198085, 21.371983409107088], [72.63913190321492, 21.373890876562797], [72.63603830372475, 21.371251702703972], [72.63546574135088, 21.362172246252214], [72.62403202076123, 21.355299353782243], [72.62255632861181, 21.345976114506158], [72.60969424269521, 21.331819772864293], [72.6087646485698, 21.326313853501546], [72.59419906143765, 21.31325244904133], [72.5894750360442, 21.298385262569894], [72.5891395808271, 21.284760117185783], [72.59515774233606, 21.28296637529803], [72.5985084768848, 21.280093908307293], [72.59003102750998, 21.282339573012933], [72.58737194535914, 21.275711059617805], [72.60498225652597, 21.27652001418744], [72.59704983228406, 21.27158343762568], [72.59706711725377, 21.250049948246613], [72.60980224587709, 21.229930758797593], [72.61243855989173, 21.22857034174791], [72.6218971012702, 21.233574509556036], [72.64708554785986, 21.21965312928853], [72.65311884855615, 21.226358174989855], [72.65219223478394, 21.22008943537918], [72.64678585508321, 21.217384457226956], [72.63906264282681, 21.2173832656253], [72.63036525255441, 21.22429990741483], [72.6186683174889, 21.22222673897292], [72.62096905667678, 21.212520241915712], [72.62414526968857, 21.211711645276267], [72.6185915468624, 21.205591440392766], [72.62040793907514, 21.18233704611785], [72.61780905754213, 21.16361737264367], [72.62052905527176, 21.161562442452777], [72.62135040789511, 21.141973138049906], [72.62507510213428, 21.139178037936148], [72.62361133139794, 21.120095253293385], [72.62749957994177, 21.11939394487476], [72.62320387375982, 21.112850546915297], [72.62688815606359, 21.102325558877567], [72.62479817839326, 21.09199523898917], [72.634456754176, 21.081903934618992], [72.62715995276969, 21.075986742694084], [72.64036941531643, 21.08091521276694], [72.65137004848899, 21.07684695682167], [72.65450417952437, 21.08528745215429], [72.65873336825038, 21.087489724571157], [72.65678691878136, 21.09894931326025], [72.66064631977193, 21.108503818596404], [72.65811824815873, 21.11935985067663], [72.66132914982043, 21.126309275452797], [72.65992283856818, 21.138671755597073], [72.66738104849665, 21.15521454811301], [72.68248426923375, 21.158149957754404], [72.70919942831111, 21.145957350551356], [72.73056197185767, 21.14097785924085], [72.74704122547226, 21.156808852746394], [72.76375865913482, 21.163292646338647], [72.77639555930776, 21.177794456249245], [72.79674744563826, 21.182615041850795], [72.81415307560397, 21.194156527301942], [72.81417691663151, 21.208642601774727], [72.80388021430056, 21.215264559112114], [72.79139947870303, 21.233479857709312], [72.79333424597874, 21.24176752585069], [72.8113043309302, 21.255549311551533], [72.8206193450068, 21.257357358955062], [72.84718751888889, 21.235118747132532], [72.84957051276908, 21.227975844909395], [72.85597145541848, 21.22712266437952], [72.85849165886302, 21.223152637784068], [72.85945785089925, 21.226019144068317], [72.877808809529, 21.228656649684694], [72.89462470996253, 21.2408733371349], [72.90032625165534, 21.240801215104057], [72.90970301588155, 21.253775358346218], [72.90626001358888, 21.245350361030432], [72.88957881900743, 21.231056332284], [72.86575114739767, 21.221334457719053], [72.85944604909591, 21.2221312525553], [72.85208404054609, 21.22509253029611], [72.82136750180885, 21.254642248141266], [72.81035017991698, 21.25275325815639], [72.79571843146059, 21.241036057767957], [72.79264974588912, 21.23400974275549], [72.80576133701621, 21.215671777530588], [72.81567347035448, 21.209145665440104], [72.81556427467169, 21.194075107180453], [72.79956340822477, 21.1816647048623], [72.77823734297911, 21.17397058027808], [72.77059781533697, 21.163303136930324], [72.74433660525025, 21.143071532225434], [72.72900867451077, 21.138943671912955], [72.71525204194833, 21.140014052206766], [72.70772254455991, 21.130080461943777], [72.70553255058681, 21.108039617334526], [72.7002650495925, 21.10085511247354], [72.70654606854632, 21.073475956949892], [72.72539246099333, 21.071362853213202], [72.75241267640396, 21.062000155282988], [72.77343750024048, 21.069475412760198], [72.7919076685042, 21.065355658936596], [72.79522562006647, 21.061777353642043], [72.79891204815257, 21.04300582435934], [72.79376375679206, 21.04490411243495], [72.79665386668276, 21.050568461765153], [72.78996860966376, 21.06192255008571], [72.77537262454703, 21.06717693806536], [72.77031111686463, 21.066283106380325], [72.76856422425956, 21.05922532049226], [72.76242637647621, 21.056718468382712], [72.76073825366748, 21.051621556189872], [72.73633337018893, 21.047515034990965], [72.72697651425486, 21.053227424306243], [72.7233388420141, 21.04880392536097], [72.72394061077071, 21.036468744137295], [72.73811924480734, 20.984003544228244], [72.75376474864427, 20.94359385976881], [72.77115893383788, 20.91640591630008], [72.77814877054945, 20.915037155340485], [72.77107870621742, 20.921501278960932], [72.77343750024048, 20.937220931001264], [72.79324710347115, 20.944984555193145], [72.78918445120152, 20.940929770192753], [72.79203021552215, 20.93810725244782], [72.80514955520798, 20.94611537442509], [72.79375433909158, 20.936393380250394], [72.80658686159441, 20.936408042796955], [72.8244115117819, 20.9565516713227], [72.83661186664446, 20.957115530957054], [72.84389615038705, 20.952386379427935], [72.84728395948716, 20.945694446741356], [72.85793435618567, 20.949121833206135], [72.86209344905356, 20.947482347532343], [72.84317874949974, 20.941599249805563], [72.83798634999008, 20.945154071103616], [72.83448004711661, 20.95526730993842], [72.83126330345877, 20.955943345608972], [72.82235622366088, 20.950907945245547], [72.8089307547506, 20.9351259468051], [72.7883869414043, 20.931728959224188], [72.78585851186094, 20.927085757701633], [72.78881287561379, 20.922801852423646], [72.78540492080052, 20.922648429881235], [72.7904151680257, 20.912791967275496], [72.79215490832249, 20.89637446381053], [72.8172359470814, 20.842451214651845], [72.82629764102339, 20.813345671065917], [72.83489227296005, 20.804728030874003], [72.84672474844851, 20.803440332105765], [72.8507951501762, 20.798424720424578], [72.8387118573664, 20.79841053451861], [72.83525526541817, 20.781020045538725], [72.84665572638082, 20.76872372671869], [72.85919594763502, 20.7641831639219], [72.86703705831363, 20.748087048478567], [72.88114070867678, 20.741908430829483], [72.88505411125831, 20.742187500352884], [72.89182925191855, 20.75076091278595], [72.90838134252496, 20.74522304500755], [72.91546070584693, 20.749856233478482], [72.91607975957325, 20.75369215047249], [72.92339611044221, 20.753641844195812], [72.92912983887098, 20.762525677418125], [72.93432414494336, 20.76287508022091], [72.9289094213328, 20.759647250620162], [72.92729032059194, 20.753664970262207], [72.91834521296133, 20.752312302670674], [72.90967631321129, 20.743333935412835], [72.90278887780457, 20.743549704355473], [72.8957011696734, 20.73917782289834], [72.88146185837817, 20.737972855463], [72.86991345893907, 20.732323646219413], [72.86880147420871, 20.735408544768546], [72.86034345648537, 20.73505187004787], [72.85295844057973, 20.744562626064464], [72.85102486580493, 20.742513656580087], [72.87655425077807, 20.64878964402692], [72.8824739455163, 20.64199662214645], [72.88601684540114, 20.64481103430188], [72.88667225871782, 20.636690854999046], [72.89260196650767, 20.632741928297406], [72.88639295087413, 20.631144165770678], [72.897643565898, 20.586848378549917], [72.8975840811406, 20.57480335279257], [72.88602864720431, 20.55003714599752], [72.8853781226023, 20.540683865767903], [72.89177656153922, 20.532089233831186], [72.88599634175782, 20.529351115661456], [72.88792574367827, 20.51913452134113], [72.88487195987315, 20.499783754017074], [72.87258505785414, 20.493678212579482], [72.8676642176296, 20.487808942828565], [72.86205804364394, 20.478367448099334], [72.85936605889654, 20.464917540112424], [72.85467040531503, 20.465713739597447], [72.84429037540056, 20.45915222209743], [72.83279275887887, 20.44560134452655], [72.82839083646795, 20.432333112183414], [72.82943105709765, 20.415364622879167], [72.83167195359792, 20.41196000544994], [72.85503947719022, 20.408502102290214], [72.8647629021863, 20.39451074577437], [72.86496663100527, 20.38118135953215], [72.88175690165983, 20.371242045983763], [72.88541996445994, 20.347709179335254], [72.88163411632158, 20.352684855721634], [72.88057327243868, 20.369033455829367], [72.87609314947932, 20.374296307328848], [72.8639750484098, 20.378728032372862], [72.86330604543767, 20.392128944395324], [72.85479414483402, 20.406122445794296], [72.84436881516885, 20.409850358707132], [72.83039641366364, 20.409508109111982], [72.8226119278983, 20.367579221503945], [72.80726730843966, 20.35224521134748], [72.78937923896078, 20.349573850752705], [72.77584385850733, 20.333057642196508], [72.77443206318927, 20.303722500792844], [72.76757514447749, 20.298895239523745], [72.76231074344614, 20.29989314075587], [72.75710904584591, 20.29366195233729], [72.75149905693607, 20.259269356495736], [72.7407647373029, 20.243627429262517], [72.74558424911388, 20.229985713869667], [72.74822831168737, 20.203819632270267], [72.75441265082318, 20.206386446677243], [72.75859105573264, 20.2148437503389], [72.76302742937239, 20.2148437503389], [72.746423601668, 20.198166132361138], [72.73754060301658, 20.135068655294276], [72.73836684255585, 20.114559053957294], [72.72601664085542, 20.081520915358], [72.71217834985097, 20.079399466811992], [72.7080328466387, 20.070553302592884], [72.71522915330294, 20.039885640210173], [72.7144954207271, 20.023205161489045], [72.72143101662826, 20.00103545212447], [72.72175884289643, 19.987664580156363], [72.71663331967201, 19.972736716426425], [72.7332248689327, 19.96081852925174], [72.73824942077422, 19.944285154436386], [72.75352275367229, 19.94259345502401], [72.75555253072477, 19.938806652704926], [72.75509774716338, 19.927271127960253], [72.75160145734154, 19.941642642294127], [72.73456954964516, 19.942545771170444], [72.73043108003046, 19.958036065512147], [72.72047841514674, 19.96844804294288], [72.71305024617206, 19.969544649266226], [72.69051623313769, 19.958147167757687], [72.68380987622484, 19.94548165835198], [72.66458857080599, 19.933175205971096], [72.66455686071063, 19.929826855525036], [72.67059648004354, 19.927524328485063], [72.67719483377468, 19.919045448288898], [72.6757450106239, 19.906661748640857], [72.68085372461982, 19.900587320148816], [72.68286812326542, 19.888106226621147], [72.68135726492599, 19.86513185515109], [72.67002260645828, 19.851618170842016], [72.66345512825168, 19.85103082631167], [72.6521902086113, 19.858023643376526], [72.65074443780563, 19.853275061095275], [72.65481924980858, 19.843622565628976], [72.65081477198422, 19.83961784858495], [72.65937221065914, 19.821072935867306], [72.67437922911816, 19.81815850740928], [72.67975044262883, 19.81314623311225], [72.68724894488307, 19.79431676860412], [72.68880164597928, 19.805503726016184], [72.69559264168711, 19.804651379157846], [72.68990325882842, 19.802572607939567], [72.69124174141328, 19.794654131283238], [72.68809831138802, 19.788472413671045], [72.68858194340206, 19.77131235618033], [72.6854306461075, 19.759832859199165], [72.69377243544963, 19.73567867253273], [72.70696723455026, 19.732313752078014], [72.7140923742638, 19.752094506856082], [72.71947324289593, 19.754837154910874], [72.71392667327743, 19.748432755267558], [72.70875251291821, 19.72665667556518], [72.6939650774265, 19.727523923290548], [72.70963811850444, 19.707412243180542], [72.710563540675, 19.694450378382342], [72.70633876312345, 19.68229627565266], [72.71240055524154, 19.647475123178424], [72.72007060047795, 19.630421757658084], [72.72811853903946, 19.624307751801382], [72.73055827654323, 19.60141110423909], [72.73783695661027, 19.597794771111907], [72.73100650314777, 19.5986248255753], [72.72727000710526, 19.594636559829453], [72.72315704855905, 19.59734260997351], [72.71276164023763, 19.595445513499726], [72.71778750419011, 19.58371567763649], [72.71637463598083, 19.573245048220457], [72.72101104222597, 19.56604301917008], [72.72023105661813, 19.546636819433743], [72.72306716401854, 19.544537544572066], [72.71694862827664, 19.544564247242278], [72.72067606454883, 19.543058275818893], [72.71863853893748, 19.538839458973868], [72.72610247125218, 19.537158727693225], [72.7246704097117, 19.531955360951216], [72.72690522679486, 19.533710241334617], [72.7315328124894, 19.526878475761094], [72.73670971398221, 19.52610194714724], [72.7424098257529, 19.515515923920873], [72.76497125641836, 19.504241109040038], [72.77269816398913, 19.50446414990067], [72.78348982349658, 19.516343236351346], [72.78412127527676, 19.52553296047782], [72.77554476288057, 19.5261106489873], [72.77891206743809, 19.52873885651313], [72.78539645638139, 19.527871847108145], [72.78672301755333, 19.524037957185996], [72.78376364727458, 19.513306141265446], [72.77880096429308, 19.508228421504512], [72.78305327908564, 19.50516414620843], [72.8274384733069, 19.511257768031655], [72.84851324549001, 19.540427803800114], [72.86310327079943, 19.53899908054325], [72.88043904322731, 19.527539730174453], [72.89046585541504, 19.52704393842707], [72.89384853837944, 19.532543301732076], [72.89137411132631, 19.54610753063811], [72.88051760170603, 19.56314981021562], [72.87017607716436, 19.572090148741466], [72.8649467227132, 19.583558559779817], [72.86427855521126, 19.606324910866007], [72.85514473923845, 19.63306844265459], [72.85762357746628, 19.642413735105862], [72.85933303848898, 19.62382352353687], [72.86706137688114, 19.60384106611241], [72.86895096311653, 19.579403042616377], [72.87758362288596, 19.567295670458904], [72.88863134366167, 19.560688972817942], [72.89710497811225, 19.53113114848378], [72.89161121848306, 19.524390220732144], [72.88322365274948, 19.52462053261158], [72.88064467950838, 19.52014791989069], [72.87071013416548, 19.522803663758168], [72.84195125134923, 19.520710110383334], [72.82236611800195, 19.49087333703497], [72.81348967540836, 19.48976135230464], [72.79960513137175, 19.494977712451572], [72.7770025729105, 19.491060852876146], [72.77490055601592, 19.484788775881384], [72.77027904973843, 19.48616075551449], [72.76461660876961, 19.476372957046422], [72.75616347796225, 19.475126624394306], [72.7452764507477, 19.4635863305448], [72.74547600761176, 19.455932020746275], [72.75961112974997, 19.417865276161592], [72.76204562150829, 19.39669585213194], [72.76592206914833, 19.392815351247577], [72.76269066294387, 19.39154231592518], [72.75743937492726, 19.379303217369653], [72.76026260853271, 19.37234175246992], [72.77222335342512, 19.361033559251396], [72.77561414197922, 19.35343980800083], [72.80789387240438, 19.32563650611995], [72.81614935380972, 19.325707077719528], [72.83493912224279, 19.340528130768732], [72.84691381472092, 19.34235477435338], [72.86022865802627, 19.339564919085788], [72.87703645197078, 19.327715635268433], [72.89204895539504, 19.30352127588627], [72.9034060240688, 19.29217040533993], [72.93636643876025, 19.289099455275732], [72.94611573185566, 19.30075156723113], [72.96326184265999, 19.304329633306025], [72.97550594774137, 19.294665217326], [72.98221516629692, 19.293015241959893], [72.98865795170317, 19.287432909001595], [72.99338793780313, 19.266309857613848], [73.00117242356853, 19.260571479690086], [73.00527262703028, 19.22974717609135], [73.01975512489915, 19.21757185475738], [73.03064513246701, 19.19995641745477], [73.06096303501621, 19.205353856095684], [73.06568205388382, 19.215715646859678], [73.06683135058651, 19.233677506611684], [73.0820065737444, 19.244520425677138], [73.09021461051591, 19.24233174291571], [73.10119867367999, 19.234026551484234], [73.1098126176582, 19.235493421284446], [73.1144405603836, 19.240666747072822], [73.11489915886918, 19.248256325469058], [73.10086095307057, 19.26727020765405], [73.10389566405368, 19.27432215244545], [73.11297965039071, 19.280374646472836], [73.12925195651272, 19.283730745477584], [73.13356184949984, 19.281600355871802], [73.14099895953441, 19.26888215518737], [73.15107583967833, 19.270277142176496], [73.15099775784037, 19.26743864977395], [73.13906908007405, 19.267686009201995], [73.1326650383609, 19.27936804250129], [73.12698936476747, 19.282013654606587], [73.1112256045781, 19.276399612452238], [73.10454070548926, 19.270251512397394], [73.10376024234145, 19.265485405926754], [73.1175830362283, 19.24930393672733], [73.11285233516728, 19.233736753048774], [73.10182106479047, 19.230102777920933], [73.08970725528573, 19.23896884953284], [73.07973635215095, 19.23982584498681], [73.0680127144154, 19.229493737246244], [73.06883692778203, 19.21429955997681], [73.06521534890939, 19.204381108001783], [73.02757060489964, 19.195730447402298], [73.0270625356076, 19.190819144487975], [73.01771843475805, 19.21052694356368], [73.0045925381153, 19.220555543603496], [72.99614894371885, 19.252096057387163], [72.98888671405072, 19.266281842832868], [72.98723900317756, 19.27950584921568], [72.96749746783397, 19.293849945019005], [72.94848012955444, 19.29408466807307], [72.93682026904028, 19.28641593494757], [72.9266262054351, 19.28928244123172], [72.89971923805243, 19.287630558403606], [72.86626100544109, 19.313380360915005], [72.85230863093861, 19.318570255812745], [72.84003627275584, 19.317482948479338], [72.81619346105938, 19.302767872439446], [72.80315053496938, 19.303042650398055], [72.79592263692032, 19.305977344179198], [72.79379737345013, 19.31031823140131], [72.78956043706458, 19.30897986932557], [72.78440797284983, 19.301818609241522], [72.78374075862925, 19.280555010005756], [72.77820682538479, 19.278823136978275], [72.78451132743592, 19.26579654257644], [72.77818000310467, 19.237299442515322], [72.77985024469316, 19.230321407606937], [72.77614915406033, 19.222795128892187], [72.78167784245855, 19.214975357326978], [72.77938771257291, 19.20592606053934], [72.78396415742, 19.20603036840683], [72.78647327402248, 19.201897979108523], [72.78276300400958, 19.200781822423224], [72.78145337077652, 19.195028662342978], [72.78442525871881, 19.19232082344729], [72.7933961157382, 19.195552349261618], [72.79277443868952, 19.20459282369991], [72.80408561226133, 19.21886384509041], [72.79868245123421, 19.22312045054838], [72.80532562717607, 19.221216916727414], [72.81966626688487, 19.23605644724728], [72.82056140888201, 19.245222449056826], [72.83649575697368, 19.251154303528367], [72.83780586684745, 19.255269765787077], [72.83426654356614, 19.26016485662295], [72.83922624619439, 19.267401218191765], [72.83532774447994, 19.26046240361711], [72.83928501599078, 19.255109905897484], [72.83919191367593, 19.25040650375719], [72.82930481476544, 19.246456622874902], [72.82244944558553, 19.23088622052275], [72.81170415872, 19.22159695583497], [72.81061816259827, 19.213301539134747], [72.8041186335681, 19.208149552459957], [72.80095565318098, 19.199825525627517], [72.7970020769844, 19.199109554662257], [72.79481887828874, 19.17245113830944], [72.78045594708433, 19.1662448647088], [72.78409886327208, 19.16228425491454], [72.7814948556032, 19.157828450522686], [72.78894054876744, 19.150060057225957], [72.78660035092562, 19.129549980147473], [72.79393804090799, 19.130132436862596], [72.79709041109376, 19.133576155015646], [72.79526853571443, 19.14023625889631], [72.79903376059971, 19.140036821642127], [72.80258655572501, 19.14537274845364], [72.79807245727815, 19.155898213132133], [72.80426073094807, 19.150977849548184], [72.81914961356395, 19.17047607870815], [72.82893812699311, 19.176795840455767], [72.82774424550067, 19.183166145900955], [72.8297126294344, 19.181932211302637], [72.82936644530528, 19.166109442996472], [72.82453882700534, 19.166005850089945], [72.80670285255471, 19.149506806893655], [72.80361592783291, 19.140819549282867], [72.82137465501646, 19.121851921029403], [72.82678115342756, 19.09404885746892], [72.82611346256638, 19.078486323285276], [72.82098925145291, 19.076968431348064], [72.82070660622506, 19.058877348910613], [72.82375562182463, 19.055168151788905], [72.81616246682447, 19.04225945491001], [72.82146334615666, 19.042678951772245], [72.82450544866762, 19.037778616090293], [72.82449674592814, 19.042450666065463], [72.83461177351458, 19.049529671457194], [72.83834636209494, 19.03513443480641], [72.83415794413392, 19.0253020524478], [72.82530784628008, 19.018040657350582], [72.82008695624805, 19.018406629262557], [72.81503403169532, 19.027043700206704], [72.81623137018173, 19.013320207661494], [72.81122076502632, 19.002092480383723], [72.81098437283063, 18.988361477600222], [72.81438875193939, 18.982887148722995], [72.80594396594134, 18.9777202602819], [72.79949986932351, 18.959459423613595], [72.79219865764205, 18.950494646910485], [72.79341816891346, 18.938745737325974], [72.79886102691492, 18.94751715619188], [72.80990922433134, 18.954748511234925], [72.81867194135711, 18.94977664977266], [72.82379794122213, 18.93979811678973], [72.8184107539532, 18.9253431561618], [72.82567226866027, 18.91949784794737], [72.81655955348074, 18.918196439913842], [72.81267774138482, 18.91130506997301], [72.80782055877191, 18.914593339411084], [72.80352675915273, 18.907173633956162], [72.80776047686462, 18.89105784854094], [72.81683826417466, 18.89938855194015], [72.82127392285341, 18.909243107083782], [72.82679700847532, 18.90895545443071], [72.83340275283493, 18.921093702112714], [72.84044635281694, 18.91993737181231], [72.84486103031244, 18.924548029567987], [72.84037589992792, 18.922301649901257], [72.8387537001233, 18.925101041579907], [72.84112596509132, 18.932194352487443], [72.84438264404386, 18.92899775544207], [72.8402122260135, 18.93873453177332], [72.8416500090407, 18.94515025657914], [72.84282970462718, 18.941105604240306], [72.84499597538408, 18.945919513274987], [72.84404635425594, 18.9353172779701], [72.84703242810414, 18.95163595673411], [72.8437594174633, 18.94961345159963], [72.84710574173673, 18.953518748591463], [72.84353816535415, 18.954198837506425], [72.8446811434201, 18.958086609409506], [72.84703385802626, 18.953968048087035], [72.84806406470491, 18.957597852159196], [72.84902274650258, 18.9556108711448], [72.8509398699791, 18.95735442636571], [72.84821736853681, 18.958287239164804], [72.85209476945815, 18.96807110309902], [72.85039854016057, 18.97251975518263], [72.85568940644109, 18.974819779409344], [72.85120725640988, 18.97703480691085], [72.85560572182672, 18.976709842285516], [72.85273253897563, 18.97917604413918], [72.85762333914582, 18.9782662395953], [72.86090791237032, 18.981680512145942], [72.85701441808104, 18.991513848685187], [72.86156284814697, 18.99575185796195], [72.8623938558919, 19.002721071420368], [72.88516843307681, 19.008976459695916], [72.88634490998962, 18.99944186175256], [72.9029886720896, 18.9971239563056], [72.90537595753457, 18.990311503673013], [72.90512895603658, 18.99509370351163], [72.90906834632725, 18.991132259146468], [72.90529525237415, 18.99621522465293], [72.90701651609939, 18.999115825135306], [72.91852867645738, 18.99943804772782], [72.95562255423752, 19.027989149379792], [72.96205914061696, 19.045619249229034], [72.96313226204441, 19.05813050242081], [72.96054685145603, 19.065054774058652], [72.95594620675209, 19.066167115819837], [72.94571924234927, 19.05853235728256], [72.94115674508785, 19.05836832543791], [72.93817067123959, 19.060511946769026], [72.93214201913904, 19.072754621928354], [72.92223155494244, 19.074151754699784], [72.93240523361467, 19.07358002689682], [72.94173061867323, 19.059620380476233], [72.95842456833932, 19.068956732767063], [72.95473384868828, 19.09081304098909], [72.95711481549634, 19.101434230405502], [72.96776247016194, 19.124514937714267], [72.9668252470876, 19.1296948195603], [72.97053134424627, 19.13045334824345], [72.97814857949336, 19.14831185340941], [72.97592437261184, 19.150508403440156], [72.97893011553245, 19.15156126044387], [72.98422718083978, 19.183314561917584], [72.9866764547547, 19.179422259229966], [72.98292756065857, 19.164719342923377], [72.9828947785713, 19.12231206904687], [72.9789159296266, 19.116729259447823], [72.97835075878064, 19.107054949126706], [72.97938334956197, 19.101552843788795], [72.98415935037386, 19.101064443569328], [72.98599684248043, 19.085645437587004], [72.99141025577885, 19.085569023991283], [72.99177801644245, 19.082726359633867], [72.9892336131409, 19.07823324237029], [72.98449754672444, 19.077146530388106], [72.98149573833777, 19.064116120162893], [72.99302744905762, 19.0587006806919], [72.99857401867612, 19.048463344407878], [73.00420355794787, 19.027277946620075], [73.00080943111041, 19.01634275891132], [73.00344276387258, 19.00127601647506], [73.0162847040759, 18.99841296628543], [73.02005636720767, 19.001448273519074], [73.02920365322618, 19.001679539579158], [73.04126870598614, 19.00756025320321], [73.04515314140443, 19.016153455217804], [73.05756604653592, 19.022262334938816], [73.06869792946597, 19.023422956804097], [73.08010315863399, 19.031761169542406], [73.0722100734362, 19.022638559122257], [73.06008517708935, 19.018801450526595], [73.06584775487008, 19.005888820013055], [73.07647931616762, 19.003228545361196], [73.06699430953987, 19.00311815717727], [73.0626716614681, 18.99684536432217], [73.05939865082715, 18.995014547883088], [73.05219674138655, 18.99794340146684], [73.0464910268395, 19.004150271317997], [73.03978645777894, 19.004419565210867], [73.0325638054754, 19.0011928085014], [73.03179740862365, 18.993368625761562], [73.02736902276226, 18.98865354052856], [73.023470401438, 18.99074077616595], [73.01737844965587, 18.98621714130813], [73.01695454161884, 18.981089353590846], [73.01225686096544, 18.977528452875845], [73.00614786163462, 18.97676014856208], [72.99484872818633, 18.968221425678294], [72.98547196396012, 18.96996414632831], [72.97953104971825, 18.96279966847004], [72.97209942374948, 18.963559866294815], [72.95591282841431, 18.97389042360423], [72.95488286005596, 18.96435070042456], [72.9724978207179, 18.958078503819976], [72.98072135460691, 18.94664573651164], [72.98810946957653, 18.946362614643036], [72.9993350501725, 18.953371525075866], [73.00144052496037, 18.94725990332195], [72.9970021251481, 18.95115435089268], [72.99042034142562, 18.94422590729988], [72.98013651378918, 18.942754745035515], [72.98150491681858, 18.936447262631134], [72.97271263637916, 18.94781351068501], [72.9573972224039, 18.95320785026216], [72.95181226702263, 18.960362315068892], [72.94744670420212, 18.952819942986082], [72.94969165304744, 18.96264994124192], [72.93941342818724, 18.94599127737561], [72.9613940712795, 18.922879815051502], [72.95720267296511, 18.90808021982636], [72.94975960222402, 18.91072833564428], [72.94257974595851, 18.909220456758703], [72.94116854689096, 18.895342468779987], [72.92920505996565, 18.91079807267296], [72.92305803280212, 18.912035941805314], [72.91712105309418, 18.91038846925254], [72.91629815093896, 18.90465271465112], [72.91029167162341, 18.904262542882094], [72.90788090218192, 18.899342537228364], [72.90851414181421, 18.885625242810775], [72.92374444035372, 18.864193320165654], [72.92296349966594, 18.85512626176761], [72.92625594105894, 18.851374745248393], [72.94313395047155, 18.845743178904655], [72.96455717127654, 18.852882027883368], [72.98376595993116, 18.864237070384576], [73.00478184180858, 18.882758736526526], [73.00081253017416, 18.875459313596522], [72.98925185229123, 18.86712253078025], [72.98131167859114, 18.851835846547132], [72.98360383554862, 18.828280449183467], [72.97975003733447, 18.817199349170693], [72.98329353346983, 18.80904495695927], [72.99181985829992, 18.806112051030382], [73.00007700884694, 18.806681275120823], [73.0073658224749, 18.81372380221174], [73.0090750451773, 18.811749220150418], [73.00205945997627, 18.805377960524496], [73.01296877868626, 18.80382466317775], [73.01445055025275, 18.806312679886318], [73.01592516861174, 18.802814841431882], [72.99006962741143, 18.801089644071894], [72.9759862423713, 18.803943633591885], [72.97824096684721, 18.797663926748925], [72.99398136175054, 18.789700150341787], [73.00100886836466, 18.781369924482462], [72.99904656384794, 18.771353601987215], [72.98976874393239, 18.758478641376243], [72.98782157860299, 18.750205635781526], [73.00107836707306, 18.727599143685637], [73.02690696728288, 18.709877252733037], [73.02985203294506, 18.701835274878107], [73.02820372582138, 18.683390259752798], [73.04617404909314, 18.667246222135475], [73.04074680781898, 18.657187819462408], [73.06043052664754, 18.645839572238515], [73.07019066826476, 18.62809455432034], [73.05816972275463, 18.645512342220854], [73.03876864915392, 18.657218575377016], [73.04456925386799, 18.66759181001406], [73.0266877413462, 18.680920600905054], [73.02467215019973, 18.688192963234727], [73.02750885474993, 18.70041513475074], [73.02395224559982, 18.709879040585307], [72.9979319575938, 18.723263025568187], [72.98655235730556, 18.74037587674536], [72.98345017468583, 18.753663659450353], [72.99494993699003, 18.775005102203806], [72.99493300905115, 18.780011057864115], [72.9630575175905, 18.795141100881153], [72.94335365304866, 18.82761645273719], [72.9386571648964, 18.82699632611967], [72.92915260790662, 18.805658340360196], [72.91636800757763, 18.792631149707844], [72.90654754663214, 18.79426205135269], [72.90562653563623, 18.800054312156846], [72.9006965160315, 18.803737163639283], [72.8879965544975, 18.79797804375181], [72.88603711162344, 18.803818940791544], [72.87342441040826, 18.80164945136113], [72.86922550185548, 18.804068446002077], [72.86356735245138, 18.791015148030667], [72.86333441724966, 18.770756006084852], [72.86812257779488, 18.755635738698444], [72.86621832811343, 18.756568670208082], [72.8623898026473, 18.742825865621228], [72.86438846585511, 18.721459626760378], [72.85533380551087, 18.697089433730397], [72.85997200050755, 18.68918931493498], [72.86463761313544, 18.66867423043145], [72.86390256844882, 18.657600641556428], [72.8707884552231, 18.639538049641374], [72.8819973471, 18.637296676500497], [72.88723886038517, 18.64115345506795], [72.90170633777737, 18.632812500296723], [72.89872944330924, 18.629499554361004], [72.89683067769377, 18.635291457235027], [72.8843587635462, 18.638353347529048], [72.88568043690273, 18.626358271017523], [72.90584206625837, 18.586410642037578], [72.91011416883399, 18.58586370944272], [72.90836453419601, 18.581120610328], [72.92475962655564, 18.54507303259446], [72.92947757253202, 18.54160404169326], [72.9386371369944, 18.5462874177302], [72.95207023665219, 18.547124504892096], [72.96720564322592, 18.542569875799202], [72.97444295897546, 18.532778978267274], [72.97863554979088, 18.512415051813278], [72.99374461162463, 18.490617036746983], [73.00938153233196, 18.457031249692477], [73.01349675627037, 18.45558273775319], [73.02232337012745, 18.460557102928078], [73.0253700016244, 18.474504709225016], [73.0366357567348, 18.478068948223452], [73.04039895544744, 18.48445844610046], [73.0506477356046, 18.48747265344028], [73.0553908347193, 18.486307143759774], [73.06305241553665, 18.47706842456823], [73.07898128046182, 18.473471760513377], [73.08239650719312, 18.467999815738935], [73.09221625317767, 18.46298432366767], [73.08219373255477, 18.466826438789198], [73.0752732749418, 18.473479152041307], [73.06135714041974, 18.47589576257947], [73.05513787251496, 18.484198927838293], [73.05072116884693, 18.482488751854532], [73.0421763656469, 18.48395752911675], [73.0369045730877, 18.477167606300043], [73.02588665494531, 18.472167253416103], [73.02210092551744, 18.45927667607775], [73.01574683215065, 18.455412864811976], [73.01077210904575, 18.455147147522908], [73.00791060928728, 18.457031249692477], [72.98610746898456, 18.496467829027154], [72.97277593606074, 18.509228229499243], [72.96727955310902, 18.53580844440424], [72.94429707514999, 18.54070711094448], [72.91591870808199, 18.529089451117343], [72.91150045398288, 18.530501246435506], [72.90718007130332, 18.541080951924428], [72.90461647467069, 18.53918755076492], [72.91107654594586, 18.524297952288705], [72.91143214687614, 18.503336906573026], [72.90439093099681, 18.50183284261165], [72.90123260010452, 18.47638332822804], [72.89554762842036, 18.4721772673671], [72.8946455715359, 18.457031249692477], [72.8989988568118, 18.4560610053112], [72.90534996982527, 18.44032001505674], [72.9044531586865, 18.42845118087736], [72.90927314713812, 18.421002149429683], [72.906355976647, 18.41701662571677], [72.90656864652598, 18.402818560927926], [72.91365301637362, 18.393095732182346], [72.92403245003763, 18.39200031746074], [72.92625975598301, 18.38623595272712], [72.92609775031102, 18.372954726079854], [72.91715657721434, 18.37246155765483], [72.91149961941207, 18.366766572019756], [72.91755437883168, 18.34852612028422], [72.92058515528086, 18.346893548598473], [72.92483901960512, 18.350425600860873], [72.93391895269755, 18.350919603856724], [72.93622124231658, 18.348636627178706], [72.93436551105955, 18.34295272838574], [72.94134974499477, 18.343974113614493], [72.94975125831402, 18.337573766316382], [72.9607559438318, 18.3194291589286], [72.95601832878302, 18.315127849970352], [72.95961594611904, 18.311300754426313], [72.96420514605066, 18.312777399857225], [72.96767604351462, 18.309936642961816], [72.97052633772043, 18.299360156146406], [72.9730515476908, 18.301576256539107], [72.98152542136111, 18.29950296848729], [72.98713088038588, 18.287273764272854], [72.99020266502114, 18.286710024248322], [72.99331414663064, 18.27347004410727], [72.99826121288473, 18.282888769800962], [73.01212465792665, 18.283693909446413], [73.02238714734901, 18.277536630910845], [73.02074861495666, 18.27021133898215], [73.02604925596845, 18.269099355151184], [73.02843260777868, 18.264269709779384], [73.04128813763745, 18.26466476936372], [73.05455172048565, 18.27066552629303], [73.04041433295524, 18.293175220759892], [73.04124295749656, 18.30225062396714], [73.05024516578189, 18.307551145369118], [73.06174612058706, 18.30288565145169], [73.06806075529974, 18.304715752929695], [73.07876133956418, 18.314743280078332], [73.08498275235215, 18.329841852219758], [73.0879483225572, 18.326522946476913], [73.08389723287107, 18.325283408202836], [73.0854852197671, 18.320293426300665], [73.08837974083244, 18.32363021416313], [73.0822726489636, 18.31214010698045], [73.08273565772444, 18.301143646662027], [73.07786154717283, 18.298173427861514], [73.08251357104453, 18.295659422544347], [73.08636403097526, 18.287998556688095], [73.07623875111759, 18.29845344976701], [73.04843521091632, 18.303577780490215], [73.04306924315111, 18.29839420332982], [73.0529104469596, 18.280037641923712], [73.06293106101973, 18.278420448644866], [73.06792175788294, 18.26996195338154], [73.06909346569105, 18.2656341791741], [73.06251013243676, 18.257963776906877], [73.06166660792772, 18.251188754957113], [73.06868743887426, 18.242087960291244], [73.07580900198391, 18.238651156126068], [73.0806119437863, 18.230092048309444], [73.07868385307742, 18.224172115251008], [73.08080303713055, 18.215782165414723], [73.0755083559259, 18.199820160472115], [73.06196463066325, 18.196210742232083], [73.05979371041153, 18.19046676153185], [73.06997001150691, 18.181632280405466], [73.080359339512, 18.178991914045696], [73.08344876794641, 18.169924616427977], [73.0907044406575, 18.16906201819762], [73.09190916977244, 18.162392616226313], [73.08929467241128, 18.164231657864832], [73.08395016157081, 18.161655068726517], [73.08829820200057, 18.15173924007395], [73.08696663340348, 18.15021383789835], [73.08394765875758, 18.15789329993592], [73.08169186139045, 18.156508803538486], [73.07966494598062, 18.162219047970723], [73.07294011159703, 18.15655124164654], [73.07696652388606, 18.164706826358994], [73.07248675795753, 18.169806480584654], [73.06930065150394, 18.16532051562932], [73.07154977320349, 18.172178507232374], [73.05545020076622, 18.188405156572756], [73.05800843204364, 18.198898911155908], [73.07041704650962, 18.206893921017695], [73.06914317571713, 18.222267150608545], [73.05300307263374, 18.231783151471305], [73.04933404912722, 18.229888558710044], [73.0485562084024, 18.232925415475663], [73.01983106095477, 18.241361618344115], [73.01748311545342, 18.245623111617405], [73.0127874609727, 18.241930842434556], [73.0000559089531, 18.24831175808127], [72.99731123472586, 18.244870662351218], [72.98178517794375, 18.241979241249112], [72.97405362087798, 18.24724566935224], [72.97117435950909, 18.25988614522946], [72.97415173061793, 18.262708663873866], [72.97011053527311, 18.264408946415827], [72.97076225237615, 18.27139067663849], [72.9655481576215, 18.279523849346248], [72.95559477777684, 18.27769053009392], [72.94764161067192, 18.285363078143618], [72.93540310836684, 18.281249999987608], [72.93734347841885, 18.275171160320852], [72.93494927898618, 18.271862864779436], [72.93968963606798, 18.264200449391282], [72.94271767138346, 18.246968150260003], [72.93985640994546, 18.24271571675699], [72.94137525516399, 18.23449492490093], [72.93137955682121, 18.223872661694045], [72.93164384328887, 18.21944832817786], [72.93921065354883, 18.2168669699348], [72.94535541532017, 18.223183035468765], [72.95625185933594, 18.219316243849676], [72.9681427475899, 18.205523967557156], [72.98170125500897, 18.195352554276994], [72.98782527481663, 18.194438933909723], [72.9792195560378, 18.192801951948624], [72.99040102938412, 18.15835225545227], [72.98677980934085, 18.157610416387698], [72.98562240614925, 18.14355766765236], [72.98175644910097, 18.137030720991078], [72.97129178039145, 18.132267475263802], [72.97262084527588, 18.12458515158349], [72.97586464863471, 18.122110843240918], [72.97934091055473, 18.10857653657797], [72.98979771109563, 18.100255847129674], [72.99756145489735, 18.07710325700974], [73.00015115705034, 18.073643565098564], [73.00005936594701, 18.076695442340863], [73.0028872490474, 18.07554662227885], [73.00172030944478, 18.070933222490254], [72.99483501892101, 18.0673204659668], [72.99073886870386, 18.060705542227012], [72.99000191655537, 18.05497205301792], [72.99393832649261, 18.049983858967934], [72.99872255340316, 18.049976230019084], [73.00169062642144, 18.05431151356555], [73.00503551987336, 18.052281737412343], [73.01607763787277, 18.032318353709144], [73.0251306299746, 18.050078034173964], [73.04028475323886, 18.053002834513308], [73.03959822697672, 18.04901683326034], [73.02717185000094, 18.04608416565185], [73.02187764633632, 18.039419770206294], [73.02180826633858, 18.036953449642084], [73.02668702638519, 18.037915349214074], [73.0297143458404, 18.032335758288696], [73.04141330707856, 18.044343948714356], [73.0453357694303, 18.041522621671703], [73.04094541050242, 18.043171048405213], [73.03844714152243, 18.036484122244516], [73.02932262453956, 18.027769804033298], [73.02328777341214, 18.023743510454764], [73.01528525331187, 18.025589346471236], [73.00224924120957, 18.020999551188382], [73.00871884799656, 18.010337710616895], [73.01635301118259, 18.00685226931688], [73.02140605444598, 17.993538140972518], [73.01814854182189, 17.990844369272324], [73.02639317470525, 17.988633752046084], [73.02931523301166, 17.99101161979047], [73.03753054170127, 17.984098434095557], [73.03802227930478, 17.991120577152984], [73.04361772527793, 17.98797237892225], [73.06385636358041, 17.992879151951385], [73.08331441912529, 17.993520617682407], [73.09582722184885, 17.99113845837323], [73.11223185061945, 17.981457829415305], [73.13230288047365, 18.016523837605064], [73.14798974952745, 18.02178430590105], [73.1512321229641, 18.035368323489337], [73.16796874995785, 18.052001356677266], [73.17019510262199, 18.05818235842912], [73.17611241325736, 18.06181681199638], [73.19116103615292, 18.05983304965558], [73.20134294002477, 18.07088911524049], [73.2114895580967, 18.068703412832278], [73.21963894378231, 18.05898594854277], [73.22894585137001, 18.057786225953677], [73.2527189251384, 18.063656448985967], [73.26132917380241, 18.07269954674672], [73.27665650829132, 18.06786584813051], [73.29083383111654, 18.076444149278146], [73.29941284632596, 18.07721543304585], [73.30622887646157, 18.074196457500648], [73.30659246427095, 18.063277840699826], [73.31160044700309, 18.06231117292235], [73.34635674936456, 18.087182402545892], [73.34681534785008, 18.09369134927647], [73.33429765731111, 18.098858118107728], [73.33272886284684, 18.1065567734764], [73.33544182787821, 18.099360347202307], [73.34220242470226, 18.098869561980777], [73.34107184379062, 18.09735190836396], [73.34773337849279, 18.09393894702481], [73.34847295306443, 18.091377257854248], [73.35354304297712, 18.09104585678091], [73.34919476512644, 18.0905041690322], [73.34823787208015, 18.085473179843405], [73.34178364280095, 18.08193814722779], [73.34984302523551, 18.0810965301808], [73.36329507810544, 18.090050339651555], [73.3751301769162, 18.085808277130383], [73.3849698302935, 18.086972117669177], [73.38986432577818, 18.08507084834106], [73.39460182211647, 18.080582142252112], [73.3954737184375, 18.07284402822941], [73.3904782533688, 18.083391546982384], [73.37328624746246, 18.08403766130914], [73.36181557193126, 18.08786034567845], [73.34932553734379, 18.079720258982817], [73.33714580573442, 18.079785704446806], [73.33244824379156, 18.070870519059284], [73.30788040135948, 18.058383345215262], [73.30317616464836, 18.061831474542927], [73.30294811726188, 18.072360277504856], [73.29860222351383, 18.074135065281155], [73.27874553178097, 18.065040230422426], [73.26643204670168, 18.068470000989805], [73.2529615163609, 18.059520959724622], [73.24245500579391, 18.059678315901678], [73.22872281050931, 18.055155753934983], [73.2136179206307, 18.057976245507362], [73.20332717900615, 18.06717216956001], [73.19181835693169, 18.05611956096908], [73.17635726897291, 18.059260010641026], [73.15260374556655, 18.03189885594746], [73.15011596717827, 18.019302248999622], [73.133346557198, 18.01182973355543], [73.11871457132057, 17.978605747357406], [73.10494577902458, 17.97826612018541], [73.08680665480344, 17.987093449003538], [73.04848194148852, 17.980917930418244], [73.04073286023348, 17.978206634528576], [73.02971947197611, 17.96721196206242], [73.03139245469814, 17.95610284816803], [73.0286084414266, 17.949057459434286], [73.03206932583888, 17.94055891016569], [73.04239404205154, 17.93227136163408], [73.06738400466818, 17.933741211787577], [73.07188975830584, 17.929032563901757], [73.0765930417356, 17.93514466319573], [73.08562910589856, 17.93970227264184], [73.09236943739975, 17.940430760371356], [73.0771068334137, 17.933478355241988], [73.07220756972359, 17.927271365780996], [73.06821966190788, 17.927122116092832], [73.06593787683161, 17.932414055264502], [73.06234490899041, 17.927414655661934], [73.06672167736363, 17.92648184286284], [73.05256974689641, 17.928795338034547], [73.05505835985556, 17.912972211798248], [73.05068063730167, 17.90650618071578], [73.06367564211726, 17.89082872846312], [73.07659447165761, 17.896385073712267], [73.07135570040535, 17.88895034778038], [73.0819027425176, 17.864228964095446], [73.08053672269162, 17.8612545724406], [73.09048104276596, 17.84376525875976], [73.09667146221827, 17.845344900846584], [73.10204517854228, 17.844395637648674], [73.09686172009245, 17.843726634676543], [73.11401593648631, 17.834726214243503], [73.12499999965038, 17.836774468766734], [73.128758311447, 17.83464252962915], [73.13255894174185, 17.829803943197447], [73.1340645552352, 17.824623704320572], [73.12499999965038, 17.83593750031548], [73.11552941814827, 17.83358180535612], [73.09369373317938, 17.841719746269348], [73.08757972732266, 17.838322878298257], [73.09473311923821, 17.82444107539544], [73.09358501413718, 17.81742393976306], [73.08951056006438, 17.816228747059142], [73.08880496008092, 17.808241963296084], [73.09076857580928, 17.811546564422514], [73.09571683366502, 17.810520171768616], [73.10312104200264, 17.802665948974422], [73.10795605183037, 17.790967941017726], [73.11208665327658, 17.789162635647187], [73.11307895173226, 17.77661907700883], [73.12415313685787, 17.75231957428899], [73.12499999965038, 17.741350411992016], [73.12815940343378, 17.739274979057086], [73.13514971768532, 17.71584367734397], [73.13574433323456, 17.70770120654555], [73.11745464811358, 17.698456049107463], [73.11395180223391, 17.689651847255007], [73.12189197503469, 17.665235161973186], [73.13141667863695, 17.6565150026653], [73.13801836975213, 17.643545747238463], [73.13096725953156, 17.643511056789905], [73.12708842778883, 17.63711094871138], [73.13117837897917, 17.633395910492993], [73.13607406606539, 17.61394762967946], [73.14504921464962, 17.600475549806887], [73.15304803853624, 17.59789311867253], [73.1555794475336, 17.592087745752906], [73.16190683823007, 17.591176271168024], [73.1675465110628, 17.582234143890716], [73.20048332214768, 17.590429663897893], [73.19790256015514, 17.591999649963924], [73.20033955562607, 17.593434452637936], [73.21549224896827, 17.592007756452915], [73.22834742089682, 17.583959579571], [73.23834884162588, 17.572958708077962], [73.24970066545339, 17.578125000268642], [73.25382983697747, 17.5880291458285], [73.26833605806277, 17.60069394117251], [73.2767459152918, 17.60073244564589], [73.28882265114456, 17.606613159269955], [73.30040395228062, 17.600770235158308], [73.30675995310938, 17.579530834880202], [73.32513082003138, 17.58309602716001], [73.3427571058559, 17.570799470019566], [73.37170183627077, 17.570808649399666], [73.38315641843408, 17.579771280320386], [73.39942693670386, 17.58590722064183], [73.42616736852929, 17.581781745331398], [73.43356251709659, 17.583587765662898], [73.43107807609246, 17.59894037289996], [73.40988934002112, 17.608730077930858], [73.40117156481588, 17.616958737056137], [73.4340715405693, 17.599441647813805], [73.43858635397706, 17.593580961192473], [73.43965184645558, 17.587747454781294], [73.45320332027714, 17.585079311960754], [73.4765624999595, 17.569754362473915], [73.47580897780213, 17.567834377354757], [73.46009671728982, 17.576274037217104], [73.40413951912362, 17.582523346075675], [73.36849057667885, 17.56473207512525], [73.34326255362399, 17.566875458135968], [73.32348001009447, 17.579386353397524], [73.30417132384767, 17.577880501583962], [73.29969251120045, 17.594764947444446], [73.290909409242, 17.603720069026053], [73.26770126799917, 17.5959457159221], [73.25783145405845, 17.587491273903183], [73.25237131108727, 17.574042439706943], [73.24270164936163, 17.567448615860982], [73.23270201648504, 17.567647456864734], [73.22139883069158, 17.582711458167353], [73.20481455334905, 17.58674240124091], [73.18889951729895, 17.57916104804403], [73.17949044672676, 17.580106854247973], [73.17440557465764, 17.573971033536452], [73.16407632855984, 17.577020645386526], [73.16322064431736, 17.568840861716467], [73.15706181535054, 17.566904544908866], [73.14994692790847, 17.57338345068581], [73.13997662102437, 17.567769765562304], [73.13737297038634, 17.55681061721633], [73.14255595219552, 17.54488730390605], [73.15344393269149, 17.53780794148338], [73.15166962155595, 17.53443265004681], [73.15454065772528, 17.529436349508003], [73.16232514349068, 17.529795646651863], [73.17084002534702, 17.51867187021074], [73.17559421040457, 17.51705074329722], [73.18184244637186, 17.504455208341312], [73.18395590803883, 17.505540252081047], [73.18153750874913, 17.502141475748587], [73.18302094945736, 17.495627045851563], [73.19364094727203, 17.468236446454952], [73.19264423854085, 17.463552951707456], [73.18425464663468, 17.455750346401416], [73.18613517309981, 17.441859603338074], [73.20570075518586, 17.43868815943111], [73.19683027239924, 17.43711137808775], [73.19304955039658, 17.43206191052883], [73.18737685715635, 17.430651545132804], [73.18502747993435, 17.416985154141656], [73.18718433388997, 17.414387941750192], [73.18038535130299, 17.41180264987247], [73.17875075344458, 17.406979441847852], [73.16717934575033, 17.405341863636153], [73.17688000171071, 17.387305617360454], [73.189857244916, 17.384211659040943], [73.19117414916767, 17.388647317719617], [73.1998138425349, 17.387712478747957], [73.20823276043362, 17.382203817352305], [73.20968103405258, 17.37064516564196], [73.21642577672836, 17.370578765997337], [73.21387374357849, 17.362959861608346], [73.22032117847974, 17.35281765471109], [73.21477150889817, 17.34597003498918], [73.22695505633081, 17.334018946117496], [73.22071552310294, 17.33311510048155], [73.2192008498395, 17.329127907626912], [73.22935962674549, 17.318994402569714], [73.24265611129059, 17.318515658371027], [73.2417321208408, 17.308710336612847], [73.24426794011347, 17.307003617622968], [73.23944866662279, 17.3046201471022], [73.23501396212478, 17.29278147258701], [73.25606954097654, 17.2978509662492], [73.26996612513673, 17.296809077377134], [73.27915775762457, 17.288637160976222], [73.29464852770744, 17.294110656181928], [73.29794991016027, 17.272314428967803], [73.31241631466125, 17.267380475728416], [73.3341983559695, 17.26625955083773], [73.34047114882449, 17.257773518333295], [73.33917415106632, 17.232352852402286], [73.34982824307903, 17.229925155921293], [73.35787045925443, 17.23704123496509], [73.36625075306986, 17.238242625796616], [73.36998724911231, 17.23247575735037], [73.3708775041936, 17.21776366256306], [73.37488734737329, 17.21515131008499], [73.38799214322287, 17.218152165190276], [73.41600930658436, 17.210554241984752], [73.42517602425428, 17.215317607321765], [73.4295818802996, 17.221430540287272], [73.42918932442788, 17.226999402300663], [73.43281865096, 17.227903008716936], [73.42411315419875, 17.208574652498285], [73.44261825123144, 17.203566551055587], [73.44968974548541, 17.192799449335155], [73.46401154979324, 17.195518851713715], [73.46848416341342, 17.19447243205711], [73.47241270518228, 17.18308424953851], [73.47011244263527, 17.173420906449763], [73.47859740224848, 17.165176749307648], [73.4692144389953, 17.170620680200315], [73.47034895444071, 17.18774116032634], [73.46679484810383, 17.193314313904523], [73.44887614232013, 17.19104635680401], [73.43690705261847, 17.20364213008031], [73.39816415275348, 17.213333844981065], [73.37547934049931, 17.211968541015437], [73.36902034301445, 17.216503977676524], [73.3686664103266, 17.224832415683494], [73.36230444879132, 17.23595714540599], [73.35090005419428, 17.226562499959513], [73.33867466490395, 17.228440642321857], [73.33508050456172, 17.233632922221673], [73.33760321171891, 17.242799758602047], [73.33245563531946, 17.26459825030912], [73.30359876147381, 17.265838741864542], [73.29407262794959, 17.26147460896611], [73.29971683066722, 17.26603245763188], [73.29561710384635, 17.270206451366704], [73.29041910156045, 17.28784573059606], [73.28427314728808, 17.286827802361287], [73.28185975542343, 17.281894445372416], [73.27482295071863, 17.281765818937487], [73.2683521505314, 17.29101622122174], [73.25983035558656, 17.288126945901865], [73.25746405132506, 17.28421831152596], [73.25835430640618, 17.26480686694339], [73.25712537743433, 17.26981484877635], [73.24856603129743, 17.274948000949536], [73.24839341632318, 17.282920837127023], [73.24397206316033, 17.281425357194507], [73.24115562483226, 17.285684228044715], [73.23271381828815, 17.28596186674679], [73.22618544080561, 17.281670451230426], [73.22203445442656, 17.302611469943457], [73.21077620955455, 17.30419671570594], [73.20521748110198, 17.29861426313782], [73.19680011273513, 17.306359649078615], [73.19161784678633, 17.304764866905188], [73.18950152437586, 17.29790306127731], [73.20312464268821, 17.285940050992608], [73.20047926890314, 17.282113909629317], [73.20380663906528, 17.26962304137031], [73.21005094049863, 17.27040827272367], [73.21159756217779, 17.275719762257296], [73.22083961965282, 17.269860506457277], [73.22345280670183, 17.26628172362267], [73.22200393683224, 17.255563140326714], [73.22644865528136, 17.255821347377292], [73.22875225521241, 17.251262665040073], [73.22329092063958, 17.24770784374205], [73.23094737532122, 17.24658465345904], [73.23517382111501, 17.226562499959513], [73.23997592924584, 17.22832942046641], [73.24395930807569, 17.22330844432932], [73.24704122537233, 17.210377216735182], [73.24323225026822, 17.200037837076607], [73.24536025487194, 17.196845769916408], [73.23453223667352, 17.20185947413549], [73.23124134571165, 17.199597239421095], [73.23585295674869, 17.193876027756488], [73.25094294576044, 17.191048145555555], [73.26003682643855, 17.171700954835302], [73.27254426470611, 17.11994540725486], [73.26620984041196, 17.112300515156647], [73.27730453008016, 17.112278938622225], [73.28511774558754, 17.099658370137732], [73.28619384736831, 17.086905360294196], [73.28357934910784, 17.079606652325253], [73.2981718781297, 17.07783985142811], [73.29849255119032, 17.074885606385735], [73.2904193398808, 17.077259063854783], [73.28856921229945, 17.07525706326291], [73.287728428924, 17.053449868816415], [73.27866077427544, 17.040336846868044], [73.28986442130608, 17.04736256563001], [73.28728377802398, 17.04434370969446], [73.29483354073543, 17.044339776059886], [73.30297601243305, 17.037526011316444], [73.32001626493869, 17.03778660336917], [73.31922030467345, 17.035475730620547], [73.3140475751355, 17.037531137452135], [73.31656181787369, 17.035591006619697], [73.31429302710163, 17.03326141808003], [73.3041597603648, 17.03436505800107], [73.29535043237658, 17.039597868546835], [73.29129874733948, 17.036862850340356], [73.28465855085145, 17.0398889781939], [73.28041875372261, 17.03234946685447], [73.28848063986979, 17.029044866627316], [73.2931102517368, 17.022163272317187], [73.28876376173824, 17.00673365613335], [73.28652870633474, 17.017660975673593], [73.28994047607213, 17.021534204639863], [73.28270983688961, 17.017953872273466], [73.2755216358149, 17.0254545212092], [73.27772152412908, 17.03370070452395], [73.269716739536, 17.038908362830767], [73.26852154773135, 17.045110225256778], [73.26332330712503, 17.048519730501226], [73.25646007067579, 17.04780471281731], [73.25748896614292, 17.032172203284688], [73.25454354255058, 17.027245402353458], [73.25740766563135, 17.019738674000678], [73.26479685349213, 17.020717621121378], [73.26731860646859, 17.024513601921285], [73.27591717203998, 17.02330565413274], [73.28426027259363, 17.01069951077386], [73.28280913823122, 17.000721335721153], [73.27759385097559, 17.000966668077282], [73.27422165860278, 16.997478842674568], [73.26952564709106, 16.999911546580705], [73.26857852967552, 16.990501404016683], [73.27252387977327, 16.985714078042292], [73.278605461473, 16.992109656235726], [73.290462135919, 16.988778710369218], [73.2979912753772, 16.98210001030735], [73.30417633037345, 16.983720779290636], [73.30819165671963, 16.971410632494752], [73.31151998016307, 16.972902059182772], [73.3078835013226, 16.965185165563014], [73.31755673875253, 16.96054625470596], [73.32332515673065, 16.96207654469687], [73.33234560506568, 16.975794672785995], [73.3445081713152, 16.975041031918153], [73.33310985523568, 16.97501862081282], [73.32317185379807, 16.958761810908882], [73.31134045120095, 16.958228826798972], [73.30600905427454, 16.96312296435339], [73.30220282120334, 16.97499024900081], [73.29496872412747, 16.980630874215535], [73.29199874364716, 16.9562503102037], [73.28773522420133, 16.9520412680901], [73.28408443894571, 16.95339727396515], [73.28190791591769, 16.949064611942305], [73.28731334233694, 16.934368968453185], [73.2822017666982, 16.928559064749095], [73.28675305840702, 16.917061328617464], [73.27718114849122, 16.89301860302615], [73.2863456007689, 16.892596006200804], [73.28778564918852, 16.89660465687949], [73.2954443692623, 16.89760100857974], [73.30352783194402, 16.89123153680599], [73.30904412228844, 16.891431570310772], [73.31331145755783, 16.889327764664642], [73.29715645270815, 16.889640569556676], [73.28610312915615, 16.880729436514358], [73.28593504406703, 16.873487711388847], [73.29294645821264, 16.870393633459514], [73.29509437110838, 16.861578702694985], [73.29511642428363, 16.858006834747712], [73.28813052210594, 16.857784509747432], [73.29260003576317, 16.854746341770323], [73.29016685521626, 16.85206043733936], [73.29338812785991, 16.849093556822282], [73.28802251802486, 16.84455895383273], [73.29417300218242, 16.838581442579553], [73.29559540770194, 16.81656753986009], [73.3036658760794, 16.808652162267606], [73.3156008724824, 16.80691874060743], [73.3266406054797, 16.820445537931278], [73.3311035630791, 16.81929421415674], [73.34498000152601, 16.799966573798358], [73.3391218186172, 16.78641700743904], [73.34147083790899, 16.771697521123812], [73.36336302728196, 16.747065544439337], [73.36163842707177, 16.74583566218614], [73.35240936300173, 16.7587852476411], [73.3410408495557, 16.7663135525285], [73.33654200990591, 16.784756660191803], [73.34121572992208, 16.79570507962579], [73.33285450892848, 16.81138122066686], [73.32644057287419, 16.81279897669144], [73.31801974751343, 16.805771708397685], [73.31760156186263, 16.795207500026137], [73.3100235460499, 16.785604953805645], [73.30529594405274, 16.76688063173583], [73.30575811824266, 16.72893714913016], [73.30967724321025, 16.72616481805204], [73.31130325793916, 16.715751648120104], [73.31864511987649, 16.70537197613588], [73.31740117042781, 16.698519825629504], [73.3245353699115, 16.6908872128746], [73.33983910079397, 16.68514215928326], [73.32959294305996, 16.685407399931634], [73.33336985103782, 16.6536575554519], [73.32914936505117, 16.646751046323843], [73.32434272793463, 16.648381114297067], [73.32283163037553, 16.638903141267008], [73.32713687386777, 16.636755466691483], [73.332960843868, 16.64143061662969], [73.3400564192684, 16.637802720019636], [73.34216570898045, 16.628515004863658], [73.33163023035101, 16.623465418594265], [73.33038377718961, 16.62077474595783], [73.33356487711754, 16.619223356073093], [73.33777606501346, 16.623726129357465], [73.34075951553936, 16.620767831969957], [73.34830045680067, 16.62195754060805], [73.36495304125, 16.632254362548835], [73.36832046541716, 16.637820839560163], [73.37106084807974, 16.632174253638937], [73.38765692722544, 16.632904648830547], [73.39519774887717, 16.61791884897582], [73.3854887481074, 16.615366100864875], [73.38146281245898, 16.60602986818388], [73.38509714641631, 16.601032614363703], [73.40030515166151, 16.591591357954854], [73.40804743763917, 16.5945565702296], [73.43615651171373, 16.59454512635655], [73.42082273987765, 16.590710163543292], [73.4099935291782, 16.593162417811385], [73.39794456978612, 16.590996504085496], [73.3805383444691, 16.60316252732882], [73.38029873359974, 16.61927294738868], [73.37368345282917, 16.628006101000864], [73.3676121234009, 16.630060553651717], [73.35212290284986, 16.62241220455961], [73.35101425640286, 16.611677646606154], [73.34689974742551, 16.61267733569055], [73.34058856970685, 16.60627734632257], [73.34654414649529, 16.601420759960178], [73.34961926941381, 16.602732300655248], [73.35196435417166, 16.594841837880608], [73.34695327237577, 16.595511317493333], [73.34682857957537, 16.59863734203975], [73.33322465459415, 16.607484817470436], [73.32036030328541, 16.606705903854433], [73.31683516501087, 16.60113322691693], [73.32269751987465, 16.589695453982117], [73.32260763623358, 16.583362460509193], [73.33150207965733, 16.577031254888524], [73.34171247495092, 16.57946145508214], [73.34508454771381, 16.576010942551065], [73.34218013320665, 16.567585110664368], [73.34406721572955, 16.565636753733287], [73.35273420801732, 16.564234614436003], [73.35764026608555, 16.568201303647328], [73.36229956187529, 16.568265557509548], [73.35501456227226, 16.56567895442032], [73.3563786746362, 16.55543565742971], [73.37475085276978, 16.552072763147635], [73.38101315503312, 16.557442427126432], [73.39390790432643, 16.55395972695986], [73.37892603900556, 16.553817510869493], [73.37383627912115, 16.55001175443897], [73.34608614426023, 16.556298733200023], [73.3471727375319, 16.551707744516847], [73.35226345069779, 16.550186276875294], [73.34884452775285, 16.547248959771693], [73.35111534559681, 16.543345928172087], [73.35848891762961, 16.540641426660557], [73.36772573025834, 16.544610977514708], [73.37279784724299, 16.540047049431877], [73.36835861196042, 16.542456149731564], [73.366189957101, 16.539534807285577], [73.35440373464476, 16.539229750952316], [73.3583098653082, 16.526257157242128], [73.38541793818743, 16.513884902366414], [73.39906477971581, 16.511516213102837], [73.4119634626438, 16.517012357734245], [73.42159950771125, 16.515874504904517], [73.43511521819292, 16.50487863993733], [73.46678924532753, 16.494449138317137], [73.47584545610303, 16.49896276012332], [73.48059964205996, 16.50896346589127], [73.4952635763531, 16.52030634865916], [73.50198304628069, 16.521477341506213], [73.51305627812476, 16.513671755846957], [73.51799333132729, 16.524165868360157], [73.5226366515603, 16.525127052971172], [73.52993631371007, 16.522589444947016], [73.53437912469693, 16.517810940422677], [73.52051341516207, 16.523810744070715], [73.51615130933547, 16.515023827187974], [73.51348006745124, 16.513303756862967], [73.51191365708965, 16.513175607068717], [73.4976433515595, 16.519780755177806], [73.48244106780115, 16.50798106177659], [73.4739066364821, 16.493271351092048], [73.46709132220687, 16.49305236347584], [73.45132553584492, 16.494093417777094], [73.43253171416737, 16.50196194608698], [73.41680395563813, 16.513249159021598], [73.40151834519557, 16.50900816939155], [73.36704075352807, 16.512983441732544], [73.35014724699786, 16.50462710855423], [73.36329305193297, 16.47962975530902], [73.36903655509306, 16.491148353014182], [73.37986695739428, 16.492998600205283], [73.37646806235134, 16.489704847600763], [73.38479530785722, 16.494114041030244], [73.38057005366514, 16.48965120304068], [73.38731872997548, 16.493771553114783], [73.38353085476527, 16.4907226562257], [73.38278961195104, 16.484008669464572], [73.36929714714572, 16.48780715487638], [73.36982774715293, 16.478433728034204], [73.36556446512807, 16.474963068890574], [73.34923875366567, 16.504714608092783], [73.36270034294662, 16.511361718568523], [73.3640328648249, 16.51577568020356], [73.34756755789661, 16.52930581581083], [73.34566724274922, 16.541581749698025], [73.33353745948617, 16.562135100354652], [73.33213496225883, 16.556656241592336], [73.32648766047717, 16.5576188561254], [73.32170724849081, 16.551694035251572], [73.31782746346673, 16.55603516079408], [73.31920576083726, 16.550092578309943], [73.31445050198923, 16.541433930831374], [73.31102764630893, 16.541802525166517], [73.31729447845751, 16.530257463111525], [73.31650555089053, 16.513457417725746], [73.32240474198542, 16.51649916140721], [73.32540643256098, 16.51307833189955], [73.33220231518484, 16.48812246348102], [73.34170985252783, 16.477796078126573], [73.34243285619144, 16.46688175199135], [73.35082542935018, 16.44570004951774], [73.35517907165686, 16.446180462858138], [73.36492216572546, 16.439320206762233], [73.35710263248055, 16.440168857406917], [73.35803306117694, 16.424300670639497], [73.36707365522508, 16.409723758344853], [73.36617255252142, 16.397233843367303], [73.38030874755074, 16.39602541893798], [73.38665688021095, 16.40334820715404], [73.39830982673718, 16.401264429409906], [73.41354846918651, 16.413207411792698], [73.42896342282378, 16.410185575503945], [73.4592791795906, 16.413825034697695], [73.42982995468881, 16.406822442901486], [73.41066610785467, 16.40776705750376], [73.40559613665252, 16.40518105066505], [73.40557873207288, 16.396955013063476], [73.40124750177088, 16.3896416425478], [73.39610564685822, 16.389580965289383], [73.3886233566827, 16.394901037053316], [73.38001775751357, 16.388246655558774], [73.37407672366189, 16.3763177394722], [73.3752925396191, 16.3858586551529], [73.37206375583773, 16.390005231256453], [73.3667184113257, 16.37780785584792], [73.37195754050813, 16.373555064414774], [73.36813795610195, 16.363684057972932], [73.37262821172268, 16.359626650549558], [73.37781035896094, 16.361979603476016], [73.38363575978249, 16.358600258795036], [73.39098930391336, 16.36542022256529], [73.39348590375161, 16.35865473702657], [73.41184723336326, 16.360146522544085], [73.39441490162656, 16.354631543411074], [73.38874435416878, 16.361141205102626], [73.3905602697408, 16.346679567907756], [73.38571572260261, 16.336716056300972], [73.39559817291749, 16.33113491494443], [73.3938179019747, 16.314584255159275], [73.39897215404184, 16.301525354411666], [73.40519940882567, 16.29705476786333], [73.41077315775519, 16.27778780476345], [73.41120684142274, 16.284959674149718], [73.41718137232252, 16.292015552575705], [73.4177073237341, 16.28569972536212], [73.43573474855984, 16.286424636487823], [73.42975997933965, 16.28329014752238], [73.4149998427686, 16.283234358079184], [73.41137647604367, 16.272974014439313], [73.42738354241666, 16.213725209450885], [73.42661905302694, 16.204424619600616], [73.43014943614767, 16.1988718509552], [73.44287204710739, 16.210683822800192], [73.44746565821364, 16.22423696486412], [73.44267964345082, 16.2069369557759], [73.44662702062058, 16.20730507347045], [73.4490498301856, 16.212057948215772], [73.44883584999465, 16.20781242870072], [73.43922483935492, 16.20358371751462], [73.43951284903889, 16.201287508212005], [73.44427335273306, 16.20225966005529], [73.44458997254921, 16.19887840791222], [73.43582415556048, 16.20052492628436], [73.44976401329873, 16.152701139146302], [73.460998416244, 16.09729397263881], [73.46167385566403, 16.121930838037784], [73.45863735682863, 16.135251044899917], [73.46527004217884, 16.153795123046564], [73.47972524202643, 16.16416335115774], [73.48149764569993, 16.171874999931347], [73.48999321461523, 16.17970192470409], [73.51243257490344, 16.179995775484684], [73.53669166568798, 16.191725373027538], [73.51560914494618, 16.17915892574389], [73.48819053166787, 16.175972699680457], [73.48115372696307, 16.15948915450099], [73.46788346754809, 16.153517722664873], [73.46553742860951, 16.144652247303497], [73.46922564544732, 16.133567452875724], [73.46386444588748, 16.125092148383985], [73.4688549044304, 16.095651269190782], [73.46461665593407, 16.08694815653223], [73.45817387142719, 16.08608055087683], [73.45719122899212, 16.080960869648536], [73.4633921381367, 16.079103112218945], [73.46788394418869, 16.070027351081478], [73.46356737643336, 16.07051777837289], [73.46132671825356, 16.062976360470728], [73.45520603672938, 16.062642454785575], [73.45515036599673, 16.055136918933727], [73.45696353953585, 16.052882552387942], [73.45984756911005, 16.055431246355013], [73.46661353128954, 16.053909063752286], [73.46855330509104, 16.046373247727317], [73.47752916773706, 16.043497443352322], [73.48320877586443, 16.035845756876256], [73.49094545816652, 16.01101922985363], [73.48875272305989, 15.987924575858571], [73.49167537671738, 15.982004523190312], [73.50263357178207, 15.96862781012544], [73.50147771812235, 15.97524905160249], [73.49186670748273, 15.988133311203399], [73.49169003926394, 16.00209331555412], [73.49475681737331, 16.0072504283646], [73.49913012965189, 16.010337829727177], [73.51594662633582, 16.01652777163946], [73.55689322943905, 16.01693487134736], [73.57013475911188, 16.013185978150418], [73.57897353180314, 16.02081143859705], [73.58760631118233, 16.02257084886564], [73.60788393059906, 16.009333134116915], [73.62167000786465, 16.015156030326565], [73.6265244484446, 16.021757126090606], [73.62309443955681, 16.013713240773484], [73.60913872677091, 16.008087635136334], [73.58486807340287, 16.021691441406958], [73.57857394233363, 16.019430756224523], [73.57256400602412, 16.01106250253258], [73.55617606597283, 16.015315532286024], [73.52552843059274, 16.01587295547256], [73.50115644971046, 16.00591933730759], [73.49516820864605, 15.993619441883808], [73.50036907167535, 15.98399782194197], [73.50409042853047, 15.983000874890564], [73.50669896608443, 15.962515473410448], [73.50158298017041, 15.955787658673572], [73.51026141633136, 15.937018156462784], [73.52168953414471, 15.938302159017553], [73.53198850186797, 15.93272995962002], [73.53704774415823, 15.937358618205764], [73.56570374992819, 15.9195704463191], [73.56907141241575, 15.912682533372333], [73.58606362313779, 15.909424543208189], [73.59054625070897, 15.91229224199347], [73.58802771550674, 15.90917956788283], [73.59920895143213, 15.886678337835093], [73.60285985449875, 15.884974479588593], [73.61301636691181, 15.854731440203878], [73.61864626411389, 15.852122306399394], [73.61798715548295, 15.856809974001123], [73.62103521780116, 15.858450055026069], [73.62949192521219, 15.845850467725029], [73.63915646080207, 15.820312499622219], [73.63703441600566, 15.814846635164201], [73.64999091634778, 15.802698969781716], [73.65281176585037, 15.79430186763716], [73.6632933615995, 15.807445764210698], [73.65401351461205, 15.790587544379747], [73.66323614133498, 15.757681846240303], [73.66799533381774, 15.758340239910197], [73.67484235728907, 15.753234148337341], [73.66652643694553, 15.756512045894283], [73.6578749417753, 15.747404575560836], [73.64840280984188, 15.745802044828551], [73.66439783609135, 15.737523556067288], [73.6683839560549, 15.731115818140537], [73.68332207205614, 15.720122456885974], [73.69582474211822, 15.72125577893108], [73.69637084014224, 15.725745200880382], [73.70483159989854, 15.730207323908957], [73.70355820664602, 15.725840210657225], [73.71090114147464, 15.727841377577576], [73.72198891625558, 15.72537505611399], [73.73334550828869, 15.729349017243393], [73.74164962772826, 15.73697614683175], [73.7614543440429, 15.734359144858672], [73.74153780962237, 15.734225630608435], [73.73549020251093, 15.730329275575684], [73.7326461073321, 15.723849535227927], [73.72509527172943, 15.720332145512174], [73.72004115557493, 15.724113941305404], [73.70961427727721, 15.724265456385794], [73.70329964166521, 15.718780040666374], [73.69117844063263, 15.719812631447866], [73.68967151682708, 15.716913103856683], [73.69789731520908, 15.69205915920287], [73.70153593983193, 15.690716862593192], [73.70546305167855, 15.675889373096169], [73.71098387280759, 15.668411969836583], [73.72296965122857, 15.630206942796278], [73.73617994744674, 15.614118337591307], [73.74027812473574, 15.623296618744007], [73.77010571960338, 15.642984747847919], [73.77739405659045, 15.653980851135486], [73.78570425544714, 15.654666424116272], [73.79524886644211, 15.649605751004685], [73.80998074991172, 15.65563321150357], [73.82304000858963, 15.655347942953284], [73.8389321568936, 15.648349762331705], [73.84011065997905, 15.664987445014646], [73.85440754856964, 15.676804065455357], [73.85917556250232, 15.677386522170309], [73.84148764613806, 15.664740323906884], [73.84215354914707, 15.649047970787294], [73.83981955033207, 15.646282077056256], [73.81853854651675, 15.653685212502623], [73.80189537976807, 15.64790952170712], [73.79578876453994, 15.648172259542264], [73.7885214087361, 15.651477337309288], [73.7784261707312, 15.64961707616726], [73.77200090861513, 15.636469960020676], [73.75492072081468, 15.63064765916225], [73.74859750297244, 15.62428867798019], [73.74821460222213, 15.621206879394094], [73.7548165325571, 15.616668343669161], [73.75188064537556, 15.609460830552962], [73.74237322764245, 15.604668855983007], [73.7391686437181, 15.60881626575808], [73.73110711550103, 15.607899546327047], [73.73412644897647, 15.593314408832953], [73.73143422590888, 15.590542316075116], [73.73973870237936, 15.576460838496914], [73.7408086060324, 15.563925743378405], [73.75103044519895, 15.557427048919209], [73.76637995247299, 15.505987524904413], [73.76438522379911, 15.495141267555525], [73.76793301149937, 15.490585803891804], [73.7749831675392, 15.489686846970457], [73.78708147992651, 15.49301660033585], [73.78588044612573, 15.497313260698547], [73.78946471212689, 15.49965655760414], [73.81004095052961, 15.49585044414276], [73.812107920844, 15.505340218975988], [73.81820774079463, 15.51051783542988], [73.82420980893554, 15.505576968202533], [73.83476006972151, 15.504250407030767], [73.84310090578228, 15.506523132336767], [73.84434604683273, 15.512806654103855], [73.8472700117018, 15.509733676967628], [73.86730194083194, 15.510952353668245], [73.88131964208796, 15.519892811803842], [73.89731347583634, 15.536968350109305], [73.89831316492078, 15.544810057038532], [73.90817046209716, 15.54940080650212], [73.91167175754558, 15.549178600212315], [73.92820990056649, 15.537722945157881], [73.94932281929269, 15.55025875523738], [73.96660530599016, 15.53976464272418], [73.97236597540959, 15.52704215047497], [73.9970437284853, 15.514478325614306], [73.99989294979989, 15.502410650431258], [74.0183869599903, 15.49759495264503], [74.02323365201144, 15.490954041196105], [74.02321577079127, 15.482576369803667], [74.0286151168942, 15.48071312920763], [74.02233564837152, 15.48104453118026], [74.01906204237937, 15.494383215513054], [74.00061953096659, 15.49974417675243], [73.99160921529321, 15.516086220802507], [73.97023284467016, 15.524569153343805], [73.96470642076483, 15.53588247269802], [73.94957530485644, 15.54906141765035], [73.93738520136597, 15.538533449259319], [73.92872452771493, 15.535340547528307], [73.93263447240312, 15.531663775462917], [73.93259954453347, 15.527742624322698], [73.91600584949046, 15.508148670424902], [73.88995254017769, 15.499999999700321], [73.88017404069953, 15.50000608001666], [73.86446845495536, 15.505839348107529], [73.84091985196963, 15.499750375779314], [73.82131445419887, 15.50063431222381], [73.8066787721078, 15.484374642475856], [73.80640566329075, 15.469726443620559], [73.80197727653015, 15.461841344402544], [73.79823124407667, 15.460163712185576], [73.79007422944218, 15.465094208431083], [73.78711402459268, 15.463289618920811], [73.80339503255473, 15.449898243309391], [73.80383431899875, 15.453838467271524], [73.81236672414516, 15.455498218268247], [73.81614720782747, 15.45233333131823], [73.829426050372, 15.453375458510678], [73.84184515453032, 15.447544812842878], [73.84377324613857, 15.451014160774932], [73.84907615164323, 15.451737523268122], [73.85947823563217, 15.441552758652989], [73.8617825505244, 15.428215265022573], [73.88478362556393, 15.432166933757117], [73.89673423779485, 15.414977431563287], [73.91455447680781, 15.41372334945305], [73.92552196996306, 15.422817706771824], [73.92626106699473, 15.429840564790226], [73.93086671822462, 15.435049056768662], [73.94251394236463, 15.438252449091351], [73.92842960314377, 15.43162703475997], [73.92399275286326, 15.412040472390004], [73.94820475604482, 15.405720948962696], [73.95461821545834, 15.41277003301063], [73.96029424698204, 15.412012219288556], [73.96050691596147, 15.4079964163016], [73.9524759053389, 15.404911875682586], [73.95885181445973, 15.374284625235347], [73.96542251133994, 15.37000751523469], [73.977785468125, 15.36907565571704], [73.98345994921729, 15.364604472918103], [73.97770416761333, 15.370718478774904], [73.98135995849535, 15.373590350414418], [73.98994350448916, 15.35929191139266], [74.00594544382719, 15.34844887271737], [74.00724172572521, 15.334520220531871], [74.0149277447197, 15.338879943154865], [74.01089274840174, 15.333075642227158], [74.00754463717536, 15.333059906789401], [74.0121684070464, 15.30561935904619], [74.02197837829962, 15.302523970804643], [74.03874003882183, 15.307438850322768], [74.0444972512473, 15.300034641985206], [74.06031942330284, 15.299721955803633], [74.07059037714433, 15.294336676896208], [74.05477511907665, 15.299077630228524], [74.04431903349669, 15.298623442917645], [74.0381988286131, 15.306411743607171], [74.026310324462, 15.300581932510283], [74.01232624076354, 15.30304813346467], [74.01086342330845, 15.309345364497034], [73.99871707003692, 15.316795945476585], [73.99457633502996, 15.325088978073936], [74.00152504484507, 15.329501151856789], [74.00355064904338, 15.321915150064186], [74.00660455245824, 15.321190476359504], [74.00319814717685, 15.337838649634037], [73.99982845761738, 15.334662317911679], [74.00234496574771, 15.331885456948385], [74.0006114244778, 15.330046415309937], [73.99425506571887, 15.33324611231835], [74.00124800239351, 15.337957859267846], [74.00145566484721, 15.342794180307223], [74.00390982657731, 15.341188669221822], [74.00460255186644, 15.347572445611988], [74.00080406645455, 15.344008207512843], [73.99280035475263, 15.346091508616283], [73.99461376661205, 15.34895944572196], [74.00204777758287, 15.348976731590952], [73.99034917337573, 15.353693842996535], [73.99329221286544, 15.350469947030518], [73.99056947220353, 15.3464633225244], [73.98565340018436, 15.35080373310592], [73.97895216940717, 15.350563525986033], [73.96754455523708, 15.36622285869798], [73.97668385527587, 15.366614818319277], [73.96613967390695, 15.367531776070692], [73.9577479362184, 15.372491955339527], [73.94763815437747, 15.401670933067152], [73.93327534188356, 15.401739239274605], [73.94102287270746, 15.40079176392878], [73.94006812544373, 15.396368741624187], [73.92908084360622, 15.399246812290599], [73.92606365681237, 15.395993352011644], [73.92035675066367, 15.399138450279324], [73.92876803871408, 15.403151631742475], [73.91738593561254, 15.404608845521892], [73.91557133215136, 15.402150750157034], [73.90756762044944, 15.409525752111861], [73.90663325811843, 15.404709219754736], [73.90191245049934, 15.403821110455922], [73.8916263583699, 15.408683538814358], [73.886399269311, 15.406093717051533], [73.88251006568711, 15.39841687653768], [73.87264811991494, 15.396829247571787], [73.8652235266446, 15.402706026661903], [73.85893464132064, 15.398440003503438], [73.85202801258279, 15.402094244853586], [73.84610557581178, 15.399745345171624], [73.84420347191278, 15.408330440697398], [73.8400156502021, 15.410791516415372], [73.82812500026856, 15.406808018875097], [73.82772374165742, 15.403439045175887], [73.8184726235128, 15.411044359010049], [73.81607270259329, 15.410373568185648], [73.81656324859509, 15.404377341141426], [73.80983436096702, 15.400986909618254], [73.8074939248049, 15.407061338110367], [73.79213225869691, 15.41870105291136], [73.78975045641849, 15.414396524380138], [73.78300273428883, 15.412920832230682], [73.79117214697712, 15.394117117111307], [73.80639302691682, 15.392439365284588], [73.80829954109109, 15.376702308664719], [73.82230341437119, 15.370548009583075], [73.83150637112217, 15.370733142220828], [73.83781957591285, 15.362192273554655], [73.85169315361631, 15.360902309394191], [73.85340237631871, 15.36540567892898], [73.86137413960498, 15.365735173439589], [73.86355185513415, 15.369387626937552], [73.87155270609261, 15.370461940865937], [73.87549352630535, 15.36793863745821], [73.89069891002671, 15.341645121924913], [73.91251611752492, 15.27968633135913], [73.94961094858652, 15.143852948954489], [73.95265793801352, 15.157717823918446], [73.946139454872, 15.167004942823908], [73.94554281225109, 15.171134233058453], [73.94987797708708, 15.174022436386423], [73.95745956860426, 15.171591758652752], [73.96306705470087, 15.183675646813697], [73.96029126662873, 15.188657880157095], [73.96622776969585, 15.182133555019618], [73.96058344826761, 15.176772832999902], [73.96071457841518, 15.171354651496003], [73.94941174965257, 15.171454906119095], [73.95349311861267, 15.161158323397984], [73.95402014291537, 15.140126824793185], [73.94595706426716, 15.142279147964345], [73.93577265758213, 15.133175254234615], [73.94046854948405, 15.12739574941439], [73.94065117840924, 15.119507551132699], [73.93569552902554, 15.112441420435246], [73.9175542590219, 15.108204602760338], [73.9250959161437, 15.104237079877393], [73.92632997035187, 15.096960068052795], [73.91196155508183, 15.084131240864153], [73.92577791252077, 15.08556532857709], [73.93187677829079, 15.077998637926854], [73.94986391079092, 15.074844956529589], [73.96691405763775, 15.065495252903688], [73.97111964185811, 15.052238344823863], [73.98026847830769, 15.052013874041108], [73.98665475841048, 15.043119549327827], [73.9901098017261, 15.03369212179409], [73.98560357054848, 15.025597214340053], [73.98913454991961, 15.020189046787152], [73.99263644251792, 15.01805734596978], [73.99740576766206, 15.021221637568573], [74.00265693696812, 15.016494631821828], [74.00712096655943, 15.017789959539101], [74.01397311706572, 15.006534457599201], [74.01722705398552, 15.01388883630078], [74.02676951919804, 15.006753444316132], [74.02437245812254, 15.002900243251688], [74.0299482341238, 15.001054644656136], [74.02685415709382, 14.997894644622235], [74.03294241446096, 14.99875080550531], [74.03878867595668, 14.985722422351927], [74.04142081711709, 14.98852610559537], [74.04989266371555, 14.988174319589262], [74.03443825232361, 14.983241319631233], [74.04065334827342, 14.980383515187128], [74.0488114357992, 14.958294749303263], [74.0533728601695, 14.95760476604714], [74.04876315569513, 14.957006812214729], [74.04752695570457, 14.950367211977294], [74.04305434208439, 14.94783091516473], [74.04655957206674, 14.934337377468111], [74.04353725913731, 14.930258155189748], [74.04301321518776, 14.918342828758625], [74.05694437018659, 14.914152979976123], [74.06641125637444, 14.907005071227147], [74.08011567609773, 14.909472345972091], [74.08543074133573, 14.899653434558374], [74.09854400160455, 14.894633531312493], [74.09954714768278, 14.880480766274445], [74.10718977438867, 14.870306014710849], [74.11224591761507, 14.846675753283435], [74.11690771621821, 14.843779444365936], [74.1247699258914, 14.845777630932986], [74.11434495415645, 14.852929115386416], [74.13149964809045, 14.844741821477982], [74.13721203830508, 14.845907449868946], [74.14646685086458, 14.855931162992832], [74.17527842495943, 14.869635105176087], [74.19039344749964, 14.872805952832522], [74.19874501247247, 14.879827022998754], [74.20986461605926, 14.878844737594633], [74.22079575052354, 14.87254846074292], [74.23430144795353, 14.875728130748698], [74.24568474265683, 14.872229814754206], [74.2508970495592, 14.879272818485902], [74.25098133042414, 14.88378894310533], [74.245624542039, 14.889950036564997], [74.25106763836087, 14.900074720172242], [74.28493094450758, 14.893558979063712], [74.3212250470983, 14.906837463678059], [74.33501744300074, 14.904352546033252], [74.31659936886584, 14.90413355841703], [74.29133820489429, 14.890715241815016], [74.2642959354092, 14.892107248450841], [74.25140035154513, 14.896143317659991], [74.2475854157345, 14.891150474115165], [74.25320565691564, 14.88132965523944], [74.25325763233403, 14.877952814270984], [74.24129903322395, 14.865244031287133], [74.22684180720373, 14.860073566242136], [74.23162317247144, 14.862744331485771], [74.2257057431257, 14.865058541618453], [74.22279655951374, 14.869957804409196], [74.21555483348894, 14.8733402490533], [74.20316433946286, 14.873608231734593], [74.1418341399337, 14.834832668492894], [74.12735164206478, 14.839601755316835], [74.12463426585876, 14.83723032491963], [74.12438750268123, 14.806584000751116], [74.11352205290044, 14.796914935276163], [74.11117970927623, 14.797868251718569], [74.11457645853685, 14.802003145628689], [74.11309337575884, 14.807479858608701], [74.11169385888454, 14.805263757316624], [74.09635770294565, 14.806560635465047], [74.09286344019566, 14.803226112994821], [74.09545111617618, 14.79872691631418], [74.1002004143177, 14.797885537587575], [74.1021820308761, 14.792514562397201], [74.10882866381186, 14.792670250331824], [74.11019420609787, 14.784549951419251], [74.11633121931041, 14.78794634364894], [74.11880815007615, 14.785758853388458], [74.12159240256747, 14.780913949219482], [74.1190898420227, 14.775017142227455], [74.125376344143, 14.774536370956838], [74.12843525408383, 14.78038263335192], [74.14295566107492, 14.776817441072126], [74.14441692809876, 14.773178100588922], [74.14059996611562, 14.769830703424219], [74.14956521945945, 14.768543242976278], [74.14903247366979, 14.764337540045474], [74.15622234388618, 14.761247634970388], [74.15639984577635, 14.757041931140208], [74.1510124210865, 14.751031518190118], [74.1532486680916, 14.745998501929378], [74.15887892232448, 14.745720505297172], [74.15894973314371, 14.75364124734574], [74.1634776595665, 14.754821061642758], [74.16401791559443, 14.761805176867483], [74.16714131861713, 14.76615512385996], [74.16362345226068, 14.753180742297417], [74.1811391115809, 14.74838173412985], [74.1934690479583, 14.734833240661658], [74.19261336371582, 14.725520849008035], [74.20535802875017, 14.718060851227364], [74.20878815634839, 14.717688441068745], [74.2035213712144, 14.7324826718379], [74.2069226503601, 14.737276553869947], [74.2112556694137, 14.732808351424396], [74.22807204738714, 14.73708105114963], [74.22757351360693, 14.744834423070301], [74.2332973476945, 14.747695446188004], [74.24981915992643, 14.739238977097159], [74.26385104618888, 14.714048027694432], [74.26731681841656, 14.713014602342128], [74.2568199638703, 14.706336736850972], [74.26935005156375, 14.702148437600442], [74.28175091747087, 14.677594899784879], [74.28061330296171, 14.670985103080142], [74.27611064928718, 14.66982459992542], [74.27918601052605, 14.661998629333311], [74.2756192687144, 14.660278201078171], [74.28294730177672, 14.662888526484394], [74.27834665797204, 14.658051728804338], [74.2821273799747, 14.652765751238448], [74.27926135033115, 14.648966431255914], [74.28415715702718, 14.644546627624834], [74.28408932656131, 14.630984425790643], [74.2800401452366, 14.626734853031081], [74.27115964849898, 14.630759715788301], [74.2699756622471, 14.626287341387794], [74.27339160483874, 14.626835107654173], [74.28073024720325, 14.609486222211444], [74.29173040373522, 14.60178017621422], [74.31293225282124, 14.602207064604372], [74.32925474650946, 14.611260175416845], [74.35608434701507, 14.600025653760937], [74.37464594845184, 14.602881074102356], [74.38774704898728, 14.598802208854934], [74.39759254436055, 14.612664103465676], [74.41259074226909, 14.6150062087696], [74.41877305523244, 14.625697374434367], [74.42761516530774, 14.632631302092989], [74.414518475947, 14.614114522867055], [74.39667975946347, 14.610119223523427], [74.39000833042022, 14.596414566379195], [74.37556600526702, 14.600650429873468], [74.3578075173032, 14.59684824914747], [74.33425641060498, 14.607076049020549], [74.31475365155993, 14.598816633081185], [74.30823707588038, 14.599015117054094], [74.29830515385984, 14.592134952666015], [74.29107797167106, 14.597424149804766], [74.31365382656296, 14.545031547667847], [74.31381094441966, 14.540647029836649], [74.31002891030604, 14.538143754330918], [74.31562876745372, 14.527698159342663], [74.30966615706765, 14.520796537130536], [74.3148113493643, 14.520610928751466], [74.31902575503463, 14.516237258542702], [74.3189450498742, 14.51939916603871], [74.32210135459391, 14.51726722690104], [74.32510614423333, 14.51935660832092], [74.32621991591648, 14.514508843408493], [74.33725142461358, 14.517771363457726], [74.34020853039951, 14.513637900368849], [74.34512972855427, 14.520353674982161], [74.35587000889396, 14.52206695092913], [74.35162723051243, 14.533404827171083], [74.35239136197188, 14.540635942994456], [74.34721124180547, 14.544455647909928], [74.34800624878952, 14.547338962523213], [74.34587264050995, 14.54516291613578], [74.33877944921235, 14.55293142814297], [74.33580064818145, 14.56486690028727], [74.34034371379138, 14.568671941756733], [74.34673035182439, 14.560367941927026], [74.34559631391883, 14.553863406371164], [74.34973537888473, 14.545266866972426], [74.3541139360095, 14.542777776473287], [74.36015236374075, 14.549824833449392], [74.3566627504857, 14.562323212846067], [74.37123835066947, 14.572803616094063], [74.37647497613935, 14.573087334213199], [74.37611973313918, 14.56369471583848], [74.3705792429378, 14.562418579653752], [74.36487555546259, 14.55366945228343], [74.37259423693453, 14.553336024138247], [74.3783588408879, 14.548213958807182], [74.3830269572284, 14.551529049626012], [74.38743460202537, 14.546207308720454], [74.38359105608245, 14.543090224334478], [74.38403940229674, 14.530868649068978], [74.38893854637692, 14.533937454250236], [74.39348244655767, 14.529636860252964], [74.38654434694413, 14.528578758403], [74.38673484313856, 14.523811459431329], [74.3733582496836, 14.536569953340774], [74.38901436372194, 14.505677699666165], [74.40638184534598, 14.487769842404376], [74.42544174224267, 14.480537652790531], [74.4342395067479, 14.473711967533347], [74.4369883538296, 14.455343246393738], [74.432599425723, 14.446954965699149], [74.43399596224398, 14.444195866346249], [74.45154821857548, 14.452111005618434], [74.45658433479926, 14.449079274988605], [74.4487174747317, 14.449743508855889], [74.44001090507928, 14.442469000743827], [74.43156290040761, 14.443579078012064], [74.43062853807666, 14.446827411256152], [74.43521642679676, 14.455204844328193], [74.4339282513877, 14.46781730632371], [74.42072832615136, 14.480555534010762], [74.38929200152475, 14.473483443506169], [74.38172125852938, 14.481167078398073], [74.37875604625461, 14.49678623659564], [74.3734402660555, 14.495304465029122], [74.36918604380102, 14.50156664858207], [74.37559485461898, 14.507249832413876], [74.37645685659882, 14.49962055704313], [74.37713634926317, 14.506876230653603], [74.3817541602264, 14.511581301935607], [74.37522804723673, 14.52438402180519], [74.36959624257261, 14.52751600705811], [74.36076474179944, 14.51969897752582], [74.35944664504663, 14.510483264790935], [74.354635715466, 14.50848042962815], [74.35382211230072, 14.503003120397793], [74.35974812477625, 14.501254677361572], [74.37301635711921, 14.469697117827764], [74.38221335406311, 14.44119668038249], [74.3829784397033, 14.431805730250304], [74.3797720670274, 14.429289222119976], [74.38450455683997, 14.42650640045008], [74.38199007488211, 14.421177864267122], [74.38727593463673, 14.416948676440327], [74.3925017115848, 14.418551802523766], [74.39605271795861, 14.409465432084062], [74.40535855265514, 14.372553706588377], [74.40261626253064, 14.368512153313304], [74.40631687652277, 14.366324544342362], [74.40459775947912, 14.357619166291585], [74.41255402564778, 14.33061182467604], [74.41384494308969, 14.314911604287204], [74.42109405974313, 14.299487352559353], [74.42338824287319, 14.298555254721336], [74.42431557160646, 14.301852464319836], [74.42786180977478, 14.300047755199827], [74.42897653563867, 14.292549729586455], [74.44038844137359, 14.275723815202], [74.47353541862483, 14.279047965791108], [74.4586662050813, 14.27367734943013], [74.4623938796739, 14.267879367139145], [74.46660721335232, 14.266711473355869], [74.46976482838423, 14.264101147949631], [74.47869813421161, 14.264858603741686], [74.48951911971162, 14.260007023905047], [74.500754952579, 14.253770231810819], [74.5034947398905, 14.24890267821614], [74.5211410518182, 14.242819666594428], [74.52910161045102, 14.235430121702791], [74.53802871725165, 14.237693548018854], [74.54672014681748, 14.236136674967668], [74.55372834228925, 14.23942720889869], [74.5752670765144, 14.238281249580055], [74.58231365684989, 14.231089830731193], [74.61439371080112, 14.238281249580055], [74.58365094693372, 14.22913944762746], [74.56816780579962, 14.237135649091002], [74.55352544804109, 14.237316012623907], [74.54719400410013, 14.234382152514385], [74.5380108360313, 14.23657762965395], [74.52712512002839, 14.23326885657255], [74.5211460592433, 14.240234136396396], [74.50288414968387, 14.246733307496186], [74.48712372777791, 14.25761246654217], [74.47502005093472, 14.254526019360341], [74.45847856963039, 14.260852455876233], [74.44017231450081, 14.261731147474563], [74.42868304278832, 14.278575301009383], [74.42625415290692, 14.297493457557096], [74.42453980406881, 14.296387314822795], [74.42724156354737, 14.274384260625226], [74.44179964044113, 14.224008917877356], [74.44864356484877, 14.21780264337734], [74.45402205027753, 14.199604154008554], [74.46480631825713, 14.199548244056231], [74.47087097201776, 14.18322515501697], [74.47912025439635, 14.149950027072094], [74.47677874534295, 14.140609860756527], [74.48001003283682, 14.137672543653025], [74.48806977230223, 14.110025167127787], [74.48618495427232, 14.094995856273812], [74.48065435931139, 14.093639135437783], [74.48790907874107, 14.092617511888733], [74.49238085779044, 14.079101443476873], [74.5010951760016, 14.027617215961868], [74.50622725528368, 14.030034542360298], [74.50438094172719, 14.041503548749787], [74.50573003271487, 14.037545442668147], [74.508957028644, 14.038642763952467], [74.50741255274724, 14.032558441119178], [74.5178117750934, 14.02701175189091], [74.50770711938819, 14.027827262518201], [74.50124514065081, 14.024648547592435], [74.51474261288129, 13.986268639286308], [74.53124999998752, 13.969866037587636], [74.53144705313909, 13.964886546277157], [74.53597187959863, 13.966762066216418], [74.53940534548039, 13.964221716159358], [74.54904854285613, 13.948519945339271], [74.55727505709828, 13.951198339531828], [74.56082224854802, 13.94567644551158], [74.56666564930035, 13.948868155640923], [74.56973934139765, 13.94676256214261], [74.57907986654268, 13.925572633570269], [74.5865111354806, 13.919211744926201], [74.60194694979205, 13.872903346912011], [74.60984730690777, 13.867539048288492], [74.61296117262017, 13.859627962260717], [74.61758947327567, 13.859291315441936], [74.61321055912006, 13.858518600852818], [74.61530780780916, 13.852231860412061], [74.63312864307247, 13.849293350807613], [74.62682211394954, 13.84796464475265], [74.6144018172902, 13.851383805118601], [74.60670626188457, 13.86597514163951], [74.6262822149524, 13.79589986798463], [74.64435434327848, 13.68601584405603], [74.65113902124895, 13.666414141599475], [74.6618865726073, 13.65501964134343], [74.66766214379291, 13.639157652703531], [74.67109870873858, 13.6392395494657], [74.67524921937607, 13.64744353299271], [74.66986787320386, 13.663500904743003], [74.67532753953444, 13.680539131076102], [74.68474793436982, 13.688472032858158], [74.68549954906504, 13.694353223122818], [74.6675205230537, 13.715388655362275], [74.66050076499832, 13.710937499566057], [74.66232895811501, 13.715012550788657], [74.66807615748868, 13.715930343110884], [74.67563414539958, 13.71137237573464], [74.68617355856301, 13.697147012025084], [74.68731284131471, 13.688150048585939], [74.703366756071, 13.693887829359909], [74.7111643548512, 13.692315459191178], [74.69399595255132, 13.68950366945883], [74.68112230315191, 13.678481936392345], [74.68236625170132, 13.671149253835026], [74.69305622576437, 13.669866442882096], [74.69758367554627, 13.663079857449532], [74.69598984755359, 13.660492777719625], [74.69409191650888, 13.664487242492257], [74.68107271183632, 13.667422652133752], [74.67994105803356, 13.659179210851988], [74.68378496190647, 13.650639653397306], [74.7003452777125, 13.653118372015314], [74.7177134751968, 13.642729878581122], [74.72255694854445, 13.634954929226652], [74.74566781551741, 13.642342447945722], [74.7555928226507, 13.640472054142066], [74.72463214405835, 13.633341312551622], [74.70796465874216, 13.637818456056976], [74.70545268049685, 13.62611281915133], [74.71085381535138, 13.624593734713173], [74.70408654196049, 13.619522452299435], [74.70069634875765, 13.62708652052659], [74.70459055890726, 13.636123537971002], [74.68852412738661, 13.639269113778653], [74.67735767361776, 13.630980014815876], [74.67643654391148, 13.622062921966332], [74.68270277980955, 13.613424301490411], [74.67832064608106, 13.605272770022452], [74.67220795143592, 13.622693777495925], [74.6745463605262, 13.63098895587568], [74.67124080701777, 13.633043050596399], [74.66782665227831, 13.62831270656622], [74.68188917664426, 13.544319510537022], [74.69090664372672, 13.459377646661125], [74.69823825339276, 13.44952702515215], [74.69900596145604, 13.469864606866153], [74.7023308279054, 13.459198951370567], [74.70132625100578, 13.445973038425109], [74.70889151083466, 13.437309622740983], [74.71308541286166, 13.441730022622494], [74.7160519363479, 13.440312028277617], [74.71554183998407, 13.457776069210297], [74.7189296481848, 13.462828755442814], [74.72387695275918, 13.465945959438542], [74.73163580874566, 13.463825225853526], [74.73787426908225, 13.4565842147898], [74.74796521642176, 13.457186460187003], [74.73953700043236, 13.454034447931434], [74.72775995735631, 13.462759137124507], [74.71866714956943, 13.461087346004291], [74.71904623539555, 13.43960905071718], [74.71578156956392, 13.434120416324248], [74.70543134228271, 13.434656977937252], [74.70422935520068, 13.426265955209757], [74.70969367012682, 13.4173498156415], [74.7234060767291, 13.414891958597124], [74.74063444132653, 13.406541347805017], [74.74833381165618, 13.385480523207661], [74.76021587846017, 13.382392048953989], [74.74774360638239, 13.382987142043007], [74.73968362769736, 13.399921774570316], [74.71959590912402, 13.413881659311201], [74.71311974538006, 13.415147304904238], [74.7146185635959, 13.411299229076207], [74.69843494861405, 13.414254427399953], [74.69565403440632, 13.449492573923166], [74.69380986663211, 13.446648835775193], [74.69865095587696, 13.360537051943453], [74.6952967643343, 13.347695469670256], [74.71115851375455, 13.341649174669769], [74.71877360321932, 13.324638963117735], [74.72381293811671, 13.290442943786886], [74.72987055738034, 13.287428856056906], [74.73592293269732, 13.289765477295006], [74.72904813276526, 13.28532540834098], [74.7290364505719, 13.277060151304951], [74.72462153475604, 13.278970718723713], [74.72184264672089, 13.284321546402339], [74.71975123912844, 13.304789900333674], [74.71316134891723, 13.33043634915822], [74.7052180770527, 13.341102838325341], [74.69055592971247, 13.348705768956094], [74.7068367002536, 13.336934447366886], [74.7176867725266, 13.309594750497453], [74.72067117723307, 13.284200548916274], [74.72777366662152, 13.266542077255096], [74.73582673041929, 13.224190831141996], [74.75448644159601, 13.163624048111416], [74.77364492397416, 13.083158254849678], [74.77603185148891, 13.081664204839214], [74.77926111191093, 13.086098432696645], [74.77865183381513, 13.099137544761916], [74.78303003300968, 13.100810050843279], [74.78974688051429, 13.098487735120983], [74.78175222858252, 13.099415302174549], [74.77980613704366, 13.09622955365107], [74.78225696049046, 13.08938765541609], [74.77877354626227, 13.076406836506365], [74.78410780393207, 13.058983564539929], [74.77460515530382, 13.077728033222215], [74.79725134347476, 12.974162458930365], [74.80440294753802, 12.934707760954439], [74.80244457755529, 12.93141818030486], [74.80685675133807, 12.928321957492415], [74.81771910205501, 12.930950761268676], [74.82095169986118, 12.928765415891306], [74.81383693202886, 12.918655276120163], [74.8086011411298, 12.924395441896195], [74.80717575525696, 12.919576168405527], [74.82117235661909, 12.852441549238208], [74.82407248046061, 12.846560835614142], [74.82943606412309, 12.84697115399564], [74.81787896194461, 12.88663053497126], [74.82042205313539, 12.895744204331606], [74.81435060499658, 12.9083647728161], [74.83642315880181, 12.944206357237647], [74.85348975694674, 12.950537204928168], [74.8593281511734, 12.949144720752287], [74.87058353440275, 12.938819646609417], [74.88914656666086, 12.941268563493452], [74.8700754642114, 12.937699556289544], [74.85348916069623, 12.94888377166879], [74.84614837165017, 12.947620034437136], [74.83362472040463, 12.938197255499034], [74.82577383499458, 12.919871926648213], [74.81856274617385, 12.91336345655833], [74.8171838525528, 12.908049344601622], [74.82420194146644, 12.895552635245949], [74.8200532195805, 12.88854670516632], [74.8289786581386, 12.87335085875526], [74.83338785156818, 12.84989047026906], [74.8408752678794, 12.84383761921083], [74.84884655452501, 12.84056282071765], [74.86259412731724, 12.841600775955143], [74.88810455817887, 12.848711013902275], [74.9091416595601, 12.864971518221026], [74.93745136249052, 12.858844161029253], [74.94123196578275, 12.867110729276789], [74.94813132260262, 12.87128794168521], [74.95867931799629, 12.870827555347446], [74.96179413788926, 12.858918547553046], [74.9659909006597, 12.856119275484232], [74.97661030312312, 12.864088416347442], [74.98419392081294, 12.864646673205513], [74.98714411261082, 12.861706733678929], [74.97597622891996, 12.862607479351823], [74.96984362598258, 12.854873061542591], [74.96302795377719, 12.854704618523414], [74.95619010968588, 12.870003342880011], [74.95024383098811, 12.869947910467744], [74.93814384945918, 12.857930540661982], [74.91972887528752, 12.859624624177144], [74.9055087564241, 12.854103446017334], [74.89898943871177, 12.853471637206368], [74.8940912488122, 12.847401857309976], [74.88471162294312, 12.844010710825643], [74.88012826410821, 12.83631765823344], [74.87411797076786, 12.8346010449024], [74.85543620551655, 12.836472153667046], [74.8508284094037, 12.83313345924185], [74.84254956271221, 12.83238291743777], [74.83741903296212, 12.83569240548023], [74.83541262119562, 12.833638429470057], [74.82874727246875, 12.842684626294485], [74.84557414013452, 12.796643018460657], [74.86686682704257, 12.757672071209186], [74.88386964796595, 12.709616542269643], [74.88603711122371, 12.70793604841002], [74.88638055331998, 12.710797309848019], [74.89070332010229, 12.710750222245053], [74.89285755163482, 12.708329200532248], [74.89265418074595, 12.703403950032367], [74.88753783690166, 12.705674052015908], [74.92898547659857, 12.610300779057809], [74.9390610455309, 12.626543163836033], [74.93205201638759, 12.610748768241166], [74.9410331247789, 12.589403152633466], [74.93296945077961, 12.601460337224836], [74.95458590981198, 12.54871141919672], [74.95511114626245, 12.554148435202222], [74.95794236674695, 12.550888657185908], [74.95642495145049, 12.548333167941422], [74.9734590049292, 12.49885141855819], [74.9850540162299, 12.480468749833008], [74.99800205215305, 12.449967623007524], [75.00277996042698, 12.443606853073831], [75.00499331968612, 12.444888949065785], [75.00539982314334, 12.437513232149982], [75.01484644400827, 12.41680645985032], [75.02186417589107, 12.411937237113918], [75.03106486814929, 12.391363859454657], [75.03660845741453, 12.39185774284067], [75.04042851936074, 12.387695312588733], [75.06253647767633, 12.340983628891479], [75.05661451844534, 12.362061858068301], [75.06553614118005, 12.335796952667323], [75.06308114487902, 12.340661167978567], [75.06350374260379, 12.337770938478045], [75.12021350874656, 12.203298211443382], [75.12242901288872, 12.204958915721477], [75.11599326108026, 12.222536921441801], [75.11921441591258, 12.230930566592463], [75.12407946579472, 12.235015034616183], [75.13606214515201, 12.23277294651433], [75.15970075138873, 12.240263343178853], [75.16629946215053, 12.25639367063144], [75.16146564482378, 12.239984869905882], [75.13632416712667, 12.23049783710556], [75.12405312105474, 12.231503009356501], [75.11830782914316, 12.224536657540739], [75.12046587470044, 12.215001344636406], [75.12932741642717, 12.211374640527296], [75.13641703112117, 12.186798572895938], [75.14159274101232, 12.183689952029795], [75.15283071966209, 12.160830021088714], [75.15398704996252, 12.149369716539269], [75.16318535811794, 12.136455058953871], [75.16178774870573, 12.11878144720609], [75.17134356525347, 12.11478614786256], [75.17355847314505, 12.100815653819424], [75.17790830142698, 12.100171446954775], [75.18179357051699, 12.095312356879845], [75.18859422224565, 12.096501827197642], [75.1915725466358, 12.10170423975893], [75.189110279316, 12.113249659744042], [75.19239044226524, 12.117223739584006], [75.18700540077865, 12.12890625042317], [75.19207501405069, 12.132308364139774], [75.18883776674969, 12.128156543189988], [75.19718897379212, 12.116770743874795], [75.19629013558134, 12.112830400302741], [75.19199645557202, 12.111733317338803], [75.19288897514619, 12.100983023947492], [75.18579685673959, 12.093539356955816], [75.18029224858853, 12.094984054870267], [75.17715644841147, 12.099094748923605], [75.17456305004484, 12.095588803080886], [75.17702174166013, 12.090660810548002], [75.17287647766742, 12.08923482932397], [75.1728097200926, 12.085852742610086], [75.17920112633098, 12.083091616185243], [75.18890905420963, 12.091001152681145], [75.19231975105575, 12.087964415525448], [75.19618713892541, 12.071416974413879], [75.20766174809128, 12.074232459460504], [75.21396660807258, 12.068863033802003], [75.22023856635687, 12.069703340536776], [75.21469032759663, 12.066713809694605], [75.20743095867189, 12.073231101234384], [75.19538354881186, 12.070299506517088], [75.18919503682153, 12.089522361467843], [75.17909026150639, 12.081098675363634], [75.17787444554924, 12.07409894431089], [75.18662250002845, 12.05577552292209], [75.18735444565121, 12.045421123686012], [75.18507194561388, 12.044008135866818], [75.18168675893688, 12.048430800241277], [75.2004958394115, 12.00746607759747], [75.20430517154657, 12.004866242782924], [75.20776784381107, 12.010526656679914], [75.21711921657865, 12.010197520099524], [75.22676134106311, 12.022473454886082], [75.23163735907698, 12.023825764547496], [75.25086700930515, 12.005971550946413], [75.29525220352642, 11.942140460014329], [75.29759705086329, 11.946527958198828], [75.30486154592367, 11.949048042033596], [75.29163444047717, 11.963628530932056], [75.28097367279682, 11.984678507007516], [75.26517713052019, 11.9986796382548], [75.26279854781481, 12.002885342084966], [75.26499235671193, 12.016618251431282], [75.27112245593676, 12.0244865414208], [75.28309142602862, 12.023270130112493], [75.29109942929526, 12.015545248714304], [75.29592621302439, 12.015223502762467], [75.29395163096316, 12.020266056333512], [75.29625535050414, 12.024557470950597], [75.29263532206252, 12.027776241680286], [75.30184984229655, 12.021875261833927], [75.29949402772726, 12.02842056725541], [75.30385184288835, 12.032223462942554], [75.30777382859938, 12.046551704597576], [75.30722522776219, 12.031531333904027], [75.31479334833446, 12.044083953211938], [75.32280182824186, 12.043440341698428], [75.32740926732393, 12.03539371524785], [75.3321266170498, 12.038397669416995], [75.33406102639535, 12.04504954809829], [75.33903777567289, 12.045586108811932], [75.32894504048133, 12.033569812796657], [75.32686066648668, 12.034106254799909], [75.32137572740803, 12.042796611474543], [75.31490314026772, 12.042045474319224], [75.31095504723774, 12.03163862212483], [75.30130136016973, 12.025630354956945], [75.3033858537743, 12.018871307664782], [75.29943645043195, 12.013292312989918], [75.31935656055694, 12.01203811126993], [75.32368004319952, 12.008786201422126], [75.33160984501845, 12.011388301628898], [75.33366274813741, 12.007176756702052], [75.32905542866516, 12.006855010750215], [75.32828760189145, 12.00996625403944], [75.3256547448706, 12.007284044922855], [75.31399500396643, 12.008191942903906], [75.31534302206288, 12.003958225192036], [75.3097484115601, 12.002241611860995], [75.29768145043866, 12.0035289526991], [75.29526805857407, 12.007284044922855], [75.29219651225927, 12.004172801633544], [75.28572464008013, 12.016081810327307], [75.26818001269757, 12.020641207625687], [75.26548516720683, 12.007116556084313], [75.27901685234596, 11.991468310214387], [75.27289187925689, 12.00342166447831], [75.27881407770766, 11.999237537182651], [75.30656564249054, 11.955642462129973], [75.3079208137946, 11.949337720859234], [75.31552100149318, 11.948661803899228], [75.31404042242761, 11.954262256398053], [75.30693364147444, 11.960248947031332], [75.30495965476436, 11.968842744397236], [75.30969750903293, 11.966138958746043], [75.31772792340504, 11.95132696636648], [75.31709670994533, 11.943769455096358], [75.33556103711223, 11.94353485075284], [75.34315097343884, 11.9368003603484], [75.35713934870213, 11.931210636761563], [75.36144161184095, 11.93362295663421], [75.36174857653575, 11.941045641543155], [75.38168156135501, 11.968660354691679], [75.39803624177918, 11.972031235852896], [75.40252077591325, 11.97960364799006], [75.40241122230023, 12.000524878920132], [75.41132664690733, 12.01586556474409], [75.41951906695138, 12.01758384721684], [75.43169546117664, 12.015759944765719], [75.43800485104319, 12.022367834907726], [75.44307982877123, 12.02247607730925], [75.45597684345668, 12.013086557099015], [75.46130180393519, 12.006384373040433], [75.47078347227952, 12.00206422778193], [75.46087837253893, 12.004244447023694], [75.45606625045721, 12.011447906895484], [75.44410777095689, 12.01983022688357], [75.43312144240068, 12.014472365607233], [75.42763614629123, 12.013721347162559], [75.41919004908155, 12.01565265654493], [75.41238892071217, 12.011039256756334], [75.40548205365397, 11.999666571355277], [75.404824137524, 11.974239349366528], [75.39614772753569, 11.969625949577946], [75.38431394083571, 11.956536650845848], [75.37586855858726, 11.95492744444607], [75.37367725340258, 11.944520353931281], [75.37885236704321, 11.937364339592676], [75.37941181640232, 11.929832577711394], [75.38716566586285, 11.931431173909573], [75.38716566586285, 11.92789065812741], [75.39155232947647, 11.925745010623828], [75.3894686695435, 11.91523075059871], [75.39319717870697, 11.918234825277068], [75.40065443535391, 11.916732668777698], [75.39922881116073, 11.912655830602205], [75.38870096237954, 11.911368250544427], [75.38453376302292, 11.914265155712442], [75.38552093534301, 11.92327725923819], [75.3792699573427, 11.923599243510324], [75.37223994701603, 11.938426375077213], [75.36318194838836, 11.928234100223605], [75.35866415462712, 11.927289843551463], [75.35317206413956, 11.930975318356346], [75.33781754944042, 11.929821848799321], [75.3039727207645, 11.944219947092947], [75.2971620559841, 11.939102411647056], [75.31862401958293, 11.915593862666682], [75.31832933423144, 11.905500054583896], [75.32488274614192, 11.903788804809565], [75.3315323594309, 11.897242546106725], [75.35191750538863, 11.871082663534125], [75.35545790156104, 11.860272764876228], [75.36716461225708, 11.850941062080409], [75.37400126474674, 11.852329253792036], [75.37515985953999, 11.857678174907932], [75.3836474415763, 11.856547117355603], [75.40511214720797, 11.837747454581447], [75.42412245278913, 11.812076568478929], [75.43513894100946, 11.805839061423612], [75.4460314513905, 11.790607571282465], [75.44772112373104, 11.781623005897103], [75.45433211293673, 11.778592228548632], [75.45947241741825, 11.778519034525885], [75.4613957408209, 11.782772540920092], [75.45975530186584, 11.807204008358383], [75.4635971786669, 11.798273444563861], [75.46368205578236, 11.784582853715847], [75.46061003192759, 11.776871204042877], [75.45548701241577, 11.77663040157185], [75.45338320766902, 11.77067565935431], [75.45966887431914, 11.765642046843055], [75.47005248083738, 11.765633105783252], [75.47286236310768, 11.774129271848523], [75.48051774489815, 11.779317378894007], [75.47898685955593, 11.78890764757], [75.48655664927006, 11.791693448693735], [75.48449897794555, 11.795786023206446], [75.47510075589528, 11.799435258030812], [75.47473585597513, 11.803334474706304], [75.48792481397905, 11.796076774923279], [75.49998927138782, 11.797843337500126], [75.50039565523545, 11.793286443014992], [75.49666571615003, 11.794914125986153], [75.4938024285394, 11.790135026110576], [75.490117549985, 11.791797279920559], [75.48484420789399, 11.78804755215289], [75.48401701417393, 11.784505843869624], [75.48781895657967, 11.783104539143224], [75.48404514766551, 11.773190974983606], [75.48105275607983, 11.774504781070902], [75.47526371484864, 11.769618868715938], [75.47245860078388, 11.771015048205996], [75.4747594595814, 11.768610358181562], [75.47193205312178, 11.769425750098307], [75.47757673248029, 11.76511597672102], [75.48794615309251, 11.766245841772232], [75.49262690580716, 11.75804674606053], [75.50727725044479, 11.764456271839535], [75.50753343132286, 11.761465549395623], [75.50491380692674, 11.76298105723005], [75.49127280739421, 11.756436228449246], [75.48531174654002, 11.76514005696815], [75.47234332568408, 11.763363838370523], [75.48290324249078, 11.753328323443455], [75.48534882109138, 11.746556043526695], [75.49275493599166, 11.742277980244666], [75.49763870256416, 11.732285737996463], [75.50266671139971, 11.734301924494304], [75.50767803151601, 11.731841325416923], [75.52427637605408, 11.707066178461432], [75.53133714229543, 11.704246878490707], [75.53451836093373, 11.70923364171928], [75.53905904334025, 11.709923267045198], [75.55448472499015, 11.702730059444704], [75.56077313457254, 11.696874618568799], [75.53699302630716, 11.708907246272531], [75.52994275065751, 11.702365755775062], [75.56062996430151, 11.642157673637826], [75.58831942100457, 11.56905663005952], [75.58579504470563, 11.586216450129129], [75.5907111167248, 11.573218226639938], [75.60839533777474, 11.564338803692891], [75.61258995566206, 11.567294478657303], [75.62004971512235, 11.565109849140285], [75.62578034358799, 11.557632565490621], [75.6199964284925, 11.55316543593618], [75.6215329166109, 11.544326066994486], [75.62905955325587, 11.537444949325035], [75.641414881092, 11.534836650091378], [75.63027572624381, 11.534379362817376], [75.62057554692402, 11.542430758372873], [75.6176555156895, 11.554718255742955], [75.62290084389898, 11.558554529767804], [75.61627340339496, 11.564155459806685], [75.60208487501703, 11.560751319018223], [75.59317731857848, 11.568630934170315], [75.59933722043641, 11.544047117080822], [75.59037589982805, 11.568603038999086], [75.59475553074324, 11.54840755466499], [75.61746704566778, 11.48939275776965], [75.6178569791164, 11.47641241550069], [75.62769997077712, 11.471924662693098], [75.63451945790675, 11.461483001339502], [75.64558875521689, 11.467743754071037], [75.65424060831751, 11.466007113737362], [75.66495382805684, 11.461174130082128], [75.67537713065016, 11.45021414716517], [75.68166184401892, 11.449204921669818], [75.70137023934521, 11.418754339441293], [75.73296582671153, 11.353028178207907], [75.73504340632823, 11.357025742943762], [75.7433477640881, 11.35574674601557], [75.74815881237939, 11.36333966269541], [75.74156904177792, 11.372291445993511], [75.74468731866497, 11.37894594709779], [75.73871290647551, 11.389987945487391], [75.739794969862, 11.391982078809946], [75.74347376810002, 11.389387369231812], [75.74304544888847, 11.400936126601081], [75.74604475536134, 11.400638103865433], [75.74826574356936, 11.407465338654504], [75.74529385562695, 11.41483116122913], [75.74906265711596, 11.419291138475316], [75.74831283117234, 11.42174935345001], [75.73739492933257, 11.422367572605424], [75.73189330063533, 11.429383754956362], [75.72497713548657, 11.428348660462333], [75.72980201265287, 11.43204104925509], [75.72720980678722, 11.439354300160844], [75.72887206059718, 11.448631644334966], [75.73159730407244, 11.447663069095398], [75.72950124698505, 11.439241528773593], [75.73823380434672, 11.425781249804828], [75.74481594599925, 11.423386335411095], [75.74611914188503, 11.42703902722944], [75.75306224802446, 11.428916454630723], [75.74809074359305, 11.424499869673326], [75.75304937333001, 11.422792315213186], [75.75857424770348, 11.413012624133373], [75.75163686305095, 11.417763113876731], [75.7482415437124, 11.414772153112423], [75.7522747512788, 11.408495307012828], [75.74752295032405, 11.394378424025092], [75.75235855550298, 11.391986012444605], [75.74734365968223, 11.390436530021887], [75.74912035492056, 11.382084965948508], [75.74548840506591, 11.373906850520811], [75.75478446503118, 11.362243652622496], [75.74712586366778, 11.357654213471207], [75.74541437647244, 11.347375869900546], [75.74135255787431, 11.353690743832843], [75.73596954345967, 11.354002117903462], [75.733989715653, 11.334658145856807], [75.7371890547312, 11.324094772056142], [75.74774217626057, 11.318239450790074], [75.80244970349113, 11.162386656019464], [75.80899143230889, 11.166096806422544], [75.81434035342468, 11.179099440187073], [75.83374917468481, 11.182677150130402], [75.83571517451585, 11.18667984010267], [75.83332884325162, 11.193244934206405], [75.84043157096036, 11.210535049852737], [75.85506093531407, 11.210130334247609], [75.86346054117112, 11.205714464251187], [75.87542414680698, 11.217434644992935], [75.87689542778182, 11.223768115106452], [75.88752853861124, 11.229953170102789], [75.89597904699556, 11.230653643950603], [75.90039467777231, 11.243697047580753], [75.91543996328372, 11.236948966621583], [75.92684984194668, 11.248079538340022], [75.9523574111657, 11.249856948539403], [75.92692315557926, 11.245117664348797], [75.91688513783893, 11.235240459779448], [75.90103507061204, 11.24109685393671], [75.89724004309349, 11.229386448825593], [75.8792653086472, 11.223045230153303], [75.87109422681723, 11.204821110106224], [75.85979235133604, 11.203596234378793], [75.85760915264044, 11.20742094492077], [75.85071682941825, 11.209471940577714], [75.8431687358486, 11.205459952514886], [75.83782744368173, 11.198573350779611], [75.83565163651397, 11.181465745347964], [75.8225016596239, 11.178167461958893], [75.81253194809105, 11.161978721740667], [75.81262004388, 11.159347057220941], [75.81808865037104, 11.161416649958483], [75.82219910610397, 11.15695416899976], [75.82685565986097, 11.161800742310447], [75.82812786061228, 11.158243178979589], [75.82263255145122, 11.156042575704333], [75.81646132443072, 11.1598061323472], [75.81090045019576, 11.157203435889912], [75.80826652028381, 11.16234886650706], [75.80171215509196, 11.158903837142432], [75.8149671557097, 11.147696018156736], [75.82502555838286, 11.125392556221541], [75.84614193410314, 11.143617034198854], [75.85123527059127, 11.143840908731008], [75.85812211064697, 11.138572812385448], [75.86177265668286, 11.129322052171062], [75.85780572915124, 11.131560563669183], [75.85765826731526, 11.136704444754358], [75.8480665687172, 11.142502546655265], [75.84130215606976, 11.138383865722872], [75.83568155785767, 11.126421332078849], [75.82530534286732, 11.122924566515607], [75.83799791377285, 11.091325879186059], [75.8562101124069, 11.020633339657024], [75.86142277723948, 11.018081903657034], [75.86425960050033, 11.006731748971148], [75.86531734442005, 11.013345718530203], [75.86755526056695, 11.00904405074236], [75.86637306216724, 11.005360960939697], [75.863233447066, 11.0053342582695], [75.86102545226291, 11.017236352076111], [75.85775685279665, 11.01837837686071], [75.91015970720483, 10.792922973216662], [75.91052556040646, 10.799818158081607], [75.9150322673253, 10.802642822508318], [75.90871262518752, 10.815556645522818], [75.91046345232652, 10.818202734268795], [75.90548002738146, 10.827817320612937], [75.90412604767906, 10.841061353998299], [75.90697050078805, 10.84083700192619], [75.90566456286942, 10.837524055990471], [75.91333162775257, 10.823800206414418], [75.91406071173262, 10.813503622794016], [75.91813254338226, 10.810026764623586], [75.91368615669089, 10.792971253320758], [75.95080995581489, 10.806570649316129], [75.96054720878678, 10.81429874938783], [75.96058523661944, 10.820840716525879], [75.96403396129844, 10.819791674446279], [75.96332645385277, 10.814929127377368], [75.94675123717988, 10.796346426046782], [75.92498672006118, 10.784352779457294], [75.91325974494143, 10.785923003843635], [75.93585777261828, 10.731446742673128], [75.93628120401436, 10.745768546980955], [75.94341111193327, 10.751808762564394], [75.93882024286009, 10.759382963453106], [75.94287383535928, 10.76203751571883], [75.94059586520703, 10.758561730439595], [75.94538605192488, 10.752510070983021], [75.93910563012085, 10.74699687970228], [75.93750000032489, 10.727678537434628], [76.02334511268683, 10.536056280273215], [76.03383946441986, 10.514266729625959], [76.03956365553839, 10.509792566473891], [76.03110754527714, 10.527854442528607], [76.03247332588344, 10.537310957734618], [76.03432786463932, 10.534866452025199], [76.04838085169504, 10.535442948033733], [76.04759383159015, 10.546875000381078], [76.0366015432268, 10.567149401124055], [76.04194533820689, 10.571566224401835], [76.04177343819376, 10.575452328062568], [76.04755544672659, 10.567160606676723], [76.0422780513911, 10.56695020219017], [76.0412724016002, 10.563953161109623], [76.04974496405893, 10.546636104472697], [76.0600589513596, 10.542780160476056], [76.06305575411986, 10.546288252101249], [76.06779956819562, 10.544026374417697], [76.06310617910688, 10.535725951191793], [76.05275487893468, 10.5432273150886], [76.05334424963749, 10.536842942447905], [76.06263780589015, 10.533839940660755], [76.07394504582729, 10.512871742636918], [76.07616424528376, 10.504775047330611], [76.08065533637469, 10.502684116378944], [76.08350265022719, 10.50891113284257], [76.09233212482783, 10.509422421707413], [76.09590435070524, 10.504477858266597], [76.10715460779906, 10.504547357874344], [76.10809731493916, 10.502950906559121], [76.08478164715532, 10.50403583068912], [76.0875271559535, 10.499528527519658], [76.08524084099204, 10.489588141079906], [76.09422683719882, 10.474484801632372], [76.09309267968356, 10.462723016454106], [76.09335887451257, 10.47489523872433], [76.08383262137849, 10.490529537008584], [76.08515155360132, 10.501305461078275], [76.08054852479475, 10.501386642879368], [76.07987034334181, 10.49782216556055], [76.07561254538282, 10.499523759314101], [76.05969333647838, 10.533928156059659], [76.05454945539313, 10.534587145080692], [76.04956912951181, 10.531043529335506], [76.03904891057877, 10.532580852924113], [76.03471362613303, 10.529581308130943], [76.03464043121099, 10.525369524883715], [76.0409822461339, 10.517493009694746], [76.04263985134813, 10.508428931649902], [76.0402770040806, 10.50484836096311], [76.07276177363704, 10.44255804971425], [76.09956955928774, 10.380424975931973], [76.11830091495543, 10.327741980907717], [76.14435017102372, 10.234299779011607], [76.16335880746303, 10.182157635366679], [76.16628015080838, 10.183790445372821], [76.16536724540217, 10.18760943442794], [76.19115841402962, 10.194964528090594], [76.1974374059117, 10.200085163499537], [76.2113784552516, 10.195312500071879], [76.21433615728799, 10.201911807084286], [76.22112822498761, 10.20559596977823], [76.21143400637445, 10.214221715559773], [76.20038366317564, 10.238783359864243], [76.19984257257673, 10.257464170035448], [76.19638383394684, 10.259425639981373], [76.19225394746186, 10.256509542381536], [76.19346106067943, 10.25891494736696], [76.18372821798292, 10.265444040710008], [76.18824386596177, 10.26288676271406], [76.19232737980482, 10.269920348745174], [76.19218540203482, 10.26434135407031], [76.20339024066723, 10.257672548349518], [76.20126247438381, 10.255767703316963], [76.20459544642287, 10.246761560497632], [76.20218574987248, 10.24819290617775], [76.20176780254215, 10.245373725816847], [76.20482265923837, 10.243286848109676], [76.20177435859986, 10.242414235928322], [76.21629691137346, 10.21455883991861], [76.21684515517993, 10.217729329644925], [76.21983182437933, 10.217485546820598], [76.21739137191443, 10.223377108966474], [76.22439694406384, 10.223543524913808], [76.22344827621706, 10.229549169658512], [76.21775651015494, 10.230591535171257], [76.22610056398995, 10.23728382578804], [76.22302854103444, 10.244251251394203], [76.23057055428765, 10.245197057598219], [76.22689735882616, 10.23696577515048], [76.22881257573985, 10.23449254059831], [76.2251749034991, 10.23303842588274], [76.23013520237785, 10.230842113272999], [76.23395085314948, 10.234809160414443], [76.23486351933607, 10.232552051835825], [76.23081004644658, 10.231081009181295], [76.23449706988387, 10.229946255415413], [76.24126374702436, 10.23643636674501], [76.2441213131481, 10.2509952782096], [76.25627076638293, 10.252952218270352], [76.246230959891, 10.248722434193041], [76.24868655244259, 10.245585561124813], [76.24499332907894, 10.240196466393897], [76.2504494188058, 10.245020747309724], [76.26044082648306, 10.238077640270987], [76.25092017612533, 10.241398453475853], [76.24372470403196, 10.233060955698619], [76.24654614888581, 10.231554865564675], [76.24626743819178, 10.228354811525406], [76.2416621448921, 10.222497224867112], [76.23707425617206, 10.222077250464835], [76.2314504383871, 10.213578701196155], [76.23369657973345, 10.202696919727089], [76.22598254685707, 10.204188942665624], [76.21466875086233, 10.199667215269827], [76.2153476472761, 10.195312500071879], [76.22421765342202, 10.187083125086232], [76.2438498734729, 10.179373740805588], [76.2652467486387, 10.162476420250641], [76.27390635029784, 10.150141120316519], [76.29351556299295, 10.138295650523915], [76.31528711281007, 10.15046227001784], [76.32378864333131, 10.152838706940827], [76.32949542987026, 10.151756167812977], [76.33804345174397, 10.142707347666018], [76.34117734445894, 10.12630343475577], [76.35070025930966, 10.125249147830004], [76.3617421389886, 10.113768338737884], [76.367865442936, 10.11387503160745], [76.37176024933612, 10.117615819214762], [76.39040315128446, 10.124970554947197], [76.40421962743395, 10.122180342648747], [76.41530466108136, 10.115485072578124], [76.43626463390578, 10.123249650051363], [76.44470632084014, 10.120103359282652], [76.45147466622288, 10.1216793060552], [76.45607161561273, 10.13312137145418], [76.44884395588386, 10.138177275460919], [76.44762015304767, 10.144741058353247], [76.43018794092077, 10.144431352524975], [76.42822742425639, 10.14992773547668], [76.43144142588116, 10.155648707921614], [76.44442677467597, 10.166062712424278], [76.45968115346258, 10.17200076592269], [76.47105371925389, 10.182968735718632], [76.49256682370012, 10.185197830415632], [76.5030547380857, 10.182531356736803], [76.51438713116127, 10.191844821281535], [76.51118052016491, 10.184663176264635], [76.50271916415821, 10.180712342100989], [76.49198687069762, 10.183228015660504], [76.47024440765333, 10.180604100598828], [76.46102464167402, 10.17052400088204], [76.43450951610143, 10.154967427404898], [76.43146193042375, 10.145966052791138], [76.4506676200148, 10.144816756088431], [76.45031905178283, 10.138324141945674], [76.45772075640795, 10.134085178488277], [76.4571882489387, 10.12773907200068], [76.45036697395679, 10.119361520218078], [76.44390392322751, 10.11858880562896], [76.43556094138435, 10.12160635035292], [76.42403566801178, 10.115204453522836], [76.41244304171315, 10.113311529003937], [76.40395844003015, 10.119669079364584], [76.39014887786854, 10.12213754661056], [76.38131177431907, 10.119309901830547], [76.3713916541017, 10.111012458957859], [76.3501061204012, 10.113866210157568], [76.34705901136445, 10.110718130637295], [76.34829986085, 10.106445073881133], [76.34403133397902, 10.091975569417116], [76.33698165457977, 10.09282517424245], [76.33128452316228, 10.081164717477847], [76.32009065176217, 10.082278966700969], [76.31170952337587, 10.075796603930215], [76.3043894771927, 10.075802445026895], [76.30068993609169, 10.077770471929853], [76.29379904279168, 10.094334602659899], [76.28527367124306, 10.09448361402768], [76.28399515185484, 10.08775126940563], [76.28672111029115, 10.081788540308935], [76.28147482880033, 10.069610715262343], [76.28068840494595, 10.048013210341423], [76.27732551066387, 10.044999242221365], [76.27279627302968, 10.046158313655312], [76.27317583549646, 10.042188525380226], [76.26898765585568, 10.041126012355633], [76.27464616318994, 10.025747656629107], [76.28711354745232, 10.026371240240607], [76.28107476269022, 10.020165562890483], [76.27206015545195, 10.025849819613569], [76.2693058252037, 10.031130910263343], [76.26675367334346, 10.029066324051655], [76.27621054647969, 10.001988172516235], [76.27625250794696, 9.997034310984759], [76.27030634885901, 9.989189624601522], [76.294662833523, 9.938204765437646], [76.30419707263687, 9.925441741643098], [76.30052614256752, 9.936827063418235], [76.30425834614587, 9.93616545197412], [76.30509305010426, 9.945254921477499], [76.31167662167886, 9.94813704448903], [76.30557155598265, 9.943307518727067], [76.30404675005755, 9.934615850840927], [76.31367874188047, 9.915286660051379], [76.31374084906102, 9.908302069085252], [76.31790375685298, 9.902703046508478], [76.31720173347324, 9.894529342255396], [76.32161355022524, 9.89211046722437], [76.3189270495437, 9.88871336003362], [76.33055114761746, 9.882151603313943], [76.33542323109734, 9.884029865286124], [76.32934725307334, 9.902910232321432], [76.33591842659419, 9.895525812666207], [76.33486437798874, 9.889271258961472], [76.33962011347754, 9.884513855230338], [76.34329044819563, 9.885146379901641], [76.34091353373267, 9.90340673902989], [76.33622670160113, 9.903435230451635], [76.33240735551519, 9.914049148849244], [76.32396912557479, 9.914471269033925], [76.33604824553024, 9.91588044192892], [76.33708012135068, 9.91936385615709], [76.34022545793866, 9.919303655539352], [76.34402775737513, 9.916438460466608], [76.34428524946483, 9.910434245643941], [76.35155785101406, 9.912328839304564], [76.3569246533502, 9.907005309647374], [76.37734425053677, 9.864400148048489], [76.37959682923045, 9.85378634926063], [76.37195634830695, 9.849022746502598], [76.37168407406088, 9.842490554095889], [76.37757384745512, 9.843300342336974], [76.3769896028879, 9.846097826553518], [76.3842116598403, 9.844136237897118], [76.37997055060058, 9.841009855420566], [76.38641691171117, 9.840084433250112], [76.38714694987195, 9.833607077904432], [76.38272523877887, 9.833981275915221], [76.38321065864503, 9.82876610737003], [76.39502775662581, 9.81821191294948], [76.38161051291499, 9.826775074010513], [76.38318645968744, 9.819859623822651], [76.3899765012147, 9.820160508200942], [76.39065253778452, 9.816825151159819], [76.38031137027369, 9.804144025026815], [76.37674331635114, 9.794537544272302], [76.37437152892292, 9.794213414217765], [76.37426841265724, 9.798064112468879], [76.36807405957026, 9.790760516684543], [76.37437164763347, 9.777829050770194], [76.37380897960085, 9.77227687837528], [76.38640391830634, 9.759031415067781], [76.39034736184144, 9.746508478783298], [76.388930201168, 9.72090756892922], [76.38286256795325, 9.703531861206528], [76.38783085371094, 9.70064306252742], [76.39588713618255, 9.701709747506868], [76.40250301320353, 9.69606900178303], [76.40690171694078, 9.699713826332129], [76.41397082799145, 9.696300506163496], [76.41300320603321, 9.682984352545859], [76.40426063561986, 9.666547655749781], [76.40807414060916, 9.66646516363646], [76.419001221829, 9.658393859788873], [76.40496432814135, 9.664595246473482], [76.40273165684053, 9.647655010270611], [76.4178483485226, 9.642301559269626], [76.42138802973395, 9.650127529861635], [76.41956722724578, 9.64182031135833], [76.42095971142166, 9.645070076323009], [76.42563235764734, 9.641362428733174], [76.41981005678875, 9.64110815531717], [76.41752231100597, 9.633618831543927], [76.42309606083464, 9.627951026119035], [76.43012285248776, 9.610850453385794], [76.41609036907542, 9.565966605774321], [76.41841447354918, 9.559264540426199], [76.42847025379919, 9.554694175895634], [76.4395568369786, 9.554516553496185], [76.4400464296991, 9.560358524326475], [76.4492508172714, 9.558958411201829], [76.43971240530331, 9.551409006420613], [76.47912943337676, 9.538287043412424], [76.48744130137507, 9.542211056195399], [76.49174904857986, 9.536005854586591], [76.5021208523955, 9.530876755657815], [76.48088884364532, 9.528558850210857], [76.48039972756553, 9.51115322114427], [76.47899031635015, 9.528772115440859], [76.44306325946198, 9.527656436295615], [76.44194138039055, 9.51120495824226], [76.437999725607, 9.52029097075183], [76.43508946910387, 9.518925070535616], [76.4340270756891, 9.527366161219376], [76.38333964390952, 9.526172280626326], [76.38295710108937, 9.506384610961106], [76.38250577452195, 9.515853047580208], [76.37468922163035, 9.522629619061775], [76.35737276034476, 9.52541184448107], [76.35340106460748, 9.539786219558493], [76.35972404502868, 9.575012803498112], [76.36746060862029, 9.583510756516276], [76.36407864061678, 9.598276972504365], [76.3673064711169, 9.61086952710707], [76.38095617338885, 9.63273131849563], [76.38216924641372, 9.651906370882429], [76.39137911805201, 9.659448861675699], [76.3938878776236, 9.67595100393575], [76.39800202867079, 9.675285815887733], [76.37210273725165, 9.685083150766843], [76.36110901806686, 9.699986577218809], [76.3665771488165, 9.71219241614719], [76.36667394644562, 9.728328943526037], [76.37219226386205, 9.738131761571594], [76.36754274370267, 9.761285066652519], [76.36883211161282, 9.773824929976598], [76.35990142820847, 9.798069476924866], [76.36728167500942, 9.812026857953228], [76.36471974841768, 9.814596414393122], [76.36961555511382, 9.814529776428103], [76.37079167409664, 9.819986939046075], [76.3672400714722, 9.822754144887966], [76.36155140357457, 9.820196748181473], [76.34925961463964, 9.82784974586913], [76.34193956845647, 9.836648106624907], [76.33747494261465, 9.864380240655692], [76.33025467351442, 9.872478127563568], [76.32076823696471, 9.870884061250479], [76.31852447972105, 9.84374999976275], [76.32285225392852, 9.836343765252636], [76.32277691322398, 9.827990650748006], [76.32830035677611, 9.824107765760871], [76.33035755145997, 9.828811765050958], [76.33623051652515, 9.80905544755096], [76.33013617974106, 9.804459333631371], [76.33766210052559, 9.786176442888603], [76.33668482344595, 9.769527554652996], [76.34150624271902, 9.762135148118716], [76.34204387632397, 9.7564748529322], [76.34631383401629, 9.750415563627485], [76.34623432135689, 9.733120203134916], [76.34989261595152, 9.724697231991684], [76.34777975053512, 9.711843729204844], [76.34145844015498, 9.731828331512347], [76.34054112447345, 9.762352824523347], [76.33298265902258, 9.773351908164116], [76.33489847218678, 9.779577612516874], [76.32771027111224, 9.78833735008871], [76.32581746620323, 9.805099248931242], [76.32193446160616, 9.807643174692842], [76.3218239547119, 9.83412253872423], [76.3168927435054, 9.84569430344942], [76.3194396496202, 9.875980019262585], [76.29579496396653, 9.889697313680173], [76.29705166849985, 9.858942866719971], [76.30291235422183, 9.853669047088914], [76.29914855925873, 9.851280331721995], [76.30275130273057, 9.847286343589943], [76.29982745657188, 9.84374999976275], [76.29939436915484, 9.84960365278647], [76.29135680157523, 9.849622249866968], [76.29404211065489, 9.838028073137167], [76.28483831843371, 9.832784175749211], [76.28369414786673, 9.850284218342026], [76.29720354061092, 9.853422403521222], [76.28742277664, 9.898548841455906], [76.28639996058976, 9.90070760287361], [76.28245174884924, 9.898674368827159], [76.27967464956558, 9.888012528255672], [76.27913570384979, 9.8929929737468], [76.27596783654647, 9.893914223063021], [76.28109324016097, 9.871915340820408], [76.27743184560322, 9.869256854020634], [76.27397477611512, 9.874092340489199], [76.27485203779148, 9.868148445894107], [76.26985216154813, 9.866231680347823], [76.25849711904695, 9.89944350681246], [76.25761735455731, 9.915596962130167], [76.26568245847884, 9.896763205157882], [76.27030324979526, 9.90294837976397], [76.2665138241538, 9.912373304484461], [76.27321851282417, 9.899888515642601], [76.28675615777055, 9.902194261356158], [76.28644156412699, 9.908649206495795], [76.2921371460125, 9.908359051029478], [76.29360675784571, 9.902371406215465], [76.28958356423018, 9.906161904748217], [76.29038882258621, 9.898539543365331], [76.29652297505535, 9.892938852546123], [76.29537570452524, 9.918092012436531], [76.26581215870422, 9.934391855799575], [76.25984776046593, 9.962050079947332], [76.25320935272961, 9.969575643701006], [76.23933947123962, 9.967024206801739], [76.2369382382092, 9.962670564494985], [76.25843715674947, 9.890174270026591], [76.28329896957192, 9.751289605730804], [76.28663921352896, 9.749353528142862], [76.28399920420006, 9.744602680469384], [76.29621720286175, 9.620665549875312], [76.31063640104921, 9.524284958883783], [76.33333957206375, 9.433018922984942], [76.35227465655024, 9.37751317009679], [76.46166825318736, 9.139528155400143], [76.46789944160602, 9.142662763975423], [76.46099281286811, 9.158966779293436], [76.45697700988117, 9.156048655521118], [76.45456480961835, 9.158550858135655], [76.45827341048962, 9.163290143225623], [76.45169043516549, 9.177884936740512], [76.43986415870407, 9.189876079617463], [76.43852222002451, 9.20331323162037], [76.4310921426883, 9.224462747357947], [76.42082893830488, 9.24156296216104], [76.42284393320105, 9.245642543268815], [76.43186295071476, 9.230494618132184], [76.44053745234172, 9.230386614950405], [76.4425828461215, 9.200627565509805], [76.45807385452488, 9.16733121896064], [76.46730005785147, 9.157896876539667], [76.47101664560174, 9.142310142499142], [76.47401034839893, 9.14260470824081], [76.47890234017089, 9.154250025818072], [76.47605574127945, 9.166484236558375], [76.480259775968, 9.171100020449657], [76.482532501274, 9.168794513056397], [76.49054014661058, 9.17009782765274], [76.48024463678067, 9.165025353637247], [76.48506414859165, 9.138335108478529], [76.4839359517828, 9.12672376638875], [76.47979354853354, 9.127055764611896], [76.47740650140898, 9.133209466543732], [76.47373521340953, 9.127690434166311], [76.47646307930782, 9.124375105027184], [76.4724936489628, 9.122795343330523], [76.47130811227956, 9.129628300505715], [76.46698617916897, 9.131456851552556], [76.46927452120227, 9.136411667264682], [76.46363580255033, 9.13421571258516], [76.51786601550438, 9.0191999673047], [76.52078342431562, 9.005671024198463], [76.52281081636622, 9.006353855146415], [76.52146804311585, 8.996382474471659], [76.53509187728847, 8.947365164670686], [76.53546941268334, 8.93565714366234], [76.54671096793695, 8.93614017942582], [76.55355584652514, 8.946754336143727], [76.54978024975887, 8.953610300674924], [76.54646563558063, 8.951862454788511], [76.53424155750199, 8.960100531614273], [76.54408073423863, 8.9620894191914], [76.5464965102058, 8.968746542718847], [76.55511462703842, 8.976170778059043], [76.56632113481263, 8.979249357971554], [76.56773185723958, 8.985811114691217], [76.57103085558956, 8.977420210674197], [76.55750334240545, 8.973733663877553], [76.55414414433685, 8.971081614425074], [76.55583190921536, 8.966042757067655], [76.55921185014685, 8.966924071089068], [76.55721592897211, 8.964061618049314], [76.54746305927281, 8.962544679393474], [76.547456860246, 8.958181738996146], [76.55460965591092, 8.955158710206362], [76.55913865522493, 8.956991076177232], [76.55604767815791, 8.952813267518295], [76.55719017958327, 8.948974251460626], [76.56630992925997, 8.953554272911433], [76.5703124996223, 8.96484375033883], [76.57737374340363, 8.97311770921499], [76.57529556753641, 8.978120446201714], [76.58142066023541, 8.983014940786887], [76.58558094470496, 8.994516968483396], [76.59455835778206, 8.995072245887542], [76.59556174308008, 8.984137058178788], [76.60435295062828, 8.989984155144683], [76.60693955461679, 8.988404035517888], [76.60764753780379, 8.97848224615882], [76.60403835788398, 8.973987579363353], [76.60742235206001, 8.970580101190748], [76.60702180840988, 8.964704155772253], [76.61407327656062, 8.963029742228883], [76.60723733903214, 8.957826376386237], [76.60856485348532, 8.953451633286363], [76.6004147528387, 8.958333611107307], [76.60388100170698, 8.963011503078505], [76.5994323496233, 8.965281605961422], [76.60384094680236, 8.970897912608649], [76.59836375718166, 8.973655342819924], [76.59410870035637, 8.96892035019411], [76.5976729393548, 8.962405920297073], [76.59416484862899, 8.949639201188262], [76.58991003012389, 8.951082468281385], [76.57033753405008, 8.92902731905562], [76.57570827002078, 8.928527355353182], [76.58032166980936, 8.9335929153808], [76.5896866322324, 8.936176538116811], [76.5898033381537, 8.944182873141187], [76.59416496733954, 8.937193631780772], [76.60085535049413, 8.937433719290823], [76.5915335420394, 8.935068369209958], [76.59075832373773, 8.929476261520335], [76.58230817328374, 8.930036544550973], [76.5817581416251, 8.925585746684973], [76.56855916967007, 8.924496770209842], [76.56618857384373, 8.920895219239057], [76.57438147052855, 8.905758619264915], [76.58687424624955, 8.918089032283092], [76.57736694812624, 8.90706610671549], [76.57994174941237, 8.904044270426823], [76.58948564544627, 8.90696787826505], [76.5913931129019, 8.916215300196], [76.59542405597554, 8.911698341005675], [76.59891414677051, 8.912685156294984], [76.60822665713468, 8.92788970454626], [76.61883985967191, 8.931211232712286], [76.60983037946855, 8.920794367466172], [76.61482024176078, 8.90773606296898], [76.60587096217532, 8.912914753213357], [76.59248495101977, 8.900460720286105], [76.58477485177806, 8.903694868523417], [76.58288335808058, 8.901175975391027], [76.58751654655148, 8.891496300613838], [76.5829031467629, 8.893017530834385], [76.58074843858961, 8.902271270502794], [76.57649564715646, 8.904003500561203], [76.57156670134228, 8.896635055563408], [76.57096767461852, 8.90840697250384], [76.56271815302048, 8.923712968778531], [76.56513845887278, 8.93143785017672], [76.55602395494171, 8.935358166746056], [76.55796074838989, 8.938487172545052], [76.55366754502128, 8.941313743534494], [76.54877495789802, 8.932577132928415], [76.53534066663858, 8.932863354760073], [76.53921186943236, 8.931344509541589], [76.54633915402874, 8.902825475015746], [76.56565570844421, 8.879489660619427], [76.58332252491468, 8.870020747359646], [76.56807804136858, 8.880115151692948], [76.57239723244643, 8.882181048216836], [76.58148586737892, 8.880234122107083], [76.6070822473479, 8.862168550738104], [76.64051055951481, 8.825601458940255], [76.64900827421255, 8.809997320320178], [76.67937624471804, 8.77314376837029], [76.69978856998668, 8.737464547550871], [76.9632935519559, 8.417187333428771], [76.97327017747679, 8.3967845436718], [76.96983480413306, 8.393829822888108], [76.97548294048536, 8.388479352240424], [76.97498595713623, 8.385179877249598], [76.9898220297629, 8.372815013002523], [76.98915147815828, 8.377102136954093], [77.00210845514115, 8.370957374283407], [77.00923252106404, 8.356690407036695], [77.01785087621712, 8.355739713017357], [77.06166923045063, 8.319308399962694], [77.08568501505144, 8.304026603544969], [77.08559346226863, 8.300614953417409], [77.16233491922125, 8.244422078016598], [77.16684460649347, 8.244721412863015], [77.18476390852769, 8.219503641180168], [77.22356522115817, 8.196411132967498], [77.23957407448407, 8.1762913463686], [77.26185762902637, 8.169699669204405], [77.29682743583763, 8.149143338194577], [77.3020881415546, 8.143248438664543], [77.30582654505915, 8.127822041154303], [77.31631576975704, 8.120818972717515], [77.32248187064195, 8.12211263219234], [77.32465815534968, 8.126211643152871], [77.33472824111558, 8.125784635152883], [77.43411254885521, 8.097153902130884], [77.52584803086208, 8.081441402398909], [77.53174352664254, 8.0771757362713], [77.55123186146133, 8.07664334751253], [77.55273103670814, 8.0841133592442], [77.56612563099324, 8.092269778527552], [77.56528961672254, 8.09933090179969], [77.55906045447651, 8.096625447006872], [77.55955374251121, 8.119156360977314], [77.57604110261488, 8.13557255233151], [77.61078357700055, 8.149309157891395], [77.65043735519978, 8.16009712208455], [77.6577645536913, 8.157974004396848], [77.71628844755392, 8.165586233118262], [77.72369754280751, 8.17061281203172], [77.74619245511772, 8.17692625514269], [77.7546249626719, 8.183229445982178], [77.75197780103483, 8.185856461906269], [77.78146755658261, 8.200726628731005], [77.78425657727925, 8.207456946281113], [77.78215014921003, 8.220180869351665], [77.7993115188116, 8.23434114462819], [77.80399584812997, 8.247702717606359], [77.80321252333934, 8.239971518470895], [77.88873147947427, 8.27319014111221], [77.90083324885543, 8.285421251889304], [77.92796695241307, 8.297558546289935], [77.9535653594539, 8.31387865587537], [77.95696485074743, 8.323201655931683], [77.98231577875029, 8.34100902114946], [78.01066970854029, 8.350990533586312], [78.02307426886253, 8.358808755619634], [78.06705367548685, 8.370637655403584], [78.06732034695645, 8.374525546916502], [78.04975545425097, 8.380608320217902], [78.0559269186925, 8.38127863440154], [78.06554257882712, 8.420091747935885], [78.08899545707484, 8.454107761663963], [78.1216808554872, 8.484900474777177], [78.13035380848149, 8.497081637207827], [78.1259472365758, 8.502644658124552], [78.12252175847252, 8.521499753310962], [78.13867461664032, 8.58899092668996], [78.12844705598692, 8.612943768640022], [78.12795495955382, 8.63831233954292], [78.12111103514624, 8.622585177264213], [78.12614560093888, 8.617993354909501], [78.12109935295283, 8.612166166235596], [78.12387275692222, 8.612939357465493], [78.12486302830624, 8.60550630067533], [78.11701524285925, 8.604811429603885], [78.11711955072681, 8.60133552561409], [78.12259137589135, 8.598359465716825], [78.11193215864225, 8.599927425610304], [78.1164896484785, 8.607274651104348], [78.11097598055719, 8.612160443849476], [78.11034345588578, 8.60704445883475], [78.10478663399604, 8.604000806791902], [78.1059575081326, 8.594201922380904], [78.10236394404089, 8.595124840838736], [78.10200107119257, 8.592687845367891], [78.11292052256422, 8.585787415656796], [78.12411165193126, 8.592735647931931], [78.12344944513589, 8.597293734918011], [78.12782251819468, 8.597839951652517], [78.12885165198222, 8.60205960306827], [78.12849545480148, 8.596272945040411], [78.13131451645191, 8.597994208765826], [78.13598144029137, 8.592559337643351], [78.11933946604361, 8.588047266268333], [78.114619732215, 8.579816580071196], [78.10963714094137, 8.584769129491804], [78.10778844328215, 8.579769372858308], [78.09662973897136, 8.58130824597879], [78.09437930606023, 8.588309049922813], [78.09802675213305, 8.591959476348848], [78.09521484369017, 8.597726941045607], [78.1018501523628, 8.596745729431959], [78.10270023382881, 8.600851059029196], [78.09881031524398, 8.599112868264285], [78.09713077556492, 8.602533221131353], [78.10135197651263, 8.611710309783021], [78.10720562953625, 8.613695740366154], [78.10190236610148, 8.615024209000097], [78.10140645474425, 8.628450870411413], [78.10828185092677, 8.634123444941068], [78.10077583753494, 8.63946342499716], [78.10426127883503, 8.641966342572672], [78.11024105548043, 8.639575958064114], [78.11338174347273, 8.643273115062271], [78.11391246308986, 8.650841236533907], [78.10510122763961, 8.651410341014525], [78.10817754305927, 8.655677556673922], [78.11833894238842, 8.658012151739456], [78.11658775821857, 8.661130428626478], [78.12263524572009, 8.662135839197717], [78.11997830845232, 8.65880954282622], [78.1267898087028, 8.657987951882589], [78.12610447404231, 8.654090762278926], [78.12394654719552, 8.657003879525476], [78.12166535836965, 8.653450250728554], [78.12787163286967, 8.650846243059775], [78.13065373867923, 8.662506222284406], [78.12588131447123, 8.660499453487049], [78.12672364737855, 8.664185404932539], [78.13093113906083, 8.663689016934711], [78.13203215565952, 8.666483640407705], [78.13553857814301, 8.688418150077624], [78.14057946167296, 8.698242068017109], [78.15453135953467, 8.711902379591194], [78.15811073772053, 8.72887575671092], [78.1665591003223, 8.741511106452435], [78.18278384220068, 8.749412417748971], [78.19114887721904, 8.747800230995892], [78.19428634653778, 8.75247132768969], [78.21637380121004, 8.742522001089498], [78.22336494913313, 8.74592864469129], [78.22247743608492, 8.748329043150932], [78.21513843579024, 8.74520957466217], [78.21760416010395, 8.748998046123063], [78.21506845954187, 8.751530647621365], [78.2115652557321, 8.74760305913395], [78.20096993441499, 8.752050280396219], [78.19818556321329, 8.763078808740104], [78.23030531413903, 8.749022245080567], [78.22301197062606, 8.755821705207595], [78.19921255121832, 8.764365911257926], [78.19881570378178, 8.788635611344432], [78.19171690970765, 8.788624047861546], [78.19465374927128, 8.782193303478238], [78.19124734398977, 8.77897274489628], [78.19418513773397, 8.779763817346407], [78.19466722021608, 8.771316647245499], [78.19647705547177, 8.776357055034154], [78.19870305020564, 8.775274157076808], [78.19114220155146, 8.765527248084098], [78.18189191797777, 8.771226048643271], [78.18695211444859, 8.776466607747807], [78.18205821521454, 8.773682713186716], [78.17984545220597, 8.767486572247535], [78.16367745395146, 8.773668408570288], [78.15779364126362, 8.771042346826945], [78.15881204613916, 8.776780843461268], [78.16248154628639, 8.775076746894385], [78.16060793380919, 8.786702156179658], [78.16388595097598, 8.78442502059832], [78.16099035701947, 8.791391372413997], [78.1628537181247, 8.792835354468096], [78.1587716342037, 8.796965241852533], [78.15932035465082, 8.803411960893342], [78.16374456855706, 8.802393436408067], [78.16386747350523, 8.819943308636851], [78.16832780868154, 8.826903700645303], [78.16441857805498, 8.838527440788866], [78.16713798043352, 8.84418976304714], [78.16917514811476, 8.882439255267514], [78.17999732521642, 8.892995715080303], [78.17990565282363, 8.904665231615155], [78.18602037454079, 8.922004342326645], [78.20933413486259, 8.959411263319211], [78.23415005168354, 8.981751561485453], [78.26697087270762, 9.003193855112428], [78.26663744456252, 9.015552639942442], [78.26104366773117, 9.018685221445878], [78.26823282208719, 9.016018748666326], [78.27156984826993, 9.005334019449549], [78.28165400033194, 9.01401174064938], [78.2884882687188, 9.015758156613671], [78.34514141084745, 9.057497620918525], [78.3676291708496, 9.077953576796162], [78.36227846188152, 9.08678185979511], [78.36582195801705, 9.092189669417792], [78.36361670524687, 9.087446808623383], [78.3707648514168, 9.080956578583312], [78.41106295609072, 9.111959338252944], [78.45790207372178, 9.126361728111348], [78.48098075395879, 9.127101063463314], [78.48203265678185, 9.135149716985907], [78.48792207224588, 9.138829350694039], [78.48915147785848, 9.150194049216026], [78.4890960454463, 9.133258461608804], [78.48445737380891, 9.12784695667176], [78.5107090474846, 9.135015129844476], [78.53922772408023, 9.137209653702584], [78.56168663473048, 9.136336564880637], [78.57810962226128, 9.13120782388198], [78.5961203574686, 9.14403200157571], [78.61417114758055, 9.151928663377134], [78.65703403958926, 9.157835841351115], [78.65091252349427, 9.15942525906847], [78.64246964495831, 9.173675775916351], [78.64520180242127, 9.181284904674726], [78.6572034358899, 9.191679358815435], [78.67127633123786, 9.198305368497955], [78.7182523014026, 9.190071940267913], [78.71798682243391, 9.20022320783481], [78.7275184391248, 9.208499670423507], [78.75604200353573, 9.2157341245303], [78.7935067419427, 9.22872197613836], [78.80416870122465, 9.235839367293025], [78.81626677529155, 9.23668134227023], [78.83230805367387, 9.243255972784908], [78.8289165492595, 9.25450122335279], [78.83389520689829, 9.26534604988035], [78.83268213297421, 9.268888354414045], [78.83476567239788, 9.26443362201411], [78.8303271529758, 9.254540562397082], [78.8345319035246, 9.245032549312754], [78.85336875956077, 9.24845743206491], [78.87340426439536, 9.256411552451254], [78.90677845446211, 9.249646544452489], [78.92535090442087, 9.265579223402526], [78.95551216575396, 9.272335171630942], [78.99835324290794, 9.273337841068553], [79.06415760558914, 9.2608900071682], [79.09377431843009, 9.25979495037673], [79.14811325042623, 9.276419043404232], [79.19056582495298, 9.281629920384532], [79.16092443471504, 9.284221649609549], [79.14006412026302, 9.292318463626316], [79.13172686080603, 9.287223815926424], [79.10973751587372, 9.288533925800081], [79.06559085873127, 9.299415707269148], [79.03422212625028, 9.318576812969553], [79.00099563633964, 9.345016360416793], [78.99670302832217, 9.340594649323691], [79.00238406637166, 9.333115816142055], [79.00169026819142, 9.329216957396781], [78.99929380426582, 9.327576756762], [78.98749041555024, 9.32731735721029], [78.96667683167053, 9.335851311888604], [78.96927285156087, 9.337182879586308], [78.98774290111416, 9.328712463809254], [79.00168549998594, 9.330757856689829], [79.00174820431621, 9.333828806754113], [78.99387705358325, 9.340038656958484], [78.99608862409085, 9.348829269155488], [78.97061026125462, 9.372070312095332], [78.92709755870553, 9.422620653920134], [78.90181410323831, 9.466667413470432], [78.898220062506, 9.488674044271818], [78.90406894642487, 9.492977976552424], [78.91048181048731, 9.490866303637063], [78.91468763392723, 9.493752360283253], [78.91489934962536, 9.508494853954431], [78.92271900158076, 9.530648946591711], [78.9185775516128, 9.536723136763442], [78.91904985936358, 9.543292642041806], [78.92951953369962, 9.594139337460533], [78.93514966922194, 9.608230114028572], [78.95943272154287, 9.629766940791797], [78.96134805716727, 9.64208102212153], [78.96394574619924, 9.641311764526392], [78.96990776033496, 9.652472734229406], [78.97155594784883, 9.667405605384488], [78.98177385338064, 9.690305828651148], [78.99404525738274, 9.708302617172095], [79.01770055323803, 9.732841729862031], [79.03698134431355, 9.761743903458395], [79.05872464192876, 9.773778200303752], [79.06906151787481, 9.792014002544263], [79.07943403755095, 9.801204920071044], [79.08041751365747, 9.809598207291486], [79.08882474936277, 9.824358225152054], [79.10674095143392, 9.837083339824346], [79.12183511240065, 9.8547358516783], [79.12470674482043, 9.862557769025898], [79.11934542655021, 9.875682353557792], [79.12809872587556, 9.893956064920545], [79.15183174653797, 9.917065859002307], [79.15533185038473, 9.932213544919193], [79.19905304905907, 9.9713568688245], [79.20252585398512, 9.980253934671396], [79.22493624711015, 10.007967829551717], [79.24273943857432, 10.024991273728347], [79.26728880443491, 10.03830564039309], [79.25263166451984, 10.04838883917364], [79.25218200709404, 10.066328525241332], [79.24364960194762, 10.073179244926294], [79.23648715026192, 10.074416517808132], [79.2286918159746, 10.091965556365395], [79.22645092037376, 10.101131916105075], [79.22953677220428, 10.103930354502353], [79.2282675509069, 10.112665056747048], [79.23717725312784, 10.128657340963585], [79.23038005839308, 10.131102204603124], [79.22901284696545, 10.143605351305993], [79.23073601725352, 10.150199055542032], [79.23980605600477, 10.154440403102214], [79.24091053049673, 10.162661671598954], [79.23788726338663, 10.16867434994137], [79.24250805380379, 10.182702541788885], [79.26012396774698, 10.193169951632058], [79.28116166627794, 10.213699817392694], [79.28013384370209, 10.22037684921223], [79.27036654977653, 10.225278854035977], [79.26799654930144, 10.231809377300976], [79.29488635042489, 10.260356426607913], [79.30124294750411, 10.264786601220749], [79.30847275301525, 10.26438260057661], [79.31608402755583, 10.274787306988713], [79.32937932049938, 10.283424616253143], [79.347329020518, 10.286973953485173], [79.34766697854829, 10.295628071078738], [79.35116732161467, 10.28609514227702], [79.36599910267651, 10.292140841926368], [79.35860061672523, 10.301811337323358], [79.36949324581676, 10.294844627577561], [79.38578534152046, 10.316598654104652], [79.51209795485678, 10.309038639121908], [79.5179454088537, 10.315783023867525], [79.45713031311354, 10.320342540775727], [79.45875012881547, 10.326993823206422], [79.48043525198531, 10.324022651124537], [79.48658013336663, 10.32603240027511], [79.481141209899, 10.333206057513564], [79.46880102125024, 10.335704922744043], [79.46624517407562, 10.338910221629462], [79.45518744024824, 10.336355924886092], [79.45609927186408, 10.342042446102056], [79.45779860022529, 10.337816953589623], [79.4672303202232, 10.34006977060345], [79.47146844821035, 10.336665272784145], [79.48634445703121, 10.335572243064618], [79.48760247187667, 10.33010363567432], [79.49459254780797, 10.330585837766264], [79.49397301654162, 10.327639341282662], [79.48752593957047, 10.328009605658877], [79.49578130226533, 10.318648815190784], [79.49457144701469, 10.325863361005418], [79.49672806265008, 10.327916741664339], [79.49549317387104, 10.321346044784235], [79.50452935674454, 10.322005629156521], [79.50558483617127, 10.328342318843], [79.5017849208376, 10.333308339208585], [79.508018851289, 10.338280558600985], [79.51238310379725, 10.337401628682272], [79.5143766399701, 10.3338710072412], [79.51058495073497, 10.329840779128716], [79.51702845110222, 10.32733881483449], [79.52727603875834, 10.330197215529111], [79.52840244771485, 10.324373960489964], [79.52372324453214, 10.327760458378563], [79.51943194862568, 10.325043440102775], [79.50873744467734, 10.327687143846703], [79.50717926041463, 10.325063943746088], [79.52390801923977, 10.318295002112748], [79.5435428617138, 10.324103832026282], [79.53441214570407, 10.336155653061013], [79.543585657752, 10.33780407889516], [79.5402213335478, 10.338754176663983], [79.5382223133092, 10.346735835190714], [79.54289400535416, 10.339109420563432], [79.54256713416598, 10.345874071531256], [79.54574513413078, 10.347866774032482], [79.576352119255, 10.340752124910736], [79.58703017190501, 10.343341708353165], [79.59002470927302, 10.340008616704353], [79.58729696298454, 10.329383015214034], [79.58261072620414, 10.327875375548217], [79.5599000449512, 10.332380771255657], [79.55323660368632, 10.328781604387643], [79.5493233207147, 10.316784024163411], [79.53766715551498, 10.312015056949392], [79.53168785551028, 10.316536426414984], [79.52516865740776, 10.315107345227815], [79.52313494672055, 10.307886362066085], [79.52623641527842, 10.305661201903021], [79.67419731645307, 10.281000375866753], [79.72729623353447, 10.27402496338145], [79.73916363689241, 10.277505158936023], [79.71572232212762, 10.283857107419664], [79.713518023538, 10.2868783474579], [79.70866584745093, 10.28693520979212], [79.70896995050285, 10.2832853796167], [79.68292796635265, 10.29011881343257], [79.68054604536385, 10.292201637895332], [79.69069683539075, 10.291917443135617], [79.67357194409001, 10.301152348302239], [79.66613996019115, 10.29531884189116], [79.66391921030342, 10.29657530810401], [79.66884231592022, 10.301356553761977], [79.6627155540796, 10.297867536757508], [79.66566765333957, 10.291495442560688], [79.66256344274885, 10.289150238193002], [79.55573666051853, 10.308344244691142], [79.55125546466806, 10.312358021505531], [79.58083105061255, 10.308622241323434], [79.58764564992688, 10.31274664374267], [79.58507621309693, 10.309739351290105], [79.59674108013687, 10.308654666379852], [79.61356103381482, 10.317416548834728], [79.62202775517679, 10.333782553522099], [79.62059152168152, 10.340808033963683], [79.61664247537007, 10.338172316199461], [79.61051905181287, 10.34124827368889], [79.62036395093574, 10.343924880029277], [79.62504935224595, 10.351267456927687], [79.6252503399314, 10.360630631498552], [79.62995123835898, 10.362920403453984], [79.6275352240713, 10.345994234446437], [79.63117444494478, 10.336076855362691], [79.63500154048879, 10.335294246432412], [79.63646292712255, 10.318219542697776], [79.67182064031041, 10.319225907449749], [79.68717813536281, 10.325305342467644], [79.710164308636, 10.324994921678382], [79.70875465910026, 10.32341623287293], [79.73056852831505, 10.311046123779704], [79.75734567676162, 10.313586115906546], [79.77828824500662, 10.302412151899318], [79.76882147752931, 10.30360090725614], [79.75712215926038, 10.311985254316141], [79.7639819387156, 10.300831079890543], [79.78537833724047, 10.286690831616653], [79.7849807739436, 10.281045437297166], [79.779255747355, 10.281510948871258], [79.7757858040716, 10.285779118711389], [79.77212285998215, 10.28434383849742], [79.76942670327989, 10.287881135605986], [79.76343286033838, 10.28713631618811], [79.76061010337358, 10.282417059000139], [79.75861930833454, 10.290204643829313], [79.75144636605697, 10.290112852725969], [79.7491878275562, 10.288904428296831], [79.75033271308436, 10.283584833173592], [79.7471965549772, 10.282514452879767], [79.75554466205668, 10.27534627880776], [79.74746215355563, 10.279433965505163], [79.74614095683975, 10.276785730976783], [79.74153995510497, 10.278309464010576], [79.74329245048628, 10.275143742489817], [79.78725111514692, 10.27287936199302], [79.83538031564919, 10.275419950370477], [79.86691474911649, 10.286328077478899], [79.88297665075189, 10.302353620423304], [79.88404262077037, 10.313756465488538], [79.87134420876836, 10.37024116549739], [79.8656929733522, 10.421456456150551], [79.85327744489817, 10.65410006086914], [79.85145235084539, 10.826069713046905], [79.83192813397628, 10.818972348894874], [79.82394611841872, 10.81763911205546], [79.84438562389752, 10.827215909786474], [79.85168921968184, 10.82665145390159], [79.85286211999099, 10.837478041278686], [79.85290324688745, 10.878238439752295], [79.8515087365391, 10.884071707843077], [79.84821116901028, 10.884108424464287], [79.85279405120465, 10.88973832166623], [79.85286414616357, 10.911840558495072], [79.8476288319051, 10.912758827457978], [79.85320115091255, 10.913162470171983], [79.85439276701274, 10.917917609410267], [79.85307264318809, 10.961949228873863], [79.85807621474564, 11.024890422654963], [79.8561285736748, 11.037248849554842], [79.85897791369987, 11.139647602954525], [79.85581064264707, 11.181668400376452], [79.84763240850899, 11.242650747534071], [79.84397292141333, 11.237301111457185], [79.84715116059769, 11.238474726727304], [79.84564471253353, 11.23228883716024], [79.83956146259143, 11.228928804520748], [79.83869290365467, 11.231772423058985], [79.8327801229045, 11.229588866433076], [79.8337713475697, 11.234071254784666], [79.8142074346255, 11.230463743107293], [79.8046875001281, 11.236049056418878], [79.81833755943089, 11.23148655915746], [79.82246184313956, 11.236402153636561], [79.82737767683844, 11.238180041375898], [79.82481503528575, 11.240835428212534], [79.83403074712132, 11.237516045828912], [79.82992863619765, 11.2359569073854], [79.83248424505197, 11.235260248461785], [79.84408044795433, 11.238763928012986], [79.84641194305684, 11.244128346246256], [79.83768200901753, 11.300083756560184], [79.83789694338932, 11.356099247882028], [79.83523535752587, 11.362415551736376], [79.83540284636442, 11.354737877551074], [79.83298754703773, 11.353316902852896], [79.8240919111129, 11.359285950586226], [79.82171964614477, 11.357072710936905], [79.78998267635959, 11.367853879852746], [79.7780927422863, 11.381696343711369], [79.77150213711391, 11.383844256607262], [79.76395630803725, 11.377401709521322], [79.76348912732144, 11.365864277314643], [79.75835955175197, 11.361030936628467], [79.75489687948752, 11.358461856829265], [79.74367463627553, 11.35781908078603], [79.74344778049081, 11.348023175828956], [79.73939204220906, 11.341823219965761], [79.73021721805034, 11.337684154100515], [79.71348404894971, 11.340545177218218], [79.72997868097147, 11.338503241331622], [79.73585104978613, 11.341416239867613], [79.74121415590864, 11.347585916456964], [79.74182975264105, 11.357471942476195], [79.75941181160599, 11.367212653341298], [79.7612403635521, 11.384923934991647], [79.7658914323438, 11.390381455539838], [79.77582311604405, 11.386876940518462], [79.79689347705246, 11.369027853052998], [79.81857085256283, 11.364308119224347], [79.81086647480802, 11.370676040566934], [79.81287157536295, 11.37597620493797], [79.80926394497519, 11.380988359625164], [79.81001234009759, 11.383548140434357], [79.8137469295772, 11.375506043868867], [79.81196284281108, 11.370598673689841], [79.8274018766954, 11.362869978266914], [79.80728924240466, 11.444419145227386], [79.78682267632561, 11.477808117450707], [79.77975165871223, 11.500180244422836], [79.77551996717281, 11.489221215686612], [79.77188265286227, 11.490724920818494], [79.75062775636601, 11.477757572853747], [79.74546110624519, 11.471239447642446], [79.73107016115918, 11.465564728229666], [79.7306436297998, 11.450753211591518], [79.72706615907614, 11.447028875282385], [79.72029197259647, 11.447576046197625], [79.71193504316776, 11.455611467095622], [79.69205641786945, 11.446305036148601], [79.69950294470524, 11.453932404956618], [79.7105497121996, 11.457239031356323], [79.72697496422333, 11.448971509827345], [79.73016917716583, 11.467449903290444], [79.7637853622048, 11.487568140357467], [79.7730412485549, 11.497733354610645], [79.77305805688385, 11.510185718396272], [79.7638727430328, 11.527194261705858], [79.75724780534202, 11.563701033276146], [79.76048684139474, 11.615069866081527], [79.7568711045179, 11.61718165860674], [79.76121497119411, 11.621067166016957], [79.77419793588606, 11.696268677857233], [79.76537227620972, 11.687224507205372], [79.7625608444076, 11.675225854089945], [79.75324440040887, 11.661203146308239], [79.75201082194192, 11.664759159207932], [79.76223075364649, 11.678463816352078], [79.76093614089021, 11.685417175662195], [79.77371335059078, 11.705279469272128], [79.77726554856636, 11.706099152753751], [79.77466583246226, 11.71053791049627], [79.77742564677615, 11.710147142476728], [79.78284823855543, 11.722625851901611], [79.80605184991308, 11.83055865725629], [79.79963886714009, 11.839910745884254], [79.8014463182931, 11.84198796757073], [79.80734252903451, 11.836605548507308], [79.81958293880169, 11.86885964915355], [79.8046875001281, 11.87444186250201], [79.81950616817525, 11.873885750527052], [79.80568981163557, 11.88190627055802], [79.78957331215875, 11.878151774584794], [79.80134844777271, 11.883344649835749], [79.81846952414932, 11.879390954928724], [79.82377064270102, 11.882049441728398], [79.82848584664467, 11.903051614340626], [79.83173465742854, 11.903844952182894], [79.83211183579263, 11.90537405057205], [79.82195734955215, 11.90711355164919], [79.81844091401703, 11.901701450461616], [79.81854486485375, 11.906376958330043], [79.82211375244785, 11.908850074171667], [79.82594871526109, 11.907842755239045], [79.82469344154921, 11.916250824615972], [79.82770681341881, 11.914016008432128], [79.8276925088023, 11.907489657122085], [79.83087205919819, 11.906996130766828], [79.8298105003544, 11.911396741966186], [79.84975504865665, 11.987902045043398], [79.88288283347615, 12.060735106839772], [80.00719344622067, 12.25430214432862], [79.9963717457596, 12.251371741212992], [79.97786724587681, 12.231715917555661], [79.96223104013055, 12.222443342486372], [79.95762097862539, 12.212659120622021], [79.95352995364456, 12.21211814873368], [79.94486594170999, 12.220207572121794], [79.98180115210161, 12.242245555088402], [79.98642563783298, 12.251175880562442], [80.00300073579544, 12.25798821448457], [80.00486505018202, 12.265330076422003], [80.0111572746886, 12.272582053818809], [80.00478518049178, 12.260461449936031], [80.01235294313395, 12.265009522071821], [80.009412050326, 12.256485343024224], [80.02101993542172, 12.281948447063286], [80.05010402208305, 12.324639678278587], [80.04035782805138, 12.313591241642513], [80.0580724479851, 12.346171378906021], [80.06335282367397, 12.351178645777921], [80.05814945693194, 12.351004361662064], [80.04530036442034, 12.336796880072015], [80.0373537542724, 12.337809562561347], [80.02743005745131, 12.334254026302332], [80.01375937489539, 12.322781920848996], [80.0105489489749, 12.327330350915005], [80.01728904215574, 12.331091761775482], [80.01788186985252, 12.337844253009905], [80.02105081094632, 12.338668107547207], [80.01730895044781, 12.34022855720221], [80.04255485562217, 12.354855537453133], [80.04373276245704, 12.362947821584726], [80.05155432187459, 12.362611174765945], [80.05789947508075, 12.367137670367228], [80.05689561404145, 12.356637358827044], [80.06312894824245, 12.354160308451569], [80.06419873228575, 12.34999787819963], [80.05102384057793, 12.326262831364659], [80.11533737192227, 12.404167532605612], [80.15561354123199, 12.465779542791694], [80.16689181310679, 12.527899265239], [80.18477964426532, 12.574957608806656], [80.16167223428627, 12.58537721608569], [80.16455984136363, 12.592174052890357], [80.17024385886705, 12.594324350788227], [80.16381740604854, 12.594050049470212], [80.16532373450278, 12.600658059222141], [80.16791307962498, 12.600672125518258], [80.16529452812009, 12.603920340951063], [80.17086243595278, 12.60679471450456], [80.17758715162589, 12.60441494019743], [80.18160545832538, 12.609429240667026], [80.17211473021067, 12.596814155349065], [80.1715629098006, 12.59098732460538], [80.17521035677268, 12.595152616500158], [80.17536675966838, 12.59081864326582], [80.1708980796827, 12.585477233287762], [80.18099665597097, 12.577015876381708], [80.18563711635997, 12.577893614698667], [80.20008993120544, 12.615955352757396], [80.2017643447488, 12.633165955744346], [80.25462007525638, 12.782011151293702], [80.25449764694898, 12.789368748668878], [80.24678003746888, 12.802560448705833], [80.2389773134523, 12.800399779826023], [80.2381416562126, 12.78417587251856], [80.23220145693179, 12.78472757331889], [80.23484504196526, 12.79276335214702], [80.23233354125998, 12.796037435679224], [80.23941397657379, 12.810392380004359], [80.23291277930142, 12.846121549170206], [80.24137997640489, 12.806669711937744], [80.24796104426693, 12.805078268047737], [80.24959826454838, 12.856524229409743], [80.2587301730592, 12.935368657437664], [80.27131354828171, 13.000173211424624], [80.27727532409708, 13.011184573509354], [80.26705765688544, 13.01272296908978], [80.27742624292685, 13.016033172992593], [80.28215026832018, 13.055133342929508], [80.28453815001578, 13.062963247156176], [80.28753685933876, 13.063957333464202], [80.28553116343252, 13.068624138593208], [80.29013252219826, 13.0685386661266], [80.31014156358239, 13.106828928212494], [80.30406928087277, 13.101196170267087], [80.30072343323994, 13.09037351652465], [80.29345297837236, 13.085907578571963], [80.2978731390343, 13.091097712689375], [80.29396167898838, 13.089448337171078], [80.2961380482325, 13.099023580873634], [80.30146694144631, 13.098058104697827], [80.2976665494717, 13.10115587704216], [80.30105376232135, 13.11326622955292], [80.3042346239288, 13.110208511213955], [80.3034908774022, 13.10465633881904], [80.30489552041203, 13.110489964840042], [80.29783487288123, 13.123940348568269], [80.29999685297244, 13.142416239218107], [80.31204974689845, 13.168329953964232], [80.32280194775186, 13.208958149399095], [80.33388245061465, 13.234797358911052], [80.32044327243912, 13.226393341879259], [80.31131744424474, 13.20906960957494], [80.31791985032092, 13.223740220434848], [80.30900263786154, 13.21626234053467], [80.30814027795148, 13.211238027013437], [80.30642974403762, 13.215009927566129], [80.31093776216804, 13.222599029321785], [80.31791305504359, 13.226390004495201], [80.3132109641148, 13.231474756954555], [80.31401324301683, 13.246328950021052], [80.3174148800928, 13.230949043863362], [80.3306268454526, 13.235417723848968], [80.3339507577214, 13.239517569380382], [80.33859753584775, 13.267443776209348], [80.34128785145325, 13.272898912654767], [80.34496474222911, 13.273446560210687], [80.3433965440154, 13.286000371120338], [80.3467096086616, 13.291973471198801], [80.34696567082906, 13.311994552706494], [80.3447529078206, 13.337698936756553], [80.32991003991643, 13.400286078239944], [80.32558131242777, 13.443576454889566], [80.32609212375266, 13.429556846171636], [80.31951534745534, 13.423701048264874], [80.33114063713086, 13.390955328725568], [80.33159160576812, 13.376367211777449], [80.32720684961654, 13.369846939884468], [80.32899951951228, 13.366400360987967], [80.3245371581634, 13.370161413918126], [80.32998681054298, 13.376916408865256], [80.33032345736174, 13.384466648217298], [80.3226745129185, 13.389945626589451], [80.3265489343859, 13.39885282509782], [80.32151377234285, 13.412902355159645], [80.31727933877053, 13.411921143545996], [80.3208781477085, 13.415172458042562], [80.31649518030846, 13.427850246791508], [80.30425345932977, 13.425046920579007], [80.30229020153163, 13.416164755599041], [80.29969871062704, 13.419011354490493], [80.30039322376834, 13.426637053257423], [80.29517364494782, 13.427236437911333], [80.28997075574594, 13.434529543103992], [80.2854472395986, 13.43240976369971], [80.27813267748118, 13.435430645807728], [80.26856923108531, 13.417288542132567], [80.27556014068799, 13.437666654492602], [80.28098583243028, 13.437909007394794], [80.27385020212515, 13.444614053096132], [80.266974806842, 13.458862304551786], [80.26727676411141, 13.466638445507911], [80.26213765123171, 13.472919344852002], [80.24720644921834, 13.473233342245067], [80.24666476236902, 13.477890253032825], [80.23608124285519, 13.487764238928577], [80.23654925814188, 13.483914136927893], [80.21680426580437, 13.48579955120833], [80.17906856526216, 13.494636654757883], [80.161569714271, 13.489586949777944], [80.14823746638612, 13.496840357996177], [80.13878154743057, 13.511710405211076], [80.12897431821037, 13.516813039790037], [80.12511861343339, 13.515321255171884], [80.12553668037359, 13.505698204408617], [80.11910986872547, 13.506001949530386], [80.11773514705945, 13.51062893897442], [80.11764264099523, 13.50673615964611], [80.11567401874103, 13.507563233756287], [80.11936020850689, 13.514680862332057], [80.11183905592785, 13.51683115933065], [80.10015726094892, 13.529122233304463], [80.09974944628007, 13.535857558279801], [80.09064877032458, 13.543064355535662], [80.08775532215046, 13.550762772583951], [80.07305324041485, 13.558215737666274], [80.06667876211534, 13.572426557539657], [80.05752551539032, 13.577985525211886], [80.05126035238337, 13.58881354341041], [80.05540704719763, 13.590692758663948], [80.0562651155428, 13.596326827820931], [80.0605763197415, 13.59497535273043], [80.0762629504749, 13.610343932826353], [80.07128012178035, 13.614533424577914], [80.0727663036221, 13.636858344337156], [80.0811383722382, 13.644206047371256], [80.09509551494617, 13.647519350337816], [80.09124076345049, 13.65114963015138], [80.08163416398557, 13.650351167072799], [80.07940173190448, 13.655689716307378], [80.09512305218718, 13.668503403409431], [80.09668815133719, 13.664744972902255], [80.08889961232737, 13.654321670308946], [80.09299826625713, 13.654399156795677], [80.09809076817444, 13.661635160434358], [80.0972057579394, 13.65385472791344], [80.10163545591158, 13.652688979912554], [80.1042553186281, 13.657179356042505], [80.10346543777982, 13.666833401040677], [80.11343562595354, 13.675686359637822], [80.1211830380669, 13.67065417794798], [80.12113201592982, 13.677960276545562], [80.1248066422128, 13.676655649838452], [80.12608182421698, 13.66959595648828], [80.11984991993788, 13.662854671705787], [80.12087106684632, 13.645465731358513], [80.1122088436633, 13.64207565776546], [80.12002384702296, 13.65053045771451], [80.11500537369912, 13.655300974460488], [80.11819851375051, 13.655541777830805], [80.1184791328059, 13.658686519067643], [80.10972845590348, 13.657837152562607], [80.10898220566438, 13.642128109824512], [80.12650692475486, 13.611428380315587], [80.13236486934338, 13.61000227948162], [80.1385066507614, 13.612932443377588], [80.14486551323299, 13.629601359515192], [80.14405095588697, 13.644330858882071], [80.1471929550909, 13.646396875015796], [80.14757251755779, 13.659289717746375], [80.13998067376914, 13.690980672819876], [80.14310145346931, 13.701913953066537], [80.14031386359395, 13.700952768455522], [80.13669776878706, 13.713562846348339], [80.13400912322257, 13.711506247915096], [80.13069820435877, 13.713611245162895], [80.13018035853682, 13.723356008373116], [80.13917982568856, 13.726084947162647], [80.14090275765616, 13.722967267425517], [80.14729273307321, 13.72408854934713], [80.14716732531198, 13.720735430695683], [80.14077675364442, 13.718610405545789], [80.14026677599097, 13.714300513458042], [80.13629925220883, 13.718695760201228], [80.14217603219814, 13.711076855812337], [80.13992106940199, 13.710005521337777], [80.14217245559442, 13.704377651207679], [80.14537847034026, 13.700970053425337], [80.14785707024762, 13.70391082752272], [80.15440273270005, 13.70295715315018], [80.16648006480327, 13.68701851349364], [80.17098510258049, 13.689454912714154], [80.1738494630824, 13.682382940920021], [80.18893766424193, 13.667013644963845], [80.18790376224891, 13.649009705033919], [80.19100642240855, 13.641368269929771], [80.19970774631557, 13.633528471361927], [80.21407842607854, 13.62720263019736], [80.22533965130393, 13.608949542087828], [80.24112355720646, 13.596695065125232], [80.24438512307498, 13.585551977541826], [80.25125944636639, 13.578495859896094], [80.25025594235788, 13.572021126973482], [80.26432216203827, 13.560894608499439], [80.27060163056095, 13.528874277625889], [80.26429212108465, 13.523640274579094], [80.27161657844235, 13.523437738261066], [80.27452361627198, 13.514269352348819], [80.27563834213586, 13.52500796354677], [80.27809035808357, 13.520499825806425], [80.28165161582953, 13.487018823260186], [80.28832721682764, 13.473780631870781], [80.28767025487852, 13.465793848107637], [80.28562855731215, 13.466465353893014], [80.29306244867323, 13.44710314269598], [80.30767226176559, 13.433185577352589], [80.31499826865533, 13.433633446926109], [80.31106781942438, 13.458809137531759], [80.30103087457533, 13.472794652051661], [80.28012835943625, 13.535156249861089], [80.24336016214184, 13.613779544490484], [80.23606336073559, 13.641714811089727], [80.23319125167504, 13.664058566249935], [80.2342480423134, 13.697126030841716], [80.2406375410898, 13.736096620162968], [80.2523058651237, 13.780216812955587], [80.24486374856329, 13.818881034732087], [80.23527371910686, 13.832537770601732], [80.22023212890966, 13.876464247627013], [80.19815766854165, 13.918027877384688], [80.18355846385217, 13.958286762624056], [80.15625000043732, 14.017578125330274], [80.1551450493046, 14.010999441571016], [80.15560126278811, 14.020330071475641], [80.1514567137564, 14.030347943502846], [80.15341484541884, 14.021974801995597], [80.14973223225675, 14.01858150972896], [80.14072072498155, 14.069735408162614], [80.12880921347451, 14.063958049124778], [80.12615406495829, 14.064386010406125], [80.12351560606052, 14.066282630239229], [80.12009084201881, 14.074953556161745], [80.11470723135372, 14.076382756059374], [80.11450374085504, 14.06431436501606], [80.09854733958818, 14.051292657530169], [80.0989066358326, 14.04733097574399], [80.10558152186982, 14.042606472810576], [80.10358834272799, 14.039454579265481], [80.09499442575216, 14.03474116317419], [80.0975139142358, 14.020565747811062], [80.09454727203908, 14.019003748624186], [80.082921028183, 14.018499374646481], [80.07678985606705, 14.01007425772086], [80.06323564021264, 14.000287651753723], [80.04429233052676, 13.99723935111524], [80.03056120903264, 14.007615804425882], [80.01670503590881, 14.010573148532103], [80.0078147653393, 14.003693223363598], [79.98617434477026, 13.994426727711371], [79.97279524760265, 13.992899418073762], [79.95772135285821, 13.98361587487284], [79.95077610003702, 13.965289831060943], [79.92414140690047, 13.959226608121583], [79.91840755976116, 13.947646260266794], [79.9107744694663, 13.943487047789077], [79.89559555009467, 13.947105050058056], [79.89272880549012, 13.939437508534226], [79.89473962753189, 13.921480536597528], [79.87364280217375, 13.889086127323012], [79.82950150948713, 13.874939561311777], [79.82555305942626, 13.87092101539264], [79.82123231881658, 13.853846430368549], [79.81721055512307, 13.85093557851414], [79.81894814963746, 13.849669217960127], [79.79559695683426, 13.847068548574768], [79.7890336514819, 13.831194043170626], [79.76483535756577, 13.833306670266637], [79.76722633832495, 13.835592746907878], [79.78931713128074, 13.834431052151402], [79.79219162444397, 13.847832322103997], [79.81486737692805, 13.85164666166419], [79.82374274752985, 13.87326884308277], [79.83457744139585, 13.883690714854652], [79.84797883005902, 13.884075760488074], [79.86785280676176, 13.891235113110028], [79.87676954258043, 13.909872531891892], [79.88621926340832, 13.919155478842313], [79.88867795502361, 13.941763877501018], [79.89244401447976, 13.94871795177211], [79.91289055355631, 13.951502442583731], [79.9238579271018, 13.963611722203296], [79.93706262144289, 13.964872240761366], [79.94482243071067, 13.96933615164221], [79.95775997604213, 13.986298441919644], [80.01339471329547, 14.011381030210458], [80.02789402039289, 14.010111570592585], [80.04312932455869, 13.99978065535305], [80.05379545669498, 13.999186515545375], [80.06068694624562, 14.002436875861207], [80.07659280291566, 14.011622548541837], [80.0825538637699, 14.019142508619936], [80.09282684288465, 14.019754410038104], [80.09615457097678, 14.02283012830786], [80.0923583509572, 14.033973932650895], [80.1033575533086, 14.040596961980313], [80.10340750255423, 14.043647170080902], [80.09866201843747, 14.04663336263964], [80.09781265283178, 14.050678968259831], [80.11306560079689, 14.064012050715618], [80.11266052726162, 14.076795458543643], [80.11902594579092, 14.076945543701896], [80.12807762578197, 14.067160845196952], [80.13861215112993, 14.072841763636532], [80.13119375688646, 14.119078159229716], [80.12736833138345, 14.120450258472744], [80.12765884388071, 14.113345742012456], [80.13001465755045, 14.113650321705023], [80.12791800511187, 14.111510873228255], [80.12556481386517, 14.118565320832985], [80.12235057391999, 14.115334510879023], [80.1262320280857, 14.13410770930345], [80.1263517143602, 14.122858405491073], [80.12972521794458, 14.124140620193572], [80.12666797624618, 14.184241652430401], [80.13462424241501, 14.241780042215225], [80.11255621939407, 14.2516336440775], [80.10903370354262, 14.240731715995963], [80.097787618404, 14.231166243427452], [80.09230840171139, 14.232327461543164], [80.07130503659832, 14.225602030909073], [80.06779456176977, 14.21829473981046], [80.06952357315444, 14.227047800815441], [80.06312596788925, 14.228491306228861], [80.05234694475578, 14.210024237928266], [80.03741264367866, 14.209516763987523], [80.04387855515122, 14.198120236659634], [80.03521847685133, 14.206713676095333], [80.0363818407495, 14.211048245580088], [80.05107903466981, 14.21163666210235], [80.05494451507738, 14.21760630608621], [80.05141651605939, 14.215767144837926], [80.05150592306003, 14.219835042852992], [80.06164872620789, 14.230153203007987], [80.08076584336911, 14.230285167726436], [80.08990001637275, 14.234133958515443], [80.09151864047303, 14.238281249580055], [80.08653032771255, 14.235237002185968], [80.0874910356828, 14.238281249580055], [80.08192253070027, 14.23584866528374], [80.07554841033104, 14.238112569139773], [80.08485007307243, 14.240440010997773], [80.08598875957367, 14.246373415001173], [80.09030675904981, 14.239199281121955], [80.1009092326751, 14.24599993195136], [80.09918236707264, 14.249922155982787], [80.09445917625013, 14.246464014502678], [80.09958624810687, 14.255685210404195], [80.11956381771611, 14.251427054514977], [80.13307082635762, 14.254493713014469], [80.1373330354912, 14.252345323477982], [80.14217174063336, 14.285236716101636], [80.16475021794835, 14.340503216050635], [80.17003774684466, 14.36067473884816], [80.18271994586885, 14.531229257424329], [80.17996323151803, 14.533639550225146], [80.17399120343131, 14.531700730604285], [80.1724653246151, 14.534749149953413], [80.17619204502702, 14.533236622472202], [80.18388342847751, 14.536667347220401], [80.199179172481, 14.586894035631346], [80.19350612131055, 14.59922504400059], [80.19023633024253, 14.600407958260732], [80.19718933072315, 14.588004827860573], [80.19694232922521, 14.58274745952771], [80.18670022473563, 14.573268651926838], [80.16659033337734, 14.567831277991203], [80.14046120671938, 14.57025921369187], [80.13727283487353, 14.568569660061797], [80.13914597071008, 14.564503907829135], [80.13576340645616, 14.565983653223086], [80.1356748340265, 14.569161653187791], [80.14374554162359, 14.572529553995807], [80.15018451210571, 14.569548845502894], [80.16993701468161, 14.570706844045716], [80.18182897582668, 14.582605719178659], [80.17831897763884, 14.583952426962966], [80.17165255512137, 14.580547332893147], [80.17356634121373, 14.584836721337751], [80.18709874131403, 14.590293168994663], [80.18608450929278, 14.597031354713295], [80.18258535872744, 14.596234441166587], [80.18217110671137, 14.599681258383484], [80.18866634327728, 14.59855341950474], [80.1727389100727, 14.608937621374238], [80.166563153167, 14.621515154600715], [80.14497160895266, 14.698817610444394], [80.13538134117604, 14.718731880372061], [80.14023947707031, 14.703155040672627], [80.13401114939504, 14.692225933280284], [80.12972104509024, 14.692133426316602], [80.13803422430007, 14.704173922188843], [80.13671267055346, 14.710830569075526], [80.11659693719903, 14.739337443868067], [80.11493921237488, 14.731049418695775], [80.11510205261769, 14.741616249490406], [80.09995245923861, 14.773606658120784], [80.0932588574104, 14.809787153854131], [80.08215844625536, 14.807639122247778], [80.06663203244241, 14.818702220531108], [80.05943894355246, 14.819845557426575], [80.06695222886228, 14.819966554912654], [80.08176433995246, 14.809920549393908], [80.08897805209548, 14.811700701626194], [80.08720457553082, 14.821231603355898], [80.08434045334937, 14.821759223909098], [80.088374733807, 14.821692228013958], [80.08521425713232, 14.876371264722152], [80.07536184777118, 14.91487622285949], [80.06901156932852, 14.926756024271143], [80.05488491071017, 14.998266338920502], [80.04792141873858, 15.077427506374406], [80.05145704760471, 15.10774004446752], [80.06463134306219, 15.151920676198358], [80.08130931896997, 15.185449123378419], [80.0765447620312, 15.182000875340194], [80.06123626204399, 15.190408229756045], [80.06404471439217, 15.191817640971422], [80.0462987422932, 15.209167003954121], [80.05485975757185, 15.206482172414368], [80.07543063151857, 15.18950271587768], [80.08277535419936, 15.193211674679091], [80.08856666082286, 15.21955871606201], [80.08371293520386, 15.266873240507778], [80.09117627126804, 15.293666601032868], [80.09918582406661, 15.309471964759481], [80.08020031459293, 15.315653324441456], [80.0959187750316, 15.31312215286512], [80.09923994526733, 15.315472841298629], [80.09939706312409, 15.324584603196953], [80.10531187094617, 15.327357530525688], [80.11060214007685, 15.346689105417937], [80.12914180794817, 15.378266930274677], [80.19028544401814, 15.45108115667017], [80.20776665210937, 15.479805349937038], [80.21178662795066, 15.49514710865219], [80.20074820526557, 15.494820832815265], [80.2005900145177, 15.497783779697784], [80.20944595346813, 15.50532734428161], [80.21290683788035, 15.502739548691352], [80.21331560583067, 15.5113469366119], [80.22511017309611, 15.533126354597698], [80.20767390772474, 15.54049575287678], [80.19317412398678, 15.550985336404253], [80.21809065336103, 15.536480546140353], [80.22502374644884, 15.537575245001605], [80.22769510704362, 15.542218923164839], [80.22694086992536, 15.558761239039995], [80.2390228506242, 15.604732870625568], [80.27047300322667, 15.672851443439455], [80.31213653057657, 15.720996975629973], [80.33982503399827, 15.747149825504152], [80.43135762175697, 15.805487752158115], [80.4720479252716, 15.825006842891526], [80.53218555451988, 15.847893714823215], [80.52963817086496, 15.851753950384548], [80.53773200542778, 15.854853033940458], [80.54459965215224, 15.852452278449974], [80.60019731485428, 15.869073629444458], [80.68684136873432, 15.882632017253911], [80.73404955824068, 15.875335573777747], [80.76931834196805, 15.863074540757495], [80.77354013916616, 15.86599671867367], [80.7819501160051, 15.858652710953933], [80.79057371600427, 15.856807350678764], [80.80974364315475, 15.836809039105901], [80.81083881865666, 15.816089034181644], [80.79398071753619, 15.81630575640564], [80.79412710648089, 15.809684634538328], [80.81062483756634, 15.764363646265394], [80.81436216817966, 15.743749022099749], [80.82850825755006, 15.744977712751279], [80.83954727648572, 15.774709701591547], [80.84713971652477, 15.783593177783004], [80.84580910210852, 15.788273453856903], [80.85729527475726, 15.823342204079495], [80.88976442848562, 15.878371953902587], [80.89650356748578, 15.906110525280553], [80.8918931480504, 15.926726817688547], [80.9007942680411, 15.940873026668939], [80.89165794835569, 15.955186128237358], [80.89515113821457, 15.964108348121869], [80.88986182236525, 15.972570538699458], [80.88457441307881, 16.003715753679217], [80.87541604021814, 16.026366472634706], [80.88555562469239, 16.009309053869785], [80.88280475143816, 16.016476750401736], [80.88150286676395, 16.029557705223993], [80.88462901092012, 16.033307671312045], [80.88343107708258, 16.04451108002239], [80.88877022256784, 16.057976245907085], [80.88605260804147, 16.064313650554638], [80.8811479807948, 16.06598770616779], [80.88049125626654, 16.075784444796398], [80.87480866868523, 16.079468250459485], [80.87014710930177, 16.090283155643235], [80.8721188306196, 16.101701140795086], [80.866783618769, 16.108045339820677], [80.86862814447343, 16.113305568896905], [80.86029231583782, 16.124519348589104], [80.86206710361401, 16.13632452515678], [80.84549522432522, 16.136775850824904], [80.83786153777984, 16.14749753498336], [80.83954787273623, 16.153612852051552], [80.83361244166096, 16.16978621476207], [80.83896243566798, 16.181488632994032], [80.83582186728549, 16.194623351086847], [80.83792734117392, 16.196866750400275], [80.83257114903941, 16.19903087627398], [80.82546305687461, 16.22425174702059], [80.82244086265572, 16.225860238459305], [80.82715380210632, 16.241498708698515], [80.81902253596141, 16.261572718905853], [80.80056774610475, 16.26900792147842], [80.79158961806658, 16.277763247875626], [80.79246723677372, 16.28469336061015], [80.76923274989159, 16.292247653206687], [80.7613955737468, 16.314851879910435], [80.75011444112872, 16.314188837644807], [80.74600625078793, 16.318296670954666], [80.75393235639328, 16.324633955992383], [80.75206303638018, 16.33102834258399], [80.74731111491613, 16.332320928268345], [80.7414342162161, 16.34300816029844], [80.73400247063759, 16.341268301291095], [80.72798204463581, 16.345091700621566], [80.7112641334331, 16.379344701896557], [80.71456265424311, 16.385742067942175], [80.71168553865672, 16.392735600867397], [80.71247863727942, 16.39539015313312], [80.71480155015158, 16.393730520846944], [80.7142523530637, 16.397777080647785], [80.70805704579604, 16.405843138749944], [80.68409264126248, 16.423657655376516], [80.68237745785356, 16.4273393152573], [80.69367682962209, 16.41859447945177], [80.6927379374059, 16.4236418012282], [80.67913567976794, 16.43736696201576], [80.67119574528758, 16.462296366983836], [80.64940464510843, 16.46483755071243], [80.63622057402031, 16.474369168302573], [80.63132512525439, 16.474248647457173], [80.62664544543102, 16.479521154977363], [80.6289906497988, 16.48116922378074], [80.62482011305778, 16.490194559031806], [80.60682570953898, 16.50136506514569], [80.5985746384089, 16.500621556939393], [80.58176934727769, 16.507061243281797], [80.56707000757481, 16.508779167824414], [80.54796695670976, 16.526008606212244], [80.53369450539711, 16.550602674673755], [80.52534604038752, 16.555336952338493], [80.52514910684593, 16.558560848304595], [80.52955734699398, 16.557399869408457], [80.52849876850351, 16.559190750552816], [80.51333761254082, 16.56741440315224], [80.50068926849511, 16.565026521456844], [80.50027203522629, 16.562325358228733], [80.48514890709649, 16.56145644226102], [80.4718761439689, 16.563253402822355], [80.46106970320434, 16.570142745691257], [80.41299426597274, 16.577268004115155], [80.40494644612167, 16.563205838578696], [80.4002212282272, 16.562348842225347], [80.40244400518677, 16.561319231797142], [80.39753615836716, 16.56205725683698], [80.37873220402801, 16.574468255405748], [80.37016785136532, 16.573882580017113], [80.35981512037168, 16.582466959682534], [80.34055483383864, 16.580234647211228], [80.3217934372174, 16.59256827800371], [80.31198382389451, 16.587960123960656], [80.29109013110482, 16.588243245829176], [80.28698980803327, 16.58885955842196], [80.29037725920315, 16.590411424947376], [80.28132784370504, 16.5961687560833], [80.2690191268313, 16.59734106104122], [80.25971102674262, 16.588837623957232], [80.24784076174191, 16.58596742145943], [80.22902154950489, 16.595291256985917], [80.20467662832388, 16.601520657552328], [80.18770945113036, 16.612647414346753], [80.17424261610401, 16.62964343999282], [80.16429734274826, 16.637095212574025], [80.14621436590042, 16.644279003373413], [80.13784420474636, 16.65153872932899], [80.13614285021251, 16.675184965413834], [80.13243293723033, 16.673454165277562], [80.14279234389173, 16.687004804528144], [80.13910841951801, 16.709368228760866], [80.14306890970252, 16.71997511356068], [80.14194703063109, 16.731878041938202], [80.12854230368444, 16.772341609277902], [80.12602782262596, 16.799868345347917], [80.11498045888109, 16.819445371306912], [80.08390927339437, 16.818329930481966], [80.07240045042053, 16.812615632805233], [80.07347202321537, 16.80065345799072], [80.06961905957203, 16.78610515582838], [80.05567240745566, 16.762829303729504], [80.0558011535006, 16.74313521391909], [80.03749430212045, 16.72757375262664], [80.03334414941307, 16.714007854578895], [80.02100551119545, 16.708113312979094], [80.00870287373877, 16.70821917037847], [79.99793040756234, 16.69921874994543], [80.0059853788222, 16.71093106251857], [80.02656960500329, 16.713832974212437], [80.03586590328885, 16.730142951136315], [80.05377364184025, 16.74483215817763], [80.05202376798255, 16.766531825183648], [80.06396150551907, 16.784701943639888], [80.07051074547465, 16.816931963139638], [80.08525586156892, 16.82303404848261], [80.0989533664048, 16.82452011071463], [80.11414217921825, 16.823074102487965], [80.12271904954466, 16.817910671040664], [80.13307762163495, 16.79653596866008], [80.133907079848, 16.76850283154053], [80.1469292639745, 16.736188649886387], [80.14792525774462, 16.72573137270477], [80.14216101172136, 16.71374487842347], [80.14276945614554, 16.706000447562687], [80.15257871153838, 16.691270112725633], [80.14944243472067, 16.683650255055284], [80.14756202696609, 16.689571261004915], [80.14119160191106, 16.669456720151615], [80.14711594614411, 16.656305909590117], [80.14132535448161, 16.657219648667848], [80.13959515059574, 16.660700202152654], [80.13850545915975, 16.656411052028517], [80.14942002271599, 16.64679276947082], [80.15289843041839, 16.64836084807476], [80.14690673325916, 16.655063629283134], [80.17409491504836, 16.64199054262957], [80.18480932728866, 16.629638075536818], [80.18413853646442, 16.624041676282403], [80.20373165579142, 16.611083746018153], [80.2087235451556, 16.602982640436593], [80.23052871253023, 16.600782155871897], [80.24935996489054, 16.589903473466592], [80.26850330808136, 16.599578976288825], [80.25621104250573, 16.608034014558243], [80.25514841077066, 16.61170661466859], [80.23605501682565, 16.612944841731164], [80.22096097456941, 16.61881172648002], [80.20625281341674, 16.6305433510949], [80.23628485206441, 16.6139885184554], [80.25397920577589, 16.61451733150973], [80.26648890943576, 16.60215401679453], [80.28409135333337, 16.60024607179885], [80.29345607743605, 16.59425115596612], [80.31058836026469, 16.59186947329762], [80.31444156132906, 16.593040942785336], [80.31293010673912, 16.59559154511379], [80.32482182956389, 16.59788632359499], [80.33686935903384, 16.587163805765087], [80.34534597383768, 16.58489274960081], [80.35631012960889, 16.587273359378116], [80.38076913338884, 16.585908055412503], [80.40988326100378, 16.590929508190357], [80.43120181601117, 16.577404856648897], [80.44927120230417, 16.574520229924744], [80.43422341308016, 16.592855811046874], [80.44982004146183, 16.577973604098574], [80.46649765943951, 16.572062254169722], [80.4835987088135, 16.574339747681293], [80.47495496310117, 16.579605459924153], [80.48645365251414, 16.575017452493555], [80.49518477905437, 16.577230334212672], [80.4915319685256, 16.57866525649642], [80.49951672521681, 16.582000851857842], [80.50827920392229, 16.58164644252939], [80.50485110249653, 16.58714091801899], [80.52757787711741, 16.572488546309444], [80.55370056642803, 16.547471046451676], [80.58132815337174, 16.53286480906374], [80.60075592964259, 16.516621947644836], [80.60766875740737, 16.505678176806498], [80.62636864219914, 16.492658257172863], [80.63167703176973, 16.4778430461198], [80.6567614079128, 16.467210531540886], [80.66697347144864, 16.46513545473752], [80.6670292617911, 16.467721342865772], [80.67701065551742, 16.459372520825227], [80.68061876254595, 16.44431853257423], [80.68283474422819, 16.44628512865586], [80.69074881060928, 16.428991556015546], [80.69706225372008, 16.42248892792179], [80.69634091829889, 16.415767430922273], [80.70979321038848, 16.40979123088067], [80.71749413024995, 16.399425626091855], [80.71920514080469, 16.386949777410337], [80.7134255172738, 16.37944400323829], [80.73094022241347, 16.35142743612731], [80.73069596294843, 16.34498321989973], [80.74534451973389, 16.34366905678158], [80.748818039621, 16.33340144122363], [80.75265645942821, 16.333400368332434], [80.7553271059613, 16.328734755704545], [80.75532555553005, 16.32321524578707], [80.75040853022952, 16.31777465317775], [80.76247727830386, 16.315546512661484], [80.77253186695216, 16.293108225264476], [80.793393015975, 16.285541772934536], [80.79338955898109, 16.2786072490254], [80.79902696642151, 16.27271795317104], [80.81646585421586, 16.266432523941944], [80.8223743443007, 16.255612969263183], [80.82581067092585, 16.255840063368296], [80.82850265477376, 16.240602254590414], [80.82520973674005, 16.227689742787504], [80.82921850702857, 16.222795844452747], [80.83412766416038, 16.199847459792466], [80.83959305287718, 16.20186400422044], [80.84275293330134, 16.183823824310082], [80.8381650445813, 16.171874999931347], [80.84274864173656, 16.15289366241261], [80.84145116823689, 16.146321058070484], [80.8454172611977, 16.140882730853406], [80.85717475391189, 16.141453862405854], [80.86467850191147, 16.136990546876333], [80.87008202086864, 16.132141709072698], [80.87029421320753, 16.12057340134149], [80.87737476813115, 16.115337372122127], [80.88282966625619, 16.11676526080818], [80.89098775378196, 16.089425206008528], [80.88729667620069, 16.08077526126938], [80.88892006850645, 16.073529958640762], [80.89593172097219, 16.068475722876357], [80.89937162420111, 16.059209943084483], [80.89589571931205, 16.053952574751634], [80.89789545541109, 16.03433024904183], [80.89227485629968, 16.006711960188866], [80.89722084966255, 16.003703236914873], [80.90038430669054, 16.00773334541762], [80.90172493415852, 15.996093750226464], [80.90835654751677, 15.989264965006157], [80.91010534758382, 15.985048055623324], [80.91013693806937, 15.981724262065072], [80.90819597266605, 15.979272842367877], [80.91243815389785, 15.97128903895802], [80.91332757440816, 15.960240006071444], [80.91416704657203, 15.923965335132152], [80.90368580785392, 15.89688134160069], [80.89389312246973, 15.857003330939051], [80.89934480192116, 15.834946751791236], [80.91087162482577, 15.825828552545715], [80.9262318610117, 15.821256160943136], [80.93925321146665, 15.811992406424451], [80.96374177955963, 15.80223596102087], [80.97142243409806, 15.794583558684366], [80.97629833250213, 15.784649610491158], [81.00156164135674, 15.767333268815392], [81.01122772737787, 15.768701314813924], [81.01207685466326, 15.775858045012797], [81.0076775546755, 15.784495711308082], [81.00623464551259, 15.780817031780686], [80.99537885175275, 15.802668333476845], [80.99298596353148, 15.820312499622219], [81.00430417070103, 15.834769249001695], [81.00493383372955, 15.840609431080438], [81.00717437229954, 15.831592440638758], [81.00723230842439, 15.838638067692713], [81.00922012311034, 15.837378144485882], [81.01958620543914, 15.855616212118534], [81.04880225681873, 15.884446620715096], [81.06939363440878, 15.910496234713506], [81.12836825858838, 15.963477849623118], [81.13113617939118, 15.96999895608701], [81.12452793131914, 15.981173515445462], [81.12446570362945, 15.991482972860965], [81.11868512591795, 15.9996007680611], [81.0967916253334, 16.006507158478698], [81.0789936778161, 15.998077153737768], [81.06588315958018, 16.002307057424815], [81.06266605889166, 16.00908124480368], [81.07230377220148, 16.02642631532221], [81.07174861440708, 16.052509427268333], [81.06288611849962, 16.058411359496688], [81.04589760309202, 16.057228446135923], [81.0419317484515, 16.075428247615662], [81.0159031156364, 16.089149236448165], [81.00962734242799, 16.089535236262236], [81.00049507598706, 16.08390975023491], [81.00397932568544, 16.078218102883184], [81.00564837477279, 16.058495640361556], [81.00293850880527, 16.050980806419147], [80.99535584439681, 16.04504013049774], [80.98046004779306, 16.04193353670344], [80.95489692655204, 16.045954942466665], [80.93917787076222, 16.03505992927238], [80.92746925350329, 16.03243935069557], [80.91593456243024, 16.03529250654404], [80.90946137903941, 16.04143095057792], [80.9248911139338, 16.033537507450077], [80.93611311882538, 16.0354031321489], [80.95618450660979, 16.047382116191827], [80.99104523644863, 16.045104146039577], [81.00474464874671, 16.05632841542409], [80.99904644533731, 16.07664275146186], [80.99885284917971, 16.089322805603032], [81.01673483834222, 16.09118974241271], [81.04323935551193, 16.077523827162977], [81.04753530001418, 16.05786430819137], [81.06491577594241, 16.06107473411177], [81.07243013414345, 16.05705761901396], [81.07472956211976, 16.027490734909534], [81.06582474681463, 16.01146101911081], [81.06724965604681, 16.004383802470613], [81.07645714268315, 16.00069332113995], [81.09810936415599, 16.008620023895105], [81.11864280741972, 16.002481460251303], [81.12542605366949, 15.994548321048242], [81.12644433983448, 15.982751965930547], [81.13190281366403, 15.974070429806602], [81.14563405476784, 15.973970055573673], [81.14579856415244, 15.98047041917458], [81.13900065445674, 15.996093750226464], [81.14119374749353, 16.018267631545996], [81.1847498414322, 16.094437956946237], [81.20206892514088, 16.142461657079878], [81.19562351731165, 16.140990853645008], [81.18273115122176, 16.143047452078335], [81.19669604338779, 16.14258980777349], [81.19888341403842, 16.146889448489304], [81.20244741471649, 16.145607709528292], [81.20531904713633, 16.1759243008659], [81.21823191686954, 16.209681749613097], [81.23104250400846, 16.234838008567337], [81.26139330825467, 16.269520640265398], [81.26542234386622, 16.2808134559763], [81.26950037454273, 16.279214978488596], [81.28285074196825, 16.290687322262144], [81.32845604461082, 16.3175696131472], [81.39243805437278, 16.341964840605044], [81.38767695442792, 16.353083610520315], [81.37958872354082, 16.359466552339583], [81.36616575744384, 16.352293729671942], [81.37100994575249, 16.346161961305555], [81.36473596129574, 16.34446835533035], [81.35563564327035, 16.333966136328172], [81.34577918066472, 16.330798268125662], [81.35599410494413, 16.34074366109118], [81.36232543017454, 16.356264710448144], [81.36949205381538, 16.361892938508376], [81.38280844665266, 16.36119496837317], [81.38465535645955, 16.355558753433783], [81.39912831791762, 16.343982934564906], [81.40173304054738, 16.35209262327605], [81.40343904457629, 16.347656249636316], [81.40690100187979, 16.347563743571996], [81.40364444253706, 16.34514093400702], [81.40608811367557, 16.34379482247313], [81.44952893251431, 16.351283431285395], [81.48476636407653, 16.3528695107194], [81.48688995840493, 16.35569167143359], [81.47552525988286, 16.39462077592816], [81.48380732524802, 16.389498948917463], [81.48896133899464, 16.374860524793505], [81.49426650989162, 16.37156605722781], [81.5112078189857, 16.371973514865928], [81.5227340456398, 16.38331973591717], [81.54753553823465, 16.379984140555734], [81.55283725303693, 16.375933766729972], [81.5612151618503, 16.34545421643901], [81.64568424223401, 16.334632158047725], [81.68366491810164, 16.332714319610247], [81.71556675430227, 16.31959104539048], [81.71721351189419, 16.329180956136256], [81.71453177941825, 16.33865785627512], [81.71826612967831, 16.367507457303404], [81.69745635982324, 16.411419272681343], [81.70055484802796, 16.42508375621047], [81.71048390840573, 16.443502426595785], [81.72252333138678, 16.446398615903462], [81.7342102525013, 16.42410707448191], [81.74652802914531, 16.419951319897535], [81.75369000419042, 16.42098057239552], [81.77447414426646, 16.439929842788075], [81.78832232961199, 16.46464323959394], [81.79818594452573, 16.47597706349076], [81.81949532015298, 16.48833000632473], [81.84578955154663, 16.495520472791597], [81.84856665172961, 16.505956650079384], [81.84509885332952, 16.531086444683808], [81.85680377527402, 16.54368555534417], [81.85297715637083, 16.55470895755245], [81.85605633253377, 16.569982647481268], [81.85970664024941, 16.572144150931905], [81.85921800170948, 16.57555460945771], [81.8564465043028, 16.57551467416299], [81.85876703307221, 16.595005631404874], [81.85695087917978, 16.611659050424848], [81.84328317607785, 16.646919131412886], [81.81747174302669, 16.671735524874677], [81.79359745955517, 16.701087712927674], [81.79072356264246, 16.7209764717868], [81.79543912451615, 16.734297871149877], [81.79198050459664, 16.742027878683757], [81.77863764740951, 16.761479616491187], [81.76004314427578, 16.774438857967027], [81.7469389437774, 16.792187929129696], [81.74694812315752, 16.810037851165987], [81.75353002559027, 16.82262444506219], [81.75638473007135, 16.8386700150093], [81.74825954424264, 16.865382552562792], [81.73297762911446, 16.8860795501312], [81.73358631095957, 16.89603626735986], [81.72669518023841, 16.916834115801876], [81.73212194487198, 16.93460500271874], [81.72956752761942, 16.944336652914288], [81.74520730996952, 16.97387504559697], [81.74214077018055, 17.008955359302433], [81.73018884673789, 17.0236331224707], [81.72079396207184, 17.056622266904114], [81.69360613821286, 17.089068055346473], [81.7040940525986, 17.081210136338825], [81.70115876166759, 17.095405102063893], [81.70367395858639, 17.10342347631247], [81.68549740278306, 17.104080677481335], [81.67735362077306, 17.109532832674162], [81.66435265525095, 17.135740757030376], [81.66343915449343, 17.15516424173643], [81.65258324112378, 17.185057043747648], [81.64017617708905, 17.20672213991486], [81.63822054823979, 17.22779202428258], [81.65322685263729, 17.252612471888156], [81.65803086733078, 17.273298024684152], [81.65874004391802, 17.281183958472965], [81.65463614424274, 17.287280201819897], [81.65681314481091, 17.299844265000942], [81.6538585427376, 17.311977505257715], [81.64265894895144, 17.321678161218173], [81.63279557235794, 17.325098037444562], [81.62974274183418, 17.32235300528707], [81.61727631085316, 17.324423074665205], [81.61106955971255, 17.333270430486053], [81.61052095887524, 17.352433442749287], [81.60629451308145, 17.36659300306465], [81.60201477975843, 17.370319008515494], [81.60370552499009, 17.390485524787252], [81.61367213745919, 17.40195131340242], [81.61256980874973, 17.404723524870803], [81.6006642579492, 17.409448266124684], [81.58943355121752, 17.404619931964376], [81.58416545397259, 17.405597567873485], [81.5632901190439, 17.438363671446368], [81.54105150722128, 17.435517430485135], [81.52641153356555, 17.441697359345696], [81.51524651061803, 17.457818746637926], [81.51112186897919, 17.47289264228172], [81.49880623811751, 17.4798482660847], [81.47544443601205, 17.465605736115876], [81.46380364921916, 17.465986251864123], [81.43986594645631, 17.45985090689392], [81.40659165398174, 17.464636921656734], [81.3899189238193, 17.472200513243195], [81.38339614911305, 17.487869262756348], [81.36662566624167, 17.49839985357046], [81.3181319237494, 17.486886143680692], [81.30489265946878, 17.48958003499071], [81.29052770119247, 17.49954974652367], [81.2912093405387, 17.51744222627775], [81.28350651231577, 17.529949426225116], [81.28344094724204, 17.538084149364124], [81.26975977409435, 17.55892384056287], [81.26460635659814, 17.558621644972987], [81.26069962968418, 17.56383550140731], [81.25851416559632, 17.57357585434228], [81.26052260443467, 17.57997393624825], [81.27848303336535, 17.589942335670344], [81.28272426131562, 17.59604871257811], [81.28470420873239, 17.62151217454729], [81.28256094443205, 17.634769201337676], [81.29410195324263, 17.65830051935359], [81.30189085018267, 17.6647083759908], [81.32675015929257, 17.702836155764032], [81.36991035907593, 17.710341930835554], [81.38193833818391, 17.73366820792154], [81.38774323446276, 17.75390624997351], [81.39125585597307, 17.75390624997351], [81.38445293885215, 17.732765555685916], [81.3718403581461, 17.708226561706525], [81.33070004017483, 17.701797247245267], [81.31594955962461, 17.683872580755065], [81.30482494861249, 17.664157748081664], [81.29402625550736, 17.653340458795213], [81.28675305860688, 17.636858224827336], [81.28594517692844, 17.596039176167153], [81.28179764754341, 17.588857412439708], [81.26088714642478, 17.574363351087868], [81.26099157300277, 17.57076895242534], [81.278738975923, 17.554846644457157], [81.29282033479072, 17.529558419885277], [81.29525637608103, 17.49774253369104], [81.30964481835369, 17.491716623623404], [81.32090055951326, 17.491658925818825], [81.34941780528763, 17.501047849778544], [81.37100684668863, 17.500989556622812], [81.38198363793455, 17.496160745821825], [81.39326333973142, 17.47304320318129], [81.41367363972685, 17.465797663131752], [81.44966340094535, 17.464093803985975], [81.46316254141826, 17.46979105501319], [81.47315144538302, 17.468558072796952], [81.49678397220268, 17.48358643036957], [81.50012695819268, 17.482949972063693], [81.51450324073201, 17.472118258550893], [81.51845300200458, 17.456937670936824], [81.53346371667729, 17.441561460093396], [81.54419791670065, 17.43920362025092], [81.56301462612416, 17.44215822232414], [81.57534003261654, 17.433872342035045], [81.5798869131506, 17.42649865129181], [81.5804296728912, 17.417220830476992], [81.58851385143319, 17.407663822327606], [81.60416865336074, 17.41307866554807], [81.61423635502385, 17.409678817223693], [81.61765778078203, 17.400786280362595], [81.6127835515197, 17.397891878907203], [81.60669350630045, 17.380129576019215], [81.60916805296338, 17.36639606952309], [81.6156189439591, 17.35624885520052], [81.61254847053559, 17.343899249750606], [81.61717927490363, 17.330955625002147], [81.62327218086651, 17.32761585678638], [81.644468903817, 17.32575583486394], [81.67576050774127, 17.307430744333416], [81.68007195026044, 17.301482439463072], [81.6806471350574, 17.28971123658441], [81.6658668518738, 17.282808661090925], [81.6595959664808, 17.2671793702318], [81.65989792375021, 17.250751614495528], [81.66723930814769, 17.226562499959513], [81.66172683272728, 17.20410144352688], [81.66324341255361, 17.191506624431213], [81.65861403900672, 17.186208009592065], [81.66847586606846, 17.16032361993915], [81.67168557612857, 17.13532352466102], [81.6828700307274, 17.113461375342226], [81.68944680702467, 17.109966754662025], [81.69071972363642, 17.113206147745572], [81.70591294762457, 17.106261014534283], [81.7125742431069, 17.093287467542652], [81.72204577878969, 17.11354565620718], [81.71114814317232, 17.119698644077246], [81.70398306816415, 17.12992906547403], [81.70636844614702, 17.141313672288277], [81.71040987981226, 17.12633407146035], [81.72248017831768, 17.121378064146384], [81.7360621688342, 17.102229356499663], [81.73669075987075, 17.081993221909784], [81.73014533483936, 17.072690963816996], [81.73444902879967, 17.065208435321082], [81.74042332137927, 17.064976930940702], [81.74877715084486, 17.054323553888977], [81.75333523783112, 17.04189085917585], [81.76007044319655, 17.039309978472744], [81.75848281423063, 17.052029371658293], [81.75082921939307, 17.070942520780775], [81.75337707968865, 17.06793904325231], [81.76009154309034, 17.053988576211907], [81.76004862744227, 17.042554259371613], [81.76429760485067, 17.040043950268085], [81.76803064389921, 17.028005718888878], [81.77027285071162, 17.01603054977015], [81.76688277711858, 17.00174844243675], [81.78042542949007, 16.982300877483567], [81.77804505803297, 16.983034253028393], [81.77750921228042, 16.978062868206905], [81.78264331773508, 16.96775555567443], [81.78226804773234, 16.95612847814681], [81.77723085861729, 16.9433647393913], [81.78761672962841, 16.93007624172523], [81.79192924503869, 16.894697547353985], [81.79754412176393, 16.880547761769876], [81.80477595344766, 16.879156828025245], [81.80755114526917, 16.874920606600753], [81.80889785305354, 16.85369944547311], [81.82456505303483, 16.828562140630297], [81.83187127124225, 16.824059843986703], [81.83462464820903, 16.806208134098156], [81.85690784482122, 16.792727351486164], [81.92701411271119, 16.732209920551497], [82.01269304744633, 16.72019660488951], [82.03202664851116, 16.69921874994543], [82.04534447216977, 16.694162130078254], [82.06186103865602, 16.68085491662123], [82.07058060171354, 16.6850533485333], [82.08115255864371, 16.71862685714386], [82.09453845018939, 16.725720047542197], [82.10355353316916, 16.724414229233332], [82.11863935022589, 16.715193629582416], [82.13039934665258, 16.721134900855063], [82.14130473172807, 16.719570755885783], [82.15275800267975, 16.72488844354693], [82.19033133961975, 16.72924435124591], [82.22203660020901, 16.724021673361605], [82.23596382157316, 16.717304706247276], [82.25381720060338, 16.717425823343177], [82.27188885228887, 16.708179712623718], [82.29408884092729, 16.708176732270417], [82.31283974605756, 16.726680875122355], [82.31198275060356, 16.733132242758913], [82.34155464213316, 16.735795855694278], [82.34287071271339, 16.73826360707983], [82.34287774541176, 16.764859437812845], [82.35151791541946, 16.792633176280134], [82.35491585718123, 16.818042159118434], [82.34855341900524, 16.808466434278614], [82.35853242862876, 16.844404578008877], [82.3579882380669, 16.864816546246658], [82.36582148057701, 16.901965141478186], [82.35796594657123, 16.96346473730786], [82.3413028715303, 16.985152959541466], [82.33161330241214, 16.990594625041993], [82.32520115331059, 16.989505648566862], [82.34049773188494, 16.96581685566342], [82.35501885383704, 16.956063271003217], [82.35938012599209, 16.943954825055187], [82.363492131257, 16.90929651282383], [82.35462307929183, 16.851479649766134], [82.33575177202678, 16.856511235205446], [82.32580471081891, 16.855219364482167], [82.31197154505085, 16.840274333593683], [82.313323259361, 16.85147380866937], [82.30255353431832, 16.863923550031913], [82.28618860252212, 16.87677347621502], [82.28681182820341, 16.87164402025539], [82.28277015711708, 16.86498022106045], [82.28535377985318, 16.87296140204714], [82.28179287913818, 16.877551555260126], [82.27066183077895, 16.875399947049956], [82.26562499959422, 16.885323643871132], [82.25995791002967, 16.888210415478397], [82.25645244082753, 16.8864790199908], [82.25578415371584, 16.90021944047487], [82.2494020464674, 16.907554268814508], [82.24907255195686, 16.929979443196757], [82.25503122780898, 16.936655760055302], [82.2718131545536, 16.940381645896323], [82.27370834356535, 16.94799160922541], [82.2692141534105, 16.951514243787415], [82.27255475529776, 16.96635377430728], [82.27557742615735, 16.97109103232532], [82.28360450224605, 16.971827149003772], [82.28355026233484, 16.97676205642381], [82.27616023990325, 16.97641885264801], [82.27646386631446, 16.981298804296472], [82.285549521793, 16.983118176862405], [82.28032445890673, 16.986431836859822], [82.27850723302245, 16.99277615549525], [82.29763686694801, 17.03252065190665], [82.31893241369997, 17.05885267281269], [82.35098707709196, 17.09021842494046], [82.3515030145526, 17.09786605817213], [82.35592842096, 17.09420514115442], [82.36569631113596, 17.10449206785475], [82.36354875527084, 17.10919261015094], [82.3686624766921, 17.11840784534587], [82.36524283878609, 17.109486341321713], [82.36752474347227, 17.10593795737087], [82.47788071632206, 17.204722643035595], [82.53168594834787, 17.242694974093865], [82.59611225107963, 17.28274464644835], [82.59580814802771, 17.285608410699695], [82.60873293917396, 17.289368748668878], [82.60799765616704, 17.29609715965627], [82.61294436449097, 17.292194604697258], [82.6871980430553, 17.335052251859977], [82.754093527994, 17.36803185898316], [82.83816003765563, 17.40548431894618], [82.86985886089772, 17.415607452122345], [82.86815011483603, 17.42129385462775], [82.87332785089964, 17.431238174702074], [82.8797714708767, 17.43602001661057], [82.87316524987651, 17.42802405346741], [82.87501144382318, 17.4199527505191], [82.88545167435532, 17.426958441379057], [82.94693684595873, 17.45204281842142], [82.95371091372769, 17.459495425573536], [82.99062561957683, 17.4722627400335], [82.99516451323174, 17.475000500272984], [82.99453854551754, 17.479727863949762], [83.00548124346469, 17.48782360597471], [83.00523734103061, 17.495474815810184], [83.01334702974177, 17.503126740606646], [83.05861055853049, 17.524220823931955], [83.08836340894428, 17.533483505559445], [83.09149491755645, 17.53861105405697], [83.11074852932134, 17.546287417030783], [83.16281175655749, 17.561441540294936], [83.17246580155566, 17.573353767662297], [83.21302831140761, 17.59086501580788], [83.21795892726269, 17.599815726214857], [83.23825347461829, 17.611778616889723], [83.23290073857837, 17.615712166083654], [83.2356888059937, 17.628948450011052], [83.25989234475597, 17.64378380767667], [83.26118755376277, 17.650387525863707], [83.28251421435957, 17.659862637251024], [83.29525840275315, 17.674899339632915], [83.29457473723446, 17.684296369182178], [83.29821586646912, 17.686319827598012], [83.28264510618672, 17.687692046450877], [83.27165281782337, 17.70493662312674], [83.26331245930263, 17.704420447345782], [83.26615214330687, 17.706299542989584], [83.26366090792467, 17.710636376967287], [83.27230274707424, 17.711841344402544], [83.28281605201934, 17.68917107598439], [83.29925191424459, 17.6903147699108], [83.29741466045832, 17.693621635530178], [83.30129444638172, 17.692153215298717], [83.30090928113853, 17.695823550016925], [83.3055896759229, 17.693197846203702], [83.30634462800234, 17.68803465397616], [83.30831170072454, 17.697319030848618], [83.30239236391654, 17.696905612504082], [83.30621457074588, 17.697360753995696], [83.30634927749716, 17.701626300513382], [83.34449207774733, 17.724977612926523], [83.34263575113911, 17.736669420957057], [83.35084664865397, 17.747348904428478], [83.34909474862386, 17.750381946269883], [83.35831034174893, 17.76058053976014], [83.38477444608398, 17.777286649159635], [83.38479661976825, 17.78334248057108], [83.39126431909321, 17.793356657283937], [83.41018617185446, 17.810621857213036], [83.41578924677637, 17.823249817225374], [83.41616797467239, 17.83349466284851], [83.41146695573556, 17.836614370556845], [83.4100455043966, 17.8433839084407], [83.41890335080913, 17.856515169539534], [83.44354736761707, 17.872283458714705], [83.44661355037519, 17.88044083127943], [83.4542808535787, 17.887129306972014], [83.45154762232502, 17.89992654367515], [83.45888841137125, 17.90613102942352], [83.45798814323834, 17.920852422301493], [83.46015250653298, 17.90452885662154], [83.47086155431734, 17.914592265820474], [83.52946627115156, 17.94924807523857], [83.55780112722042, 17.982000827476313], [83.55982494356638, 17.99976444247517], [83.56617867990221, 18.00768578077424], [83.56471574283736, 18.010676503218164], [83.57310056653799, 18.01487004731493], [83.57281386896491, 18.017998576473246], [83.57486045344726, 18.01622641112003], [83.58486473581891, 18.021517754041184], [83.61062145231827, 18.04246044189594], [83.64386904212276, 18.06211674219395], [83.6714352368468, 18.085379361668217], [83.71132814927475, 18.109449267469785], [83.78465473652696, 18.147239327533043], [83.86043691633077, 18.174756645902562], [83.8707890510739, 18.180645823046376], [83.87767434159767, 18.190064549639345], [83.89216315720407, 18.197779059156332], [83.93691837748125, 18.210672616847887], [83.93426334857483, 18.214146971305794], [83.9504053591202, 18.216816663658136], [84.01181662084045, 18.249790668904325], [84.07509613058201, 18.27729177519531], [84.08643245729215, 18.287827252925453], [84.12463605441044, 18.309162139621066], [84.13016712691152, 18.315447449240423], [84.12737333800916, 18.325893520869357], [84.12533783946972, 18.32459712026099], [84.12371754622794, 18.327502370238207], [84.12740886212933, 18.33633244019005], [84.12456750898352, 18.34315431142241], [84.1295435433, 18.34355044389794], [84.12613093809242, 18.351697444581532], [84.13253176203128, 18.346826910633467], [84.13716995702802, 18.349509239359975], [84.15047276020985, 18.373203158399107], [84.1960995197771, 18.420364260302478], [84.28453505015247, 18.5000000000001], [84.3562730551574, 18.556639552473413], [84.35648453253523, 18.563017726087296], [84.34488034275378, 18.558589577647012], [84.3418297767229, 18.55171000950945], [84.33923113351003, 18.550663352431812], [84.34444153295053, 18.561129927704073], [84.35410761807228, 18.56322383900904], [84.35583746402781, 18.57455265548073], [84.36299240547524, 18.588276744276357], [84.37769591803234, 18.605904340413076], [84.44101572009956, 18.664150833893927], [84.44133400905733, 18.680103659456435], [84.46612942223513, 18.71316957451633], [84.48477530453684, 18.730049013850945], [84.49619615043216, 18.745233535998963], [84.52616953889324, 18.767180204502907], [84.54894673850126, 18.791038274996424], [84.55361342402043, 18.791905641432265], [84.55734896678152, 18.817037821038667], [84.57671165461923, 18.837847113353646], [84.5760524272778, 18.848411202115372], [84.58655560046068, 18.870429277689084], [84.58287477515083, 18.87605273754383], [84.58972907054024, 18.872861743274925], [84.61205434822969, 18.899724840828796], [84.68291676070001, 18.966825365798073], [84.67849194964387, 18.96732044258448], [84.6677972082746, 18.95714771719345], [84.66397202019269, 18.961617350460415], [84.67047440996615, 18.97021734685312], [84.68339073669316, 18.969308018950017], [84.68765783274293, 18.97259354635517], [84.74593842042188, 19.048111438791935], [84.76450514799424, 19.0749443766817], [84.7834217550101, 19.110094904955915], [84.76560640291333, 19.099663257553402], [84.75933790162301, 19.100552201423028], [84.75845587264055, 19.087600827216505], [84.75096893296998, 19.082094907853758], [84.75225186353279, 19.087651133493083], [84.74771595023103, 19.090516448175663], [84.7437312601896, 19.087574243256768], [84.73906087845691, 19.09205615496768], [84.72284364681698, 19.089728474789396], [84.71106564956014, 19.10799205259123], [84.70688724555006, 19.108119964964544], [84.70364332168205, 19.120714426129894], [84.71058261379673, 19.122385859319962], [84.71936690825632, 19.13013255557307], [84.72411656342868, 19.140375852563594], [84.74414205521171, 19.144583940496545], [84.74917840975596, 19.141849041000526], [84.75044834601451, 19.136299729349076], [84.74476885839616, 19.132830858057716], [84.74635791818346, 19.121661663155336], [84.73553836350473, 19.124679446199593], [84.73738264998931, 19.12210714772678], [84.73366761177093, 19.120941162304888], [84.73827373964153, 19.112540006915836], [84.73329782493468, 19.112604617808913], [84.7265624999595, 19.104073643483915], [84.7265624999595, 19.096261143836784], [84.73213124236307, 19.09783244111432], [84.73679840542209, 19.109818220434576], [84.74606323283209, 19.117493748837475], [84.75266575851808, 19.115482568865488], [84.75383436636307, 19.1112277503605], [84.75685584562089, 19.115189552655792], [84.76826202896947, 19.10933601834263], [84.77750241730288, 19.109863400575534], [84.79584145541898, 19.1280578375992], [84.8089497091618, 19.15475380424475], [84.84182465048733, 19.19312810887513], [84.9125783439155, 19.259617805317546], [84.90596795096033, 19.26346266247198], [84.9060018059387, 19.26945281009914], [84.90936791889445, 19.262882947789933], [84.9188922645665, 19.264656305644095], [84.95503127547309, 19.294872403138953], [84.96487295592235, 19.301308154947492], [84.96903800949664, 19.298427343147452], [84.9677467350239, 19.305150747608977], [84.99781143704834, 19.327382803373766], [85.06609153709488, 19.3656249049655], [85.05461370925545, 19.36560034717833], [85.04796016233169, 19.367496013730147], [85.04422032800582, 19.370607853269888], [85.03163707239307, 19.39049160470387], [85.03310990289978, 19.397511244048687], [85.03040981256291, 19.405756712402464], [85.01061546812943, 19.415821552422813], [85.01051700135869, 19.418115854263334], [85.03208637278792, 19.406794548030035], [85.04208290570162, 19.38076591521491], [85.066712259963, 19.371693134430643], [85.08344721781495, 19.382115006202625], [85.10564374945963, 19.414696216357413], [85.14038634255567, 19.44413626187901], [85.27476990180955, 19.53987073854387], [85.3375376460456, 19.579747557603753], [85.41921234127662, 19.62301731100014], [85.49258005632461, 19.654247045165064], [85.630831360479, 19.7222665549576], [85.65253174334535, 19.73144733892363], [85.66019260920163, 19.731788158596743], [85.66363477692349, 19.738867640629167], [85.77515745195493, 19.77725255456187], [85.77973270430098, 19.779832721203192], [85.77994585082044, 19.78524124578695], [85.78177046733325, 19.782163143414394], [85.78871345476225, 19.782854318272186], [85.90832793728455, 19.81805896774725], [85.90491175637251, 19.83221864677317], [85.91045570356798, 19.82067835292375], [86.04521465333366, 19.847216248431167], [86.03455925010937, 19.853822946971505], [86.0273860695116, 19.844910025177555], [86.02350604526791, 19.84430062747201], [86.034757733183, 19.854975819378637], [86.04756331469534, 19.851591944812483], [86.09499680955523, 19.859685063514974], [86.22818505739454, 19.90106952224076], [86.21675264801635, 19.911780356977943], [86.21216654804786, 19.903998374925152], [86.207831263602, 19.90492475037705], [86.21184587498729, 19.90522325065257], [86.21252596390227, 19.911291480117796], [86.21654725095502, 19.913175701897202], [86.22014570196271, 19.91157460198633], [86.22377681724643, 19.91575610595963], [86.22554373775333, 19.919638752626383], [86.22257912172918, 19.925469756224388], [86.22641956770897, 19.920167446070863], [86.22657322857177, 19.91729307161802], [86.22099733385997, 19.910912155971303], [86.2279460427757, 19.903705239105534], [86.23973250355223, 19.912723422048344], [86.23877322640331, 19.91601991668587], [86.24158811609877, 19.921869158534875], [86.24065244165692, 19.914825916482982], [86.24788534623187, 19.911405801936297], [86.29613161058543, 19.935517668305863], [86.36443722259989, 19.953595280697698], [86.365273833121, 19.95772230643938], [86.34793090838488, 19.96331417580862], [86.34608340232731, 19.96498465571733], [86.35149383527224, 19.96378660226995], [86.34334123091318, 19.969240546214323], [86.32866620977777, 19.954776048276074], [86.31696164576348, 19.94953012471555], [86.32873022531979, 19.95615255869373], [86.34112381930882, 19.97173511988001], [86.32338595369887, 19.983651279982666], [86.31773447996235, 19.97966074974387], [86.30298113866874, 19.98336780108319], [86.31806504736406, 19.980499624757954], [86.3217228653181, 19.984159946424427], [86.31181526186495, 20.004382253038656], [86.29449355573306, 20.024540066570893], [86.26542651662052, 20.017101645324743], [86.25514090023248, 20.018466114719445], [86.24210035824504, 20.02656674366034], [86.2231842278699, 20.025977254246953], [86.21700322611807, 20.029029368910273], [86.20069074638096, 20.04849100105895], [86.18667471426673, 20.053889155560142], [86.17277085818861, 20.06532216028947], [86.16673302670799, 20.086057901551044], [86.14917564424061, 20.118747234497334], [86.15659797211887, 20.146214842840806], [86.1635999676644, 20.158681630852698], [86.16391074638395, 20.1642949580459], [86.15896904458586, 20.17024207131459], [86.1472134593337, 20.17438614370559], [86.1240588430413, 20.16804504374386], [86.1071281432493, 20.17773425583127], [86.09198760964048, 20.18045747313397], [86.05877614020679, 20.195682644638396], [86.05396306484371, 20.204872131343848], [86.03913164171203, 20.204520106118082], [86.0351736543407, 20.210017561960967], [86.03497767408041, 20.216285348290228], [86.02576935287343, 20.225596427832983], [86.0227318998574, 20.24287712577882], [86.01358377926815, 20.251809120394682], [86.01298034226912, 20.256770968805228], [86.02359390273651, 20.27411794678585], [86.02603685891401, 20.285301208883737], [86.03284394709064, 20.299033641589375], [86.02075600658449, 20.33966100245334], [86.0257833004591, 20.357204556045502], [86.01452624808795, 20.36102044603686], [85.9950928690408, 20.361098527874844], [85.98034954079876, 20.366292238595975], [85.95724105792854, 20.363313436665777], [85.9525568482201, 20.378484964509596], [85.94603157070051, 20.38313126599519], [85.92877542964251, 20.39062500004377], [85.91451072688866, 20.391311764626295], [85.90690374391275, 20.395832062100055], [85.90594553965505, 20.409457206584904], [85.90122950114065, 20.42061805757737], [85.90634894404869, 20.413319349608344], [85.91107606850588, 20.39388024817501], [85.93442654634819, 20.39062500004377], [85.95280182354546, 20.3820358512736], [85.9580761198171, 20.364391922549316], [85.97912490339169, 20.367995023951266], [86.01715445561368, 20.36291575465836], [86.0282795432664, 20.358696341563018], [86.02311587349888, 20.337139844827988], [86.02714550536095, 20.33114755141844], [86.02842175935686, 20.316889643942005], [86.03517603844355, 20.30519902661385], [86.03503477563456, 20.295363306871167], [86.04004573782063, 20.28248322012459], [86.06191873566124, 20.268020153007683], [86.07323312790666, 20.24947202161661], [86.07826244795373, 20.24989974457756], [86.08388483491731, 20.243232846318875], [86.10738992690361, 20.235814928716024], [86.13118970424156, 20.221728443712777], [86.13564550863342, 20.224021673561452], [86.14378798033104, 20.22206854842483], [86.14914011922124, 20.216936349533], [86.15059590307854, 20.21057510385799], [86.14566194983914, 20.199406742627133], [86.1487865444636, 20.182118654052744], [86.16527783910104, 20.170168281041413], [86.16657507428036, 20.159681319936993], [86.1505454780914, 20.118829846220507], [86.16670644274822, 20.095077752736188], [86.17327165646188, 20.070720314790748], [86.17932105052623, 20.061972856562136], [86.1914640664136, 20.055132865789147], [86.19461774871016, 20.057150125178197], [86.20206212976362, 20.054115772125215], [86.21291530110031, 20.038365006240127], [86.22916281201427, 20.027675032177115], [86.24195873750577, 20.030830740646223], [86.24330115282609, 20.034465312923857], [86.23899865136681, 20.03717386678062], [86.24517142791919, 20.04022800941516], [86.25049614917796, 20.05562591550364], [86.26878750344056, 20.062692404131212], [86.27395987504829, 20.061633467710436], [86.28708827540365, 20.049800276361793], [86.29206180600764, 20.053695201472408], [86.28748106959577, 20.05762731984501], [86.29036152346569, 20.060741543487524], [86.30218637000505, 20.045809268582957], [86.32530057436205, 20.033364653356102], [86.32982623539252, 20.01887452563895], [86.3364039658704, 20.010438680700616], [86.33933162695305, 19.990094899959715], [86.34922695196238, 19.981337427780105], [86.34987974195664, 19.986777663358495], [86.35064792666057, 19.982235074389237], [86.35472404987516, 19.980634451119144], [86.37508153898196, 19.98040020470576], [86.38187563375365, 19.995270848171174], [86.3827587365266, 19.992094754769113], [86.38709235183072, 19.99212205368984], [86.38103592416869, 19.98989522438515], [86.37759554429906, 19.978788972133415], [86.38689196129499, 19.97601127659921], [86.4077016115402, 19.995347142156973], [86.41254925684288, 20.00995802903992], [86.40732777145953, 20.019427061010077], [86.41173744242914, 20.036524415069806], [86.41481006163517, 20.030307054626974], [86.41439425918773, 20.040324926654108], [86.41887700546957, 20.04838764647272], [86.42587840566401, 20.04717612297975], [86.42699182031632, 20.04950594894052], [86.4235118630821, 20.05608296355797], [86.4119645356349, 20.0553308722221], [86.42119753333961, 20.05768442139899], [86.42849945998219, 20.053914070378084], [86.43080234495241, 20.0588370563851], [86.43701684465177, 20.060890555754668], [86.47548151046342, 20.100129604397807], [86.47744262247917, 20.110200524734495], [86.48199725157198, 20.110853076408347], [86.47967314709823, 20.10707974413495], [86.48366033995276, 20.110081553421082], [86.48103833235328, 20.114832044063633], [86.48392963384563, 20.118861556315835], [86.4853354693565, 20.114092111561774], [86.49383604569707, 20.123563170603973], [86.49970138091416, 20.138875603326454], [86.52238166328314, 20.171177506536765], [86.55899417444172, 20.200485349019687], [86.55011212817229, 20.194783926037417], [86.53942215410919, 20.193572879185126], [86.5379822252996, 20.188426971027923], [86.52930235831727, 20.18580174475477], [86.50367414954238, 20.164192914671332], [86.5020116565129, 20.15852391764477], [86.49509704089584, 20.15412402140649], [86.49502527679513, 20.146456241562362], [86.48921573192055, 20.143263578151732], [86.49224221680495, 20.139357447488294], [86.48858642592293, 20.120937466790735], [86.48712444303865, 20.12714135628869], [86.4908902641744, 20.133278012470385], [86.48838853820055, 20.139649510416604], [86.48437499970655, 20.136997818894258], [86.48300254343278, 20.142275452550223], [86.47643041573124, 20.141175150912602], [86.47659945500092, 20.138000130401736], [86.47441792454768, 20.140776157693608], [86.48469305034408, 20.144621729809103], [86.48953604705096, 20.151898264993008], [86.48820364478254, 20.16665947445523], [86.48437499970655, 20.169642806270588], [86.47398245302784, 20.161132812229596], [86.4750065802896, 20.153221607491247], [86.4690669772593, 20.146211504557385], [86.46446514095359, 20.14652037581476], [86.46195757388298, 20.149494051609253], [86.4591684344758, 20.157863855732444], [86.46005070177856, 20.16190612306923], [86.46408104860163, 20.14853763610307], [86.46898424592624, 20.147581815948143], [86.47347295291453, 20.152694344868195], [86.47175264336985, 20.158648848765438], [86.47573697548111, 20.1638677117256], [86.47440075918777, 20.169050813144594], [86.47753942010829, 20.165591836194324], [86.48273062711681, 20.171398162395406], [86.49254047876016, 20.173299551333344], [86.49489676997004, 20.178125500491518], [86.49183821706018, 20.183131217831516], [86.49759256874219, 20.19017207578071], [86.4991792444267, 20.18740105591408], [86.49374425369447, 20.18140482886986], [86.51034975054066, 20.177544354988044], [86.5181313755626, 20.187191247678072], [86.53622245800014, 20.200004219818936], [86.54075157602452, 20.20172965549932], [86.54530823218917, 20.197815537057522], [86.55341994797223, 20.209934830627986], [86.55725944067078, 20.208056449945275], [86.57490468060664, 20.218134641300765], [86.58269023926314, 20.218352556025707], [86.63458704965277, 20.243967533075278], [86.6332825425554, 20.247365116906707], [86.61037075490643, 20.245566248883364], [86.60603117979517, 20.247509956319533], [86.58082115667108, 20.266704916998407], [86.57676208010608, 20.274858236318636], [86.60870623570437, 20.24806904774843], [86.62914276082981, 20.248619556047714], [86.63446104564085, 20.247724056120347], [86.63623178017261, 20.244927406474716], [86.68018722526037, 20.2586592438291], [86.67324852939626, 20.2619496581502], [86.67240917684214, 20.26744914016578], [86.66652834450761, 20.273391008588305], [86.67099833480543, 20.28201663475994], [86.669463754149, 20.27521491014005], [86.67217111550465, 20.273475647383293], [86.67582654935583, 20.278913378349785], [86.6738791466054, 20.26858067525805], [86.67998850386644, 20.263515115230433], [86.68090033548216, 20.26981413321579], [86.71738064270264, 20.286842465207627], [86.71746861978104, 20.292347073358883], [86.70878195752138, 20.29232692674634], [86.69360315775961, 20.28490674465064], [86.68469417139906, 20.284877061627128], [86.68047070505904, 20.29064476464427], [86.68991434557066, 20.285464644477855], [86.70357847206893, 20.291389941992264], [86.6886068581201, 20.297179341153765], [86.68391907180788, 20.307234048512555], [86.66503095621371, 20.321668028856493], [86.64835727187065, 20.327816367231634], [86.61974596960093, 20.33196306204573], [86.6080287692125, 20.339213252489742], [86.59450793259518, 20.33315443982562], [86.57787954800287, 20.335347175831544], [86.55770063367734, 20.322045445540994], [86.5374907251169, 20.32688796560717], [86.53255856062916, 20.33496093769719], [86.52342987079194, 20.33992457395999], [86.5160319801918, 20.339535475082158], [86.50490677382865, 20.32873642404681], [86.48574590644844, 20.32974863079474], [86.506286620731, 20.331451058219812], [86.51215720169367, 20.338915348464553], [86.51940286135297, 20.342005252640377], [86.53006184118115, 20.339526415311894], [86.54188871389309, 20.328609943394184], [86.5577507016337, 20.324680447444763], [86.57134294532082, 20.337002157723532], [86.58713674556444, 20.337696552154284], [86.5917154549044, 20.341209411984863], [86.59764730937584, 20.342416405592672], [86.6103346345358, 20.34197175469285], [86.59267151337971, 20.362085342264777], [86.5914812084911, 20.382672667509695], [86.59385216224754, 20.393592953452043], [86.58849263182967, 20.399995923173407], [86.57577204704236, 20.404061913726366], [86.56321096421479, 20.391815423642925], [86.52337133841664, 20.39062500004377], [86.51542711237138, 20.398746370948345], [86.50731420498673, 20.390481948483227], [86.49850285082593, 20.388581752945584], [86.49271035170139, 20.392803310924165], [86.49816954139138, 20.400813817903497], [86.49644494028192, 20.405368804926525], [86.4886914487515, 20.410406112751957], [86.47597515552908, 20.408933400955732], [86.46577107887228, 20.413532853158728], [86.45107710362558, 20.435845851504865], [86.42139184445816, 20.4519777293888], [86.41139006579894, 20.44704580322133], [86.3985301256649, 20.449834823918025], [86.39286291559122, 20.443388819838276], [86.38710546484546, 20.442304015318115], [86.38289690027185, 20.44484925229122], [86.38144624255008, 20.454767942586614], [86.37426543210407, 20.45456445208785], [86.36058485520707, 20.461012959880208], [86.35048544434781, 20.454592465969654], [86.34361732008338, 20.462024449868522], [86.33900260908322, 20.453712939800425], [86.32883596400862, 20.453403949832506], [86.32557105985657, 20.45739448097055], [86.31938350204709, 20.4575965406479], [86.30822432019633, 20.462641120391424], [86.30587005605841, 20.466502547554597], [86.2908536198988, 20.470419645450335], [86.27976655917942, 20.46500420597934], [86.25492501257938, 20.46241545710774], [86.23113524919248, 20.453046560150653], [86.20313620537164, 20.449000477889854], [86.18592715281594, 20.45395660391418], [86.17176854578187, 20.449405312205442], [86.15901744340042, 20.450446844046667], [86.15204286548592, 20.457848310351295], [86.14207005488922, 20.46130204245543], [86.13555204838846, 20.46061646947456], [86.12967681883023, 20.454560637163752], [86.12242782088734, 20.454883217686387], [86.11394214631312, 20.45761990503459], [86.11154210578368, 20.46158170732997], [86.105068444853, 20.460949778909196], [86.09343850568254, 20.466747641590445], [86.0823329683918, 20.462685465961584], [86.06984102724167, 20.463005662381534], [86.06665205914524, 20.45657753952193], [86.05088317371954, 20.448178053274603], [86.066814541458, 20.439977645452046], [86.06884861007543, 20.433547973959918], [86.07327222863054, 20.430930257025864], [86.085715770966, 20.43355345712638], [86.09426915639662, 20.4320098158004], [86.09413182722218, 20.42489063769284], [86.10844504840034, 20.4218949078238], [86.11667895327125, 20.41017472708205], [86.09993183568574, 20.421646356793985], [86.09195172759027, 20.422568321071168], [86.09118890734229, 20.431383133125138], [86.06864261586415, 20.430140972428006], [86.06472206097445, 20.439177751552023], [86.05875694777498, 20.43945312486187], [86.05059742942794, 20.446013808690424], [86.04155385502642, 20.439657806962288], [86.02372026467859, 20.43636035904339], [86.02056264874736, 20.436824440695432], [86.02209365369933, 20.440027952627958], [86.0141645668414, 20.447512149366332], [85.99992346769389, 20.442874550620047], [85.98349595027801, 20.44560575480179], [85.97685360890696, 20.45453333824301], [85.96656084021075, 20.46062850959811], [85.94870281258486, 20.46587920226341], [85.93851017980111, 20.46543777003717], [85.9243470428818, 20.477686643324034], [85.92302596577574, 20.48330545458313], [85.90975487268932, 20.492663145088102], [85.94215452681007, 20.484201550761014], [85.95905137072432, 20.472507357728432], [85.9811880587819, 20.463537573600263], [85.9834622149094, 20.45879960062115], [85.99729514145778, 20.45402753344399], [85.99650967088465, 20.448300957323397], [85.99990725561545, 20.445654153616346], [86.01001095803943, 20.452773452233117], [86.01864266362813, 20.45067787178644], [86.03042614495078, 20.442398667164838], [86.04339063127273, 20.446764349595156], [86.0600359438038, 20.465829014697306], [86.09174323056564, 20.470066905263593], [86.11329114417097, 20.463998317868146], [86.121147513647, 20.45710897409998], [86.1425509448703, 20.463500618658657], [86.17195916158616, 20.45207595783924], [86.1827498678123, 20.456502438037177], [86.2073624137445, 20.451801419100292], [86.21446454520273, 20.455057143872125], [86.22792184381811, 20.45479905643137], [86.25469172034676, 20.465631604515067], [86.27265226798787, 20.466275453449498], [86.289244413499, 20.472377062151793], [86.31186854849486, 20.46850276029423], [86.31666815291302, 20.47088551495466], [86.34091174568064, 20.471509933136957], [86.34833252402686, 20.47009336961341], [86.35265064221343, 20.464285731301544], [86.36894690987211, 20.46755623822986], [86.40089011218905, 20.45516324049126], [86.41570591949275, 20.45570647687245], [86.4496951100414, 20.439702630072418], [86.47056615340537, 20.41273772746419], [86.48626792422536, 20.413475871214587], [86.49920535084638, 20.40744674247327], [86.51664125918691, 20.41816616034012], [86.53073966470387, 20.41443300258112], [86.54864966864736, 20.41592860212336], [86.56979143582615, 20.410945057568483], [86.57528507674496, 20.40600717069441], [86.59027755226734, 20.402963280331193], [86.59742975258112, 20.396377444263663], [86.60151267017366, 20.386424780279413], [86.59584104982466, 20.37630403030684], [86.59597122669092, 20.365040660198332], [86.61223304312054, 20.347767829521814], [86.6171256302438, 20.337998867353917], [86.63305890544419, 20.33261930903396], [86.64915347135573, 20.335020661674235], [86.62988293165213, 20.337445855342082], [86.6344722511935, 20.33935785268281], [86.67294311513271, 20.32928025757792], [86.69510650675991, 20.299693226861024], [86.70809864993285, 20.29759716977364], [86.7212773565648, 20.30605232675353], [86.73712027058414, 20.308999657808045], [86.77045035340123, 20.332460641645383], [86.77488994571453, 20.33975625055058], [86.77357184896172, 20.34703826890103], [86.77780890495714, 20.34293174770201], [86.78945934777082, 20.359240174194724], [86.78721761669973, 20.37118065376427], [86.77775943235193, 20.355157255702892], [86.7852772475471, 20.377236366465155], [86.7733870742542, 20.3752452134959], [86.76407575639107, 20.365641951414972], [86.77239477669772, 20.37768256689705], [86.78141963440865, 20.382065653906835], [86.78031802155945, 20.39062500004377], [86.76882147792892, 20.39808654825569], [86.76079154019757, 20.39666724179986], [86.75639534017293, 20.38876223608841], [86.75846934318574, 20.396317720286618], [86.756391405639, 20.39889287950288], [86.74024105028431, 20.393875360359687], [86.75197613279246, 20.39992797399691], [86.7494579555204, 20.405086636339263], [86.74468505377237, 20.40588974981216], [86.73322331930078, 20.403277039403946], [86.728197931989, 20.394643545063616], [86.7156907320418, 20.393435120634393], [86.7045211792092, 20.41040563611128], [86.70509505279446, 20.419261455451874], [86.69049000700838, 20.4079860452199], [86.68510103188711, 20.413310050618406], [86.68690824471983, 20.41691374737158], [86.69374275232619, 20.418524622913083], [86.69066774811822, 20.427123546414606], [86.67801713957934, 20.428292274768694], [86.67591321432346, 20.43375265606025], [86.6731922624131, 20.429674029133224], [86.66328561314063, 20.427060842084245], [86.66333878016067, 20.431143760576163], [86.66971802666566, 20.44171214090258], [86.66510844270047, 20.441629409569686], [86.66356515840536, 20.435464024545126], [86.65811943966051, 20.436130047164056], [86.6583974362928, 20.446081638257112], [86.65313684928626, 20.444872379256964], [86.65044331590647, 20.44750082510302], [86.65187215787395, 20.454146027217462], [86.6464431287475, 20.451200246594198], [86.64051794994359, 20.451713919561826], [86.64017283960496, 20.445187568251697], [86.63191485448701, 20.44592344750913], [86.63527774786988, 20.437266349562464], [86.62584900822529, 20.432951450049472], [86.63471901437114, 20.43814194209702], [86.63104605633058, 20.44319176668671], [86.63176214690557, 20.44707465167386], [86.64001965538293, 20.446657180984175], [86.64023184772176, 20.45311272147498], [86.65241503722424, 20.455510258291866], [86.65270805343394, 20.446996926866717], [86.6603318456383, 20.44662117932404], [86.65829467795717, 20.439515232941716], [86.66042137134926, 20.43629884721409], [86.66536450396873, 20.443610071947347], [86.66923654043407, 20.443610071947347], [86.67169785537189, 20.440706252791387], [86.66443705562571, 20.427821755769457], [86.67580032332629, 20.434921264804615], [86.67882966985351, 20.428900957513264], [86.68436563016982, 20.430452108178315], [86.69497752149559, 20.427416562624387], [86.69456195826783, 20.417147159214153], [86.686403512812, 20.414637446361155], [86.68880414959196, 20.410724401709814], [86.69239771368368, 20.409773111440074], [86.70451986799762, 20.421522855595384], [86.70695030651152, 20.41985297193719], [86.7063713076898, 20.410108447047264], [86.71619343777698, 20.396405458145466], [86.72261202332632, 20.39443433307804], [86.72725212578504, 20.3987103701875], [86.73277556933718, 20.41037392601592], [86.73318254943516, 20.454058051038317], [86.73826634861317, 20.468955755104076], [86.73841500295018, 20.475151300692005], [86.73383343196738, 20.478731274229006], [86.73811113821856, 20.47792625419339], [86.74390387566339, 20.4689176085609], [86.75639784298616, 20.5006376504073], [86.74990975872842, 20.51655042196444], [86.73656654361125, 20.519927620863115], [86.72731471050557, 20.534202456278422], [86.7287935017188, 20.544555425592534], [86.71776175470129, 20.55239951572517], [86.70812356475088, 20.566406249748724], [86.7124948499575, 20.595244169482868], [86.72324287885593, 20.596572280186678], [86.7302434444795, 20.604558110668393], [86.72483837599034, 20.613430500017643], [86.72563016430072, 20.621765255762057], [86.73324930701003, 20.64251732871179], [86.74501514453331, 20.648561119999755], [86.7460875509997, 20.657212257239934], [86.7437256579129, 20.660406828112656], [86.72995352733355, 20.662358522427894], [86.71226847171263, 20.63940465460115], [86.70495045170205, 20.635331630450395], [86.6820305584636, 20.64338290729546], [86.67589676392456, 20.63622295842282], [86.67111551736738, 20.608349799903408], [86.66686105769182, 20.604425430089577], [86.63732445196203, 20.60878717888525], [86.61231970808811, 20.606777548445137], [86.61293852349414, 20.599474548911417], [86.62301933727261, 20.585786700096207], [86.61660265918553, 20.574337005748305], [86.60252475731184, 20.565642714539734], [86.59774935275053, 20.569585203894178], [86.59395205983978, 20.589011072702903], [86.58675587188608, 20.60117566602426], [86.56922531169883, 20.612752556885084], [86.56305694542172, 20.62047231214757], [86.55432105067607, 20.623811126182602], [86.54831945917587, 20.623021125724478], [86.54265451449422, 20.602504015048282], [86.53188192870815, 20.598845600843816], [86.52205562576668, 20.61304783848709], [86.49585986114371, 20.616295338059444], [86.46895635165444, 20.6038614508453], [86.4499632123325, 20.60103392567521], [86.43815922736653, 20.606268048331856], [86.41868007192792, 20.623654246646225], [86.40676534174727, 20.62604606107692], [86.37938356380059, 20.5977566243688], [86.37131035339016, 20.594785213067155], [86.34899949992715, 20.606805801546614], [86.32873332528274, 20.607179641627283], [86.3203840257024, 20.6255090237226], [86.28383815250882, 20.64671504476354], [86.28192126735271, 20.66456603969101], [86.26970303037066, 20.668439149946806], [86.26638054892337, 20.672235846607066], [86.26929926894618, 20.679426431784492], [86.26546061081856, 20.68014633638444], [86.25691390015643, 20.67287385444493], [86.24945366405538, 20.687500000124942], [86.24038016831022, 20.686971426290285], [86.2329194546692, 20.689395308746555], [86.229954123684, 20.69581925875181], [86.2408638003242, 20.702628612320638], [86.23978555186184, 20.708131551330098], [86.22856533572175, 20.712671757096018], [86.21926641501321, 20.72407233676904], [86.19394135510956, 20.738677740485457], [86.18899595709783, 20.76082587241612], [86.19331765188824, 20.776898980503546], [86.1893779036674, 20.78310656531579], [86.16317856334015, 20.797232151043033], [86.14997994931534, 20.793134212074335], [86.13606524471541, 20.78250420120804], [86.1579303743874, 20.799398541409687], [86.16876482993311, 20.7974901197733], [86.19177222271, 20.783113837233856], [86.19488215478773, 20.776156544289194], [86.19067966963107, 20.761084557006768], [86.19582605352971, 20.73987305189982], [86.22327172740839, 20.72394514115544], [86.2297899722295, 20.714036703131427], [86.24331474338081, 20.708789110429194], [86.24424040297228, 20.703428507119924], [86.23262214689473, 20.696193933403407], [86.23246824771147, 20.692397713383826], [86.23785650697235, 20.688649058507252], [86.25217580756757, 20.688226938322572], [86.25704491159351, 20.677794456349176], [86.26484704025884, 20.68184506849522], [86.27033352886932, 20.68105351940443], [86.27238202081375, 20.67749238036913], [86.26775956125485, 20.672629475370087], [86.28326225275092, 20.665264845296406], [86.28963112827407, 20.64435446288823], [86.32174527642351, 20.62864720800232], [86.32566213599878, 20.624015569962637], [86.32837915427464, 20.609202503792602], [86.34811186816822, 20.609799504343727], [86.37203252338233, 20.598294019653338], [86.37800455056967, 20.598529457668462], [86.40229272812704, 20.624634623688962], [86.40329527885419, 20.630050659410472], [86.4215189222605, 20.625512838646614], [86.45088267289711, 20.60298895827387], [86.46693193905779, 20.605122804873645], [86.49203252817867, 20.61807155575781], [86.51150894158454, 20.61956524873733], [86.52260613406591, 20.615784049194616], [86.53409421417675, 20.599974512613755], [86.54214286769925, 20.60509264431016], [86.54574394202936, 20.622835636055783], [86.55510687827987, 20.624985456413782], [86.56449782841221, 20.62231624160131], [86.58854222314508, 20.60172712760493], [86.59726047499103, 20.588867067860917], [86.59884417032228, 20.570435404970027], [86.6054400203407, 20.56772720814419], [86.61503434226111, 20.576798916037262], [86.6202651266344, 20.589379429617026], [86.60994815808115, 20.599846959069936], [86.60900664344192, 20.608184337237446], [86.62818074254736, 20.611019372646012], [86.65964615304759, 20.6094031335478], [86.67170357685873, 20.62286877607329], [86.67467916011523, 20.642519473594916], [86.68342375760048, 20.645295858816894], [86.70958352056314, 20.639211178053472], [86.7207640406281, 20.65898847583756], [86.73623132671443, 20.665384650281425], [86.7460464241033, 20.66130185139943], [86.73957920051973, 20.67014944554049], [86.68971204757301, 20.682497620169073], [86.68508672727077, 20.686282754245838], [86.68900001024232, 20.688670516331314], [86.68522262562377, 20.695826054029226], [86.67513203621459, 20.70058524651199], [86.62574481996754, 20.685576319691506], [86.61472642428518, 20.68782222271747], [86.59601438065923, 20.700538039299204], [86.58810555912439, 20.691105127699558], [86.58445954297363, 20.690210342733167], [86.57663702937552, 20.69693851450097], [86.57718455822081, 20.70092010457924], [86.5806020494451, 20.706206679294837], [86.56319034096148, 20.718958854567546], [86.55210316153173, 20.713597655007874], [86.5419260267648, 20.69278264030669], [86.52925074082904, 20.69486820680237], [86.52747714555395, 20.689407705900976], [86.52472484147827, 20.68934345203874], [86.51905262487875, 20.698363900373778], [86.51512885131544, 20.69867241370102], [86.51186227802188, 20.686451077655164], [86.5003379579305, 20.68495726596518], [86.48774492758648, 20.678321361941386], [86.48035335562301, 20.679466128758918], [86.46904385119288, 20.687984823740692], [86.4524463412258, 20.68171501123888], [86.43980181210398, 20.687148451539855], [86.4247385266618, 20.684579610960327], [86.42067754263454, 20.690682649584744], [86.42718982674924, 20.70461297001259], [86.41987562166267, 20.71363294080757], [86.39663314790155, 20.7203110455184], [86.39267694928193, 20.72533404782814], [86.39123344386846, 20.734218716520616], [86.37935912652259, 20.731658577781218], [86.36682295761344, 20.74083936174725], [86.35007691381858, 20.742187500352884], [86.33983004112352, 20.748070358860076], [86.3301365374713, 20.756059050984504], [86.32910704575366, 20.77224802952304], [86.32751071494764, 20.77370452924066], [86.31806397447295, 20.77458310122924], [86.31329631847044, 20.776505350841347], [86.30444753182817, 20.785046457827832], [86.3031897544038, 20.792564273022805], [86.29913735350621, 20.794296503081227], [86.2909827229744, 20.788833618077064], [86.29133903976495, 20.784162759703634], [86.29662454158935, 20.778900861485596], [86.29804646956907, 20.77344953996439], [86.30725002257057, 20.772847652497234], [86.30947434906201, 20.770589471027336], [86.29668724502042, 20.77297830600409], [86.28571927522441, 20.79036498095914], [86.28171050583532, 20.802279353209713], [86.27019298102138, 20.80650305786986], [86.26891744108715, 20.822298645965873], [86.2652677296222, 20.828240156458094], [86.24848794955935, 20.833634257714948], [86.22632586914355, 20.82394742973014], [86.21983420828215, 20.824203967639107], [86.21580004653507, 20.83664727255365], [86.19438195186572, 20.856518149293237], [86.19350850601282, 20.864991068782814], [86.18733704067202, 20.862993121435522], [86.17899215226603, 20.85319030249059], [86.16104793541396, 20.854265570599637], [86.15320503688301, 20.864931941056284], [86.14564263779758, 20.868595958037133], [86.1402003769459, 20.881189346311373], [86.12959194171484, 20.878509521297474], [86.10298454749895, 20.89053785833559], [86.08298003689927, 20.882004022367767], [86.06068813844698, 20.88542461355513], [86.0526204112031, 20.876750468959017], [86.03656554226612, 20.876674056262743], [86.02950251063245, 20.883854150848492], [86.02377867654477, 20.88294363044426], [86.00764215006521, 20.888311147741376], [85.98734593356815, 20.886211753269862], [85.96897637875699, 20.866064548140486], [85.95640325580578, 20.84644365325201], [85.9491235019481, 20.84294331108498], [85.9231512548267, 20.842868447021317], [85.91420495469495, 20.836804032480188], [85.89351725611655, 20.840078353433313], [85.85455930227002, 20.860709070966948], [85.82757008109448, 20.857493758130516], [85.81013727181781, 20.86108875304356], [85.80649125566705, 20.8677166701882], [85.78599154957047, 20.877629041846888], [85.76685643157921, 20.87060964082235], [85.75983762770451, 20.874467849311856], [85.75300467052912, 20.86599910267651], [85.74440681901964, 20.86419475058736], [85.73714482767181, 20.867503047028066], [85.72316086268378, 20.8482275007986], [85.7127459048996, 20.84492647627596], [85.70453035788987, 20.83671295633792], [85.6987812519533, 20.824527144412258], [85.67914235623479, 20.822172165313248], [85.66937696977149, 20.82596301997748], [85.65999305233763, 20.820918202812834], [85.65107727069957, 20.82035112360552], [85.64280295389321, 20.81622326329301], [85.63979494558029, 20.810156464649197], [85.62624442593952, 20.806036472505212], [85.62130045874929, 20.790084719834], [85.60924470407988, 20.78162944324427], [85.61200237261156, 20.756321906630745], [85.60622656310548, 20.749269843128786], [85.59855484962671, 20.74947416819836], [85.57969737033741, 20.740513443840456], [85.56305241573656, 20.744948148338494], [85.54738080458057, 20.743327259745257], [85.51974034294258, 20.746077179718156], [85.50870227818766, 20.751391649604983], [85.50784134819966, 20.75828075415359], [85.50157570855217, 20.756726860556228], [85.50145029989156, 20.759749531415792], [85.49578297110733, 20.759760856578396], [85.48264634645179, 20.770425200862405], [85.44863843921271, 20.771763444227673], [85.42968749967847, 20.77901780572728], [85.40646684167146, 20.80032670471377], [85.36928975591755, 20.801687121763337], [85.34715557067315, 20.813477516174544], [85.32865965391997, 20.818170905263116], [85.31619000426534, 20.82423233945093], [85.31299734085471, 20.832170725298795], [85.29886007293405, 20.844757437905457], [85.28466773053142, 20.85088992123292], [85.29202806993956, 20.873028636362505], [85.28931045541336, 20.88348793971676], [85.28066551719999, 20.888180852164652], [85.26205265530595, 20.888419747173657], [85.25618600887728, 20.895540952353173], [85.24903464313442, 20.893060445882895], [85.23990964861147, 20.905305147214875], [85.24171686144413, 20.9278553723276], [85.24685752385577, 20.93707895323118], [85.24190092119059, 20.942608356590455], [85.23734211924344, 20.964049458615676], [85.25315952309361, 20.972516655719147], [85.25673615924646, 20.9786863323084], [85.25462126765748, 20.98869967445043], [85.24502384667332, 21.00010406994693], [85.22765052305331, 21.01204574111813], [85.22130882774027, 21.021261215532718], [85.20761156122458, 21.0231871604592], [85.20158266990435, 21.030490756243438], [85.16882514946124, 21.043560027973], [85.15744435757111, 21.062228917630478], [85.15503573391211, 21.072794675533913], [85.13999176051149, 21.07470071306747], [85.12614333594635, 21.06872904291106], [85.10802102095343, 21.069652438009683], [85.10445725949498, 21.075290441700616], [85.10231924094032, 21.092829227087293], [85.12370800961705, 21.10832524291567], [85.13408386667717, 21.12348735305889], [85.14268875088524, 21.12894666235863], [85.15215980992744, 21.147476911630264], [85.14601767057914, 21.154992580143585], [85.13635814151505, 21.17740166205715], [85.1251610514415, 21.1843222383807], [85.11805152935463, 21.18579626048907], [85.09697210767669, 21.18160104725058], [85.06330203975742, 21.193175673618526], [85.05932664870588, 21.197944164191853], [85.06021797667844, 21.223664641609986], [85.04852592942817, 21.22788357716547], [85.04089152792173, 21.249877333272394], [85.03062427029388, 21.258262634513045], [85.02900934240736, 21.265110850485456], [85.03117191784983, 21.26626765742654], [85.03236114984733, 21.26025891271871], [85.03914177457338, 21.25715625255907], [85.04449093311021, 21.24994850202185], [85.0492508414533, 21.229453921161536], [85.06336247959487, 21.224495053104306], [85.06328904635248, 21.19623005367407], [85.08907282345209, 21.188843727456117], [85.09381973749092, 21.184739232429678], [85.1239874361714, 21.189445733633733], [85.14057314433515, 21.17675626269144], [85.1560783386445, 21.151255130819692], [85.15230333812869, 21.130523442802712], [85.13645124472933, 21.11928081555729], [85.12890326987016, 21.107312679136896], [85.11399865181644, 21.094447374546775], [85.10956442395909, 21.084385871910484], [85.11135590045453, 21.075474858478003], [85.12197411041691, 21.07287847975809], [85.1409087182628, 21.079990863487694], [85.15393674348607, 21.077103853560033], [85.16058814552659, 21.068040967117042], [85.16735494137745, 21.04885435124737], [85.19116234766435, 21.040710806658467], [85.19600141073667, 21.03396511070136], [85.20252883403853, 21.034010052522035], [85.2067326304066, 21.028973817587683], [85.2129936214586, 21.029538154762093], [85.22717010971283, 21.020517349396215], [85.2308063511322, 21.0120537279972], [85.24889385696608, 21.001731514597793], [85.25138795399099, 20.995731950169414], [85.25849580783543, 20.990658164043168], [85.2599407431708, 20.983791828530116], [85.25642311603414, 20.97204566007923], [85.23959636707869, 20.960925817272766], [85.24666130527518, 20.941532969770776], [85.25071132206992, 20.93828165527421], [85.24383163432262, 20.912857532349307], [85.24498414969881, 20.902483344430834], [85.24903035156953, 20.897739649065585], [85.2606183292726, 20.89840376332313], [85.26401281314091, 20.89353585269751], [85.28916466271912, 20.886738657962724], [85.29747080833121, 20.866920948243234], [85.29486215116751, 20.857940911843684], [85.29681515669424, 20.84991455071605], [85.3155399563041, 20.834413051721043], [85.31540131591808, 20.82771885364224], [85.3650764231385, 20.806113123521868], [85.38190805900982, 20.802516579976214], [85.40340626258902, 20.804051280242476], [85.44208753101478, 20.779704451599258], [85.46967244153004, 20.777866244531623], [85.4730105397048, 20.775164723373393], [85.48176181285751, 20.778828144103613], [85.49015116734259, 20.775277018119965], [85.51757144886338, 20.751638174462215], [85.52361094948586, 20.754403471942737], [85.5539877414412, 20.746960162881265], [85.5782519574619, 20.745450257823222], [85.60764527331074, 20.75560271699186], [85.60524654399288, 20.773198843152187], [85.60848712957747, 20.786596536501065], [85.61412334451686, 20.790318131676486], [85.6138252021714, 20.80224716647359], [85.62770533593257, 20.811452746547104], [85.63725244974083, 20.810825944262007], [85.64034652677086, 20.81899321116782], [85.64413702530359, 20.820772528829195], [85.6419056652143, 20.824349641622717], [85.65646612621092, 20.822976708708268], [85.66881954658484, 20.828734755704545], [85.69585037219693, 20.82626044736179], [85.70250082005688, 20.84070265290518], [85.72391903433609, 20.855749249628246], [85.72867321939364, 20.866471767458222], [85.73787391165175, 20.8707852361498], [85.75277864931527, 20.868618727072686], [85.75744593108496, 20.877605318630685], [85.77262341963521, 20.875308513976847], [85.78413355382062, 20.880392074834447], [85.8025927539525, 20.873632073361534], [85.81816494505622, 20.86135637779472], [85.8398617504196, 20.861078620382102], [85.85209810694212, 20.864104270695606], [85.86672186851953, 20.858508825621925], [85.88316714754583, 20.846290945670688], [85.89814376802056, 20.84576904750361], [85.90984380214982, 20.83987295637192], [85.92325007952772, 20.846789717771287], [85.95096802675315, 20.84651052953734], [85.96893692010289, 20.869838118734265], [85.96962535382713, 20.87601375603012], [85.98402321380038, 20.88927555102589], [86.0081926583646, 20.89003825166401], [86.0502953525486, 20.87949371326434], [86.05983364580615, 20.88705635067015], [86.07508981244504, 20.88881385347665], [86.08416414276107, 20.884638070990263], [86.09685051463961, 20.892299056456352], [86.10219287879832, 20.89238464853281], [86.1288733483265, 20.88084411636291], [86.13992440738562, 20.88268673460516], [86.14716923247411, 20.869816302980098], [86.15509951093381, 20.86543953460685], [86.16459262405047, 20.854661822685074], [86.17865562415781, 20.855381369354802], [86.18758463842042, 20.8657405376957], [86.19359672051226, 20.866566657625242], [86.19702494154794, 20.855927229058466], [86.21567356588244, 20.839731335632706], [86.22277665152134, 20.82470715001503], [86.24592781081995, 20.835025071849657], [86.26541364192613, 20.830885648953654], [86.27170777299537, 20.82084047800572], [86.27145612200243, 20.808197378806057], [86.28355836892374, 20.803350448464528], [86.285912156421, 20.793387174278763], [86.29005837459434, 20.78964042686431], [86.30010986327963, 20.795407056990143], [86.30417823793547, 20.79172015226331], [86.30593895941561, 20.785574674631533], [86.31537115605411, 20.776352405838907], [86.3284059765547, 20.77588820457703], [86.33376085747764, 20.77248776000215], [86.33011281515431, 20.759626746077544], [86.3346753124159, 20.75424456623378], [86.34840166570447, 20.745615243848505], [86.3664183616182, 20.742815732560132], [86.38022315467501, 20.73445641992788], [86.39258456192809, 20.73516714604702], [86.39401233190367, 20.7259068485223], [86.39817583594609, 20.721261143287222], [86.41029417533602, 20.719812869668317], [86.42654752734657, 20.711308359693135], [86.42892682591233, 20.701031446044425], [86.42308855039633, 20.69003295865417], [86.42555511018028, 20.686143159679176], [86.44030153748614, 20.689380646199993], [86.4518289566411, 20.682906270308223], [86.46638774849592, 20.69077944721377], [86.48273837567567, 20.681308149851276], [86.48983097072286, 20.680732846343886], [86.49938380691728, 20.686869740845964], [86.50977647320573, 20.687529444828073], [86.51386475525433, 20.69943380312762], [86.52009856699536, 20.699323534553542], [86.52698051923565, 20.690749049229282], [86.52906012502481, 20.69554877325737], [86.54132997949503, 20.694177746905552], [86.55236363397464, 20.715567708083313], [86.56116592926426, 20.72011554279817], [86.568242549654, 20.718441367575082], [86.58142125628606, 20.70809316646654], [86.59386503694199, 20.71760344494311], [86.60097944774347, 20.71563136569503], [86.60628044578604, 20.710120439806502], [86.60682594755954, 20.696568131414182], [86.62079775371345, 20.688645958544214], [86.63726460927435, 20.692016363064766], [86.65796482551636, 20.703116178868584], [86.67785954508204, 20.702813625348654], [86.68935167753804, 20.696778416290982], [86.69477462724726, 20.683284759883833], [86.71856737098753, 20.686075448822947], [86.74077153248035, 20.676798224258675], [86.7519198658093, 20.656947374521792], [86.74407517942612, 20.639604330175814], [86.74484145666796, 20.632608771078026], [86.74956667456254, 20.619236350477223], [86.75619304217528, 20.616079330796538], [86.76559352871848, 20.627393722142585], [86.76804971662128, 20.64743220822993], [86.78709173229768, 20.672066211986163], [86.78828370542877, 20.681951880075246], [86.79467534998744, 20.697583555936433], [86.81554770456299, 20.723122953961195], [86.81830334692208, 20.744200229856744], [86.80340754941889, 20.742187500352884], [86.81262695746815, 20.747907399906637], [86.81795537494074, 20.760184645904786], [86.8273853061871, 20.77136480803952], [86.86412167557498, 20.7918999195457], [86.88169252898697, 20.797183513908067], [86.89957773682326, 20.79259431397645], [86.93927645684309, 20.79009711698842], [86.95814776410819, 20.78488886333045], [86.96329975168229, 20.7914774414308], [86.97020387670764, 20.82330584528856], [86.95914077752494, 20.864011049670296], [86.94162237617175, 20.89078927010877], [86.91012334811413, 20.955747842888655], [86.91029882473109, 20.965537547919553], [86.89802825440043, 20.998253703145906], [86.88877487176305, 21.016321420297373], [86.85835385294811, 21.054827213005524], [86.85078835479882, 21.07358372181136], [86.84384322158755, 21.081563353266176], [86.8274792430727, 21.132937670137466], [86.82335376776231, 21.138128757536265], [86.82815861702662, 21.17665684263926], [86.8185130355482, 21.178108930283003], [86.8238967658232, 21.196344852133336], [86.82777380971359, 21.1982516046279], [86.82673788064884, 21.194902777541245], [86.82985997156058, 21.193429470393767], [86.82997453169938, 21.20405054109972], [86.83790421480776, 21.20562195798709], [86.84488773378197, 21.218426943248915], [86.83835184606087, 21.21098005758364], [86.8431389328156, 21.229948520407987], [86.84869837802782, 21.226866126470668], [86.84436643096612, 21.233105659698538], [86.85920918015958, 21.261600256047018], [86.88361704309213, 21.29477751257221], [86.89284884919519, 21.317049503631722], [86.907767176514, 21.327977657742792], [86.91152894530475, 21.33438193777627], [86.91090464583274, 21.340219140401075], [86.91734302006446, 21.340739727356578], [86.92457675921017, 21.347237705955422], [86.98054873953285, 21.41021370889564], [87.02571904639692, 21.439508438363816], [87.0531618595322, 21.462340354523832], [87.0593196156079, 21.463314533439046], [87.05969297904787, 21.45986866950352], [87.06359112283215, 21.46430397025216], [87.06136715427087, 21.4732990262292], [87.04910266425671, 21.475371718030402], [87.04228985279454, 21.464872837311646], [87.02906501274029, 21.464750170683857], [87.02531635786372, 21.46674895260216], [87.0226013657605, 21.471372246731818], [87.02161574387159, 21.481511116245116], [87.01293480399809, 21.48832654923092], [87.00404965866491, 21.490162253485295], [86.99434304199795, 21.48636484186406], [86.99128055545341, 21.486352324200425], [86.98363077643924, 21.497035860916355], [86.9850889443994, 21.501378655600575], [86.99268686760493, 21.50348770609287], [86.9896397594674, 21.50818431385511], [86.98273468026136, 21.504325747435416], [86.98140215838302, 21.487906932758847], [86.97927677620228, 21.48551452117826], [86.97493374319785, 21.485772609518392], [86.9714287515358, 21.494779467298628], [86.96644043877532, 21.49629974333851], [86.96061766127613, 21.493721961699265], [86.95691645103349, 21.485015749976952], [86.95341241355217, 21.485252260883186], [86.95058727248468, 21.48825335520823], [86.95230734370907, 21.499146461839814], [86.93792784249595, 21.508348107379277], [86.93787145590304, 21.511544942745047], [86.93935692278384, 21.51395404304475], [86.94780600034667, 21.517162919433247], [86.9465420247947, 21.52734756443857], [86.93412053563426, 21.5214108230511], [86.9267163272967, 21.52025842638534], [86.92395532138099, 21.522760748609727], [86.92502391382263, 21.53042542939008], [86.92677736248541, 21.533728838015577], [86.93645095784555, 21.53426325294683], [86.9393382069928, 21.54003894284304], [86.92664206038293, 21.545809626213384], [86.92315375833934, 21.538643955853985], [86.91914904129524, 21.53768944780984], [86.91559743867097, 21.551747679711724], [86.90843927854988, 21.563421607421304], [86.91502964540192, 21.556493878789553], [86.9207059143466, 21.538397430996667], [86.92274665863155, 21.54479432130097], [86.9267317057037, 21.546890258778518], [86.9399098160853, 21.541670441637677], [86.94085395314758, 21.537574171810604], [86.93753743150742, 21.533805608641956], [86.92605602706416, 21.53120303179452], [86.92451405487984, 21.523339510010487], [86.92838060817868, 21.520691513802404], [86.94545054460704, 21.527988552629694], [86.94728970495603, 21.527091145240234], [86.94854927023275, 21.516508460297302], [86.9392396215114, 21.51361715790557], [86.93875241289359, 21.50795662439876], [86.95435416741097, 21.497852564044678], [86.95146071923685, 21.489778757383846], [86.95404922978818, 21.48578023936662], [86.9571478367034, 21.48615813269177], [86.95864427081656, 21.493267059427325], [86.96496355502413, 21.497738718866856], [86.97131276147488, 21.49682784053249], [86.97425031689866, 21.487769245654192], [86.97884535792704, 21.486474632897995], [86.98043036446987, 21.5029300454853], [86.98410892528679, 21.5079890485558], [86.9897923465397, 21.50947856868109], [86.99392032646202, 21.502979755511348], [86.9860743288672, 21.500423550406623], [86.98523020720833, 21.496989846204485], [86.99206876715996, 21.48771965523798], [87.0000859498069, 21.491341948172476], [87.01413500322795, 21.489465236631446], [87.02340614837519, 21.482004046349658], [87.02567112422312, 21.4681415554885], [87.03524577617176, 21.46571016279384], [87.04390776193375, 21.46777772935883], [87.04355645166905, 21.474489807758488], [87.04767346345963, 21.476974845013217], [87.06183505084701, 21.476530670753903], [87.07397961626637, 21.47127592574347], [87.09807324438478, 21.492012977317074], [87.11490917182087, 21.511617421806648], [87.10094141981082, 21.520212769603717], [87.10134780365829, 21.529507756677702], [87.10167586824676, 21.52193415203959], [87.10493314255055, 21.51872134201642], [87.11322414897543, 21.51633727524512], [87.1231045722183, 21.521484255394142], [87.12511324847773, 21.519050001956117], [87.1250791551789, 21.514877915683314], [87.13129770722358, 21.517499923282884], [87.12724936046973, 21.513291120388942], [87.12964200947133, 21.51296997068772], [87.16588282543213, 21.5320489404063], [87.19946014896684, 21.543391824073467], [87.20066750050486, 21.548133015726165], [87.21302485451352, 21.54662454148945], [87.25183570355503, 21.552672147701514], [87.3042378430022, 21.555524468079824], [87.3511129613942, 21.551430701965444], [87.36398267715893, 21.55300080764124], [87.37934613201853, 21.545831680287876], [87.39103102696046, 21.550103425832532], [87.36418163777242, 21.556113243431497], [87.33606481513917, 21.57595717918059], [87.32939064496239, 21.57669746871329], [87.31127703180968, 21.570106148579924], [87.30261993386299, 21.57377886740082], [87.2988414763532, 21.58275616176755], [87.29872393586109, 21.589359640734926], [87.3016197681379, 21.59671175494364], [87.31277632756556, 21.60750532191318], [87.3130551578694, 21.606044768950966], [87.31940782041474, 21.606433152867737], [87.32184851209925, 21.604426622390747], [87.33151173557823, 21.6082588431712], [87.33611667184707, 21.613171577806128], [87.34301614737743, 21.6326730247404], [87.33640754227437, 21.648408055187616], [87.31800675400856, 21.654886603034356], [87.300199746721, 21.667088151297207], [87.30068290209434, 21.672869801899935], [87.30841720119301, 21.6801114083149], [87.30717206014256, 21.69101977374362], [87.28484225256798, 21.67808914150072], [87.27923846268496, 21.683564901199276], [87.26498925704865, 21.68762636186716], [87.24126935030037, 21.685297727508214], [87.23275566094506, 21.69293010194272], [87.23027718064739, 21.706873654995263], [87.22370052306078, 21.713418722096435], [87.21047663718716, 21.712641119692023], [87.19533836807139, 21.71884095684473], [87.1968214508494, 21.725255727469914], [87.20994365217788, 21.73756480227388], [87.20945286785562, 21.747267127376062], [87.17416465247678, 21.749749541308347], [87.16362285610998, 21.76253533323913], [87.15901041050213, 21.77501153985071], [87.16326534771778, 21.788369655835083], [87.1769920589364, 21.79687500038108], [87.19005143632486, 21.793836236153453], [87.20483768021487, 21.79579055289176], [87.21096944768189, 21.811303258338796], [87.20802760159265, 21.836443543534813], [87.21098923726359, 21.846130609839832], [87.21825265853337, 21.855674147943603], [87.22526335681854, 21.858846545132025], [87.24602806524317, 21.85807943331929], [87.24969184390355, 21.876770615371612], [87.23325931996172, 21.900382757258512], [87.24041676512164, 21.916176677111963], [87.24484384067082, 21.9186991450496], [87.24335682425814, 21.92784643196731], [87.23273861429576, 21.941339850054106], [87.22532880318184, 21.958965659237833], [87.21880507429486, 21.965219616692053], [87.20568370843657, 21.99976170054208], [87.20311975477287, 22.032121658587698], [87.19489324053077, 22.040908336250766], [87.18170404420644, 22.04772436638646], [87.17451596274165, 22.058626651498827], [87.14711141575927, 22.076214551560412], [87.1765130755181, 22.061633825240932], [87.18704557379434, 22.047406077428604], [87.19883394203296, 22.03982615505305], [87.2103359697293, 22.023261428072487], [87.21478140313931, 22.00677394835907], [87.22825837172664, 21.98258936370823], [87.22881984725822, 21.968450307935484], [87.23460960345048, 21.960256576679768], [87.2388950582604, 21.94485616687865], [87.25190210319957, 21.926604747910858], [87.24996542936114, 21.91498446476126], [87.24051105993752, 21.905272603248136], [87.24490821324352, 21.896362543096927], [87.24335050562135, 21.89083063602513], [87.25241315374413, 21.882240533973516], [87.25516331203724, 21.87252283136371], [87.25227630121046, 21.861493348839076], [87.24587070906611, 21.854749560343976], [87.22581517722872, 21.85554313650664], [87.21279120435068, 21.84358847103121], [87.21036910974678, 21.828322649270916], [87.21871805229628, 21.81149423117384], [87.21700155767579, 21.802382469275614], [87.2029397491701, 21.791604757353753], [87.17149186106067, 21.786521673136747], [87.16422605478866, 21.77870345110341], [87.16501486274572, 21.76526546452959], [87.18617284290244, 21.752542615249524], [87.21342694769558, 21.75310206370935], [87.21779084227356, 21.742335319919135], [87.20331442382175, 21.726772546515832], [87.20316827319735, 21.720049142953684], [87.2078777547546, 21.71629261990853], [87.22735023542518, 21.715093255249627], [87.24145305121735, 21.692945718670103], [87.28660047033557, 21.686973333552515], [87.30533194561283, 21.694564342770263], [87.31123244791925, 21.693732261234942], [87.31443071320697, 21.68129825620963], [87.30700826661823, 21.671353221174314], [87.34418571030236, 21.647408842744], [87.34743130241279, 21.62811076669857], [87.33274841310893, 21.606711029890192], [87.3109134440003, 21.595708132224587], [87.30967402443682, 21.586252450690125], [87.31708812711551, 21.580852508336676], [87.33616304358966, 21.580404758372993], [87.37175834147436, 21.56866776930221], [87.37553775316493, 21.571380615622957], [87.4041670562647, 21.556209564419902], [87.41196835035922, 21.561757445249953], [87.40902805290236, 21.562205076503147], [87.41299152344007, 21.56936395158513], [87.41589665380755, 21.566663264997715], [87.41962170597711, 21.573963165467774], [87.45172011868854, 21.594058870920264], [87.46336293255345, 21.60625374351548], [87.47717177885463, 21.606863856182088], [87.52660715559588, 21.622442245413396], [87.54575550531248, 21.629207968373066], [87.55297017073693, 21.6359505652664], [87.56282842119478, 21.63317620711635], [87.63131237056953, 21.647098541564503], [87.64375054844922, 21.660002946878592], [87.64237213146876, 21.651562452445262], [87.64973723908233, 21.648746132827824], [87.68167603022462, 21.655163050134774], [87.73961567862077, 21.678324342094754], [87.74879085981044, 21.684630751607926], [87.74942600690483, 21.693035245280413], [87.75408744847701, 21.696575403132414], [87.75041186801346, 21.697710513929167], [87.75302982326784, 21.69940805443821], [87.77707576753275, 21.693708062277352], [87.78835105905418, 21.694783925737624], [87.80431067899471, 21.702380180700914], [87.81196630000491, 21.70800781251063], [87.82482635974876, 21.72390735144316], [87.81977474730681, 21.72363531551747], [87.83077967204426, 21.73408114882602], [87.87512254686808, 21.767867446025917], [87.88499915608631, 21.778809547722545], [87.86981785261187, 21.76045215174551], [87.87158894507391, 21.759452819691973], [87.89418995400334, 21.783168554485286], [87.8898422715038, 21.790132165167336], [87.87623345870716, 21.80041646944457], [87.86936867272615, 21.820129513366425], [87.87199521021083, 21.831891655575447], [87.87010812768804, 21.847817778467743], [87.87983941995336, 21.85828161260639], [87.8758198020424, 21.87009251156016], [87.88190340991454, 21.85996186724651], [87.87190914149377, 21.84670484045614], [87.87521445758128, 21.834024071353895], [87.87233030839715, 21.817646503183653], [87.88060271774137, 21.799669742564618], [87.89850175355318, 21.7893879411007], [87.89887654781458, 21.79515540579746], [87.9131610392507, 21.79687500038108], [87.92200195772423, 21.802212238404167], [87.9288922547739, 21.80023825169397], [87.94022262077746, 21.820405602536624], [87.97168612471498, 21.850410818904265], [87.97573375740703, 21.851072073317624], [88.0036238429661, 21.9038845302469], [88.0357650517158, 21.98133206382377], [88.05192673223306, 22.00679075758748], [88.05234551413432, 22.01441931709789], [88.03229451218206, 22.025126457420157], [88.01805424670621, 22.04003584367925], [88.01137995691951, 22.06963884815437], [87.98856925936397, 22.088785052088554], [87.98180735132834, 22.09859454670098], [87.97007167346905, 22.094380021420932], [87.95373845086894, 22.097964644452844], [87.93206405661098, 22.117630124130955], [87.87914705259456, 22.139831900621743], [87.86682593856622, 22.148437499790816], [87.86400437320336, 22.15503025074557], [87.85006880792926, 22.16265285044875], [87.82963144823285, 22.161579847731844], [87.82527792463665, 22.163695335571333], [87.82658243173384, 22.16631567492857], [87.83368492112228, 22.163254856626367], [87.85289597516922, 22.164588213075632], [87.86356234562587, 22.158500671568817], [87.87227427973428, 22.147859454250494], [87.8943661455813, 22.135276436958094], [87.91066753847613, 22.131474614162244], [87.93207681169562, 22.12124562268741], [87.95669436415366, 22.099919915371885], [87.97417187693068, 22.10511767843815], [87.99133086242946, 22.102905869610254], [87.99811041336497, 22.089783072031253], [88.03206205362099, 22.06365036966892], [88.03358173341039, 22.057394861783536], [88.02892732633515, 22.053902744815844], [88.02739405599104, 22.0470787287004], [88.061932802457, 22.01331734631853], [88.0834748740663, 22.021570324910613], [88.11350452861117, 22.042094349574597], [88.14879834676643, 22.05991315866541], [88.1701333521726, 22.076574206634405], [88.186471462588, 22.09505760662327], [88.19341015845211, 22.112599611582937], [88.1530482765568, 22.15862071487416], [88.1353931422797, 22.18468069985451], [88.10266780857253, 22.19179236862297], [88.0932079550831, 22.189693927432927], [88.09013044806184, 22.185908079294478], [88.07518637135402, 22.186749935561124], [88.06427395358011, 22.19066405310366], [88.04969382261194, 22.20502662637773], [88.03450727429137, 22.209431171211634], [88.0305323598806, 22.208676219132315], [88.02338504828148, 22.199665666037703], [88.00798904875566, 22.20165514986536], [87.9815603498304, 22.21566092970818], [87.97591710129333, 22.221138715579315], [87.97067284597514, 22.23762214204831], [87.9402148722186, 22.25996780377116], [87.93649423122392, 22.26893866079061], [87.93289315689381, 22.31044065910922], [87.93609285390224, 22.32603096975356], [87.9307260515661, 22.333286762074465], [87.9347156285236, 22.334716677832546], [87.93377184849206, 22.331981062476075], [87.93946564162619, 22.33049786098752], [87.93625772031768, 22.316921948988863], [87.94446063005412, 22.325568318023556], [87.94692695151772, 22.333039402646335], [87.94744324690842, 22.34637177014116], [87.94341957575287, 22.348407625711417], [87.94661545783717, 22.349955558602176], [87.93655991590745, 22.355905055973636], [87.94305694122497, 22.35422933121876], [87.94388794896977, 22.357471228014845], [87.93900275247509, 22.36086165863864], [87.94297432860245, 22.361717104560853], [87.94211053877049, 22.366072416009217], [87.92883694197135, 22.404446363608855], [87.91219770885729, 22.42156374467112], [87.89435946901435, 22.423609375872076], [87.87407374400814, 22.448268532766633], [87.88070702560887, 22.467461824303797], [87.88582324984318, 22.473579168443933], [87.88500082522793, 22.467419504906303], [87.88982844352799, 22.468231558539628], [87.89221131779814, 22.47624385337113], [87.88316285648077, 22.492127418545635], [87.88625514475919, 22.50690555594673], [87.89088153795271, 22.509126544154753], [87.8913059235297, 22.519668817162284], [87.88080096249459, 22.528524160761492], [87.86406755417445, 22.532262921296876], [87.86162316807489, 22.539605856125405], [87.85325312653069, 22.545292139021058], [87.84328937570413, 22.557626843604027], [87.84918165191178, 22.582152962888955], [87.85558950944838, 22.586076856062107], [87.85226821870347, 22.5980401037678], [87.85803711422156, 22.586593151452803], [87.85059762008413, 22.581754803341568], [87.84968483428784, 22.56411397458035], [87.84572064878901, 22.555634856063875], [87.8622734543566, 22.542180777021287], [87.86549913907416, 22.53427553209019], [87.88388550311359, 22.5308891538115], [87.89134454761293, 22.526477813700183], [87.89669740236323, 22.515373349300717], [87.89153981201278, 22.49980485441054], [87.89719295489104, 22.49677014342751], [87.90292513378799, 22.487859606635624], [87.9026987555433, 22.482607841079073], [87.89570963379273, 22.47139275107466], [87.88221395031363, 22.455639243156668], [87.88144886467344, 22.445393205032417], [87.88480401039683, 22.439196824873676], [87.89599406687276, 22.434223055949303], [87.9232721332024, 22.43465554711591], [87.92744171576268, 22.420061349851437], [87.94598770137142, 22.406451224944192], [87.94906175139866, 22.399505257161906], [87.95003044624818, 22.383011579320964], [87.95725142941009, 22.360875010873087], [87.95727956290162, 22.316764950741913], [87.96048390850567, 22.30501365705473], [87.95848464994677, 22.285275817025394], [87.96178102497439, 22.277434349315826], [87.98018240949071, 22.2509045602973], [87.99397313625136, 22.238292574942392], [88.02755296259923, 22.222128153291692], [88.04819107076142, 22.219925761264903], [88.06444644894455, 22.23571467369331], [88.07493877450489, 22.252062440129606], [88.0788153408553, 22.284426450520357], [88.08995521066456, 22.3054287436417], [88.09082102756852, 22.34375691395047], [88.08585476888263, 22.35975921121863], [88.08936214464737, 22.371587156821846], [88.10380482683146, 22.389852404664765], [88.12337207805902, 22.40059900274187], [88.13753223462501, 22.414760828449573], [88.11850535903525, 22.443494677737306], [88.11377537293524, 22.460127472604853], [88.11462581143209, 22.468035817498986], [88.12118756815184, 22.475960851112433], [88.12935864908255, 22.479212045999162], [88.16955316084986, 22.485608577473897], [88.19464242480817, 22.51306402698333], [88.23719775677117, 22.52772331268085], [88.23822915595085, 22.532475829496036], [88.2316483255099, 22.543418049903124], [88.2314615246298, 22.55144381567962], [88.2331837416364, 22.55826306358952], [88.23893594753602, 22.563214779338608], [88.25435662266014, 22.564423560798787], [88.2784935234574, 22.555868744546956], [88.31719875341989, 22.55152904982586], [88.34402561189259, 22.581661224386067], [88.34642863277523, 22.59345483747086], [88.3585380320047, 22.611174225610114], [88.361413240129, 22.621502876356715], [88.35009491424901, 22.65660047503198], [88.35376405736545, 22.677015900263655], [88.36065292359368, 22.68875825379044], [88.3555753234426, 22.718605160699724], [88.35825884377076, 22.736647963932427], [88.35490942043342, 22.75074160124393], [88.33814406369768, 22.7620744709601], [88.32993972313986, 22.7811405659844], [88.33720147616728, 22.790397167295538], [88.34945976715463, 22.796777844621886], [88.35544490825603, 22.826117515910624], [88.37303793445321, 22.8330502510683], [88.37425482240221, 22.84050071243803], [88.36906492750447, 22.85156250040916], [88.37198805780272, 22.861002445606402], [88.39738714719911, 22.87950265392442], [88.40418136158073, 22.88802027691426], [88.40385603902504, 22.901865124875684], [88.39851570103892, 22.918685555194315], [88.40715157948185, 22.931906223293595], [88.40597474553815, 22.967185854643503], [88.40108644997983, 22.981970309782042], [88.4068421128733, 22.996588945223778], [88.42612695719347, 23.024191140708666], [88.42152821995151, 23.01496493828128], [88.43302595608313, 23.01427173635156], [88.44139623684694, 23.02110815052083], [88.44423937784504, 23.037217974330076], [88.46531343416771, 23.079687953436377], [88.46947860735193, 23.081669330775128], [88.47494125403571, 23.07963824251098], [88.47533810147232, 23.072126149702086], [88.48473596559248, 23.068953275873014], [88.50450205782383, 23.102457046555514], [88.50315511261849, 23.107489824495843], [88.50612831087292, 23.10628437952056], [88.5106297729458, 23.111913800081908], [88.50704085834909, 23.120622158485872], [88.50200843833878, 23.12421321886498], [88.47956597808744, 23.127434254087632], [88.47115206761393, 23.124649643666174], [88.46296656155769, 23.129075646324054], [88.45448112530377, 23.129407048296684], [88.44837784745985, 23.134664654949916], [88.45092523111461, 23.15134930652536], [88.44712066628577, 23.174353242308285], [88.47337985020008, 23.19771492480399], [88.47442984556105, 23.20992314783507], [88.469460964452, 23.219206571426156], [88.4558054210834, 23.222882628530584], [88.4224616290011, 23.207422852682555], [88.41042947793815, 23.20706903960459], [88.40503382714942, 23.21341907972686], [88.36262166455825, 23.22795617543727], [88.32907354830567, 23.266803026138803], [88.32879626753382, 23.275269508281184], [88.34261214743279, 23.28247511393539], [88.34745824320342, 23.297852278060247], [88.34504866626307, 23.31535315522399], [88.32587945497292, 23.343791842519636], [88.32918155148755, 23.354246855208288], [88.33827614802581, 23.3561011556439], [88.35552525548624, 23.337450265917113], [88.3715971710727, 23.33028602637907], [88.37798881563148, 23.33226716539741], [88.35576641588747, 23.350863933923506], [88.35459566136072, 23.362496852547707], [88.35882782954073, 23.376722574187482], [88.37201201933928, 23.396878957797696], [88.38270664199806, 23.421813130071968], [88.36788344406582, 23.430056452643242], [88.37045335753655, 23.449851512937016], [88.3476587533489, 23.481497406580104], [88.3485691550425, 23.486791849464396], [88.35341131717863, 23.490368247296857], [88.36357831928407, 23.4868861433809], [88.37189924705277, 23.48847794520111], [88.37408733086576, 23.503203927319447], [88.37968814399281, 23.500149607518466], [88.37536561463142, 23.48771214459987], [88.36686694665238, 23.48273265328939], [88.35442364173784, 23.487652778552956], [88.34947991376711, 23.48292565319636], [88.37594664052514, 23.457987427677693], [88.37529337389023, 23.43963372701495], [88.37094724182182, 23.431526542016343], [88.38300204320987, 23.428542375630144], [88.38677644747511, 23.42422175373096], [88.37343800056331, 23.387406707153843], [88.3682184217428, 23.38436937374763], [88.35795414446827, 23.36059212712499], [88.36253726498293, 23.349215745510378], [88.37867724935566, 23.339513540017947], [88.3814208506918, 23.332174420113517], [88.37605094929191, 23.327925563214222], [88.36835300888438, 23.328338027378123], [88.35126674166688, 23.335505247269396], [88.33506047725936, 23.35165894000812], [88.33056545253376, 23.351444125246218], [88.32997906218398, 23.3422776458967], [88.35659170124612, 23.302945256618358], [88.34630024466068, 23.279659628888766], [88.3327442409541, 23.27138841114632], [88.33210396772401, 23.266666411925428], [88.37015926843557, 23.227149963799803], [88.39019143588618, 23.22377824806776], [88.41722285774884, 23.209879278905674], [88.4491250518798, 23.22681200487017], [88.45982861559824, 23.227445006182165], [88.47311425252084, 23.222308158694602], [88.47891974415094, 23.21494722393527], [88.47915613634669, 23.202779411940412], [88.46840453174391, 23.186795235112044], [88.45274925227628, 23.17229282895093], [88.45521187752624, 23.155464052923833], [88.45314884174573, 23.13222932772132], [88.5033538340123, 23.131945848821942], [88.5136501793124, 23.117936849406163], [88.51424944435641, 23.10981237853855], [88.48929500585993, 23.067555427241217], [88.47995114333062, 23.06565630459488], [88.46527993711956, 23.074661374522833], [88.45954644701109, 23.059523701657582], [88.45668423139219, 23.034606814353054], [88.4456259013144, 23.01691603634609], [88.43307685861024, 23.009237050949196], [88.41857981690518, 23.00834166973229], [88.4121835228514, 22.999941110593852], [88.40638685267126, 22.97852075143163], [88.41415154975434, 22.939649343842177], [88.40336573134348, 22.91388535542481], [88.41207802338224, 22.891385316978898], [88.41183805458272, 22.88512003436219], [88.40469074208417, 22.87381672895887], [88.37515175315096, 22.85923433259842], [88.37294280506646, 22.849487901145835], [88.37905085111603, 22.83752155347699], [88.37877774229904, 22.83052814016162], [88.37285733259992, 22.82645761972347], [88.36131644249988, 22.82568991166022], [88.35774171380908, 22.81905245810455], [88.36004841370337, 22.80516552906593], [88.35660517219108, 22.79654264492723], [88.33415114845687, 22.780966043548176], [88.33471977719606, 22.77393555658074], [88.33994030929799, 22.767123937619658], [88.35623264332199, 22.758337855307843], [88.36579191686363, 22.74650442563879], [88.36199116695886, 22.73033177878864], [88.36634111395134, 22.68286216265875], [88.35585045843206, 22.660635947990727], [88.36822104416595, 22.6206824779141], [88.36771392815527, 22.608795642904653], [88.35312020753165, 22.59653437156399], [88.34243905581789, 22.569393515698323], [88.32353341603445, 22.54998374025746], [88.30454122999387, 22.546473264529567], [88.26970827571645, 22.555517435181514], [88.24450445161918, 22.55762267074971], [88.24256110211334, 22.555063604901505], [88.246322751294, 22.528872966414383], [88.23877155776123, 22.51937890091554], [88.2155890462976, 22.515289903006646], [88.20464444178762, 22.509733557757585], [88.16517174208226, 22.475939154968103], [88.14263355709309, 22.474624633919717], [88.12257862060702, 22.46584677680744], [88.12827324831179, 22.4465726613993], [88.1449438335911, 22.426713943493723], [88.14776754383709, 22.418747544663518], [88.14597535148133, 22.408409237896052], [88.13774848020822, 22.396414160485165], [88.11175835096728, 22.382202863971088], [88.10704827315934, 22.375080227970273], [88.10124695258483, 22.331498146322446], [88.10462796730698, 22.294541716427176], [88.08857917778695, 22.26269626592], [88.08490145244022, 22.235350370023582], [88.06995117670559, 22.21646714224491], [88.06989872464655, 22.211579442037674], [88.08794045408885, 22.20849895466307], [88.11638021427561, 22.20923554888148], [88.13203430214142, 22.202500939766566], [88.17607307391327, 22.193995118579892], [88.1891355512648, 22.185354947672806], [88.20731413324077, 22.15804183476294], [88.21108400852026, 22.131338954129518], [88.22436785669132, 22.091604828699985], [88.22409594037546, 22.077565669619986], [88.21382176875969, 22.034855603903083], [88.2081325055108, 22.023051142296396], [88.17884695542281, 21.98196840251981], [88.16155660145611, 21.9690014124852], [88.15368187411931, 21.95886361586321], [88.16106283678064, 21.94496107099667], [88.17454755302722, 21.933402180965942], [88.17720532396655, 21.925488710835396], [88.16353440309038, 21.879078746087345], [88.17884135264646, 21.84775126011266], [88.19197595112931, 21.833843469500607], [88.20905745014122, 21.80178904532829], [88.21813881405515, 21.777115464207384], [88.21721720680873, 21.764387369181804], [88.27338004125599, 21.755118727747174], [88.27025234666857, 21.741581439831634], [88.26302075420452, 21.731701731549748], [88.27246057979201, 21.730871438765888], [88.27426803094497, 21.74160981164357], [88.28250575073989, 21.75793635857619], [88.26950776557109, 21.765764355340764], [88.25461661846234, 21.78283023852481], [88.25180292126791, 21.80203676268647], [88.25618934656111, 21.78296136867226], [88.27095055602345, 21.76617062047785], [88.28192460523636, 21.761267542762994], [88.27790570228646, 21.770721912186588], [88.26334655250147, 21.788468360926203], [88.2584452626389, 21.8007122276872], [88.25937175770062, 21.808668733075677], [88.2638982533019, 21.814075827737298], [88.27690553656137, 21.82165753796511], [88.30608141432586, 21.830468654704703], [88.31392395492671, 21.846040129948165], [88.31037950550981, 21.853064059958484], [88.29940605164805, 21.859344839692653], [88.27923667463293, 21.85576641568764], [88.25973904172346, 21.858044505449612], [88.25540864509296, 21.863420724586888], [88.25514233155346, 21.871201634647775], [88.26372992989249, 21.881695866770883], [88.27011406421278, 21.88478410270426], [88.25606250797838, 21.870527267219643], [88.25743174557866, 21.86250960793214], [88.26141345526676, 21.85874652882933], [88.27943944927134, 21.857172250299215], [88.3003406522993, 21.861279010717794], [88.30959534614843, 21.877176523477857], [88.30667984479905, 21.86671304726937], [88.30141854283161, 21.860956549805053], [88.31082940125597, 21.855559110264778], [88.3254420759911, 21.862085341964985], [88.33643305314305, 21.86153566823657], [88.34378170945834, 21.857284545945134], [88.35378110401481, 21.85723364341797], [88.36352193359053, 21.871117353782893], [88.36925911901321, 21.89784944079915], [88.36162507543705, 21.916362047170736], [88.35024166112393, 21.927226662380633], [88.35794544262822, 21.922980308294683], [88.3689283132911, 21.90476596387822], [88.3704850676319, 21.89901244676713], [88.36501503031954, 21.8704482321003], [88.35494947443877, 21.855460524783467], [88.3545991183548, 21.823257207953844], [88.36335217935968, 21.808701157232747], [88.36391580067377, 21.797567963990417], [88.38202345401922, 21.791927337876388], [88.3906966444346, 21.798678040359363], [88.39239323166245, 21.810062050922994], [88.38584911784264, 21.839395641895408], [88.39385736032895, 21.851965307852737], [88.39745354684382, 21.884933352392324], [88.38464713076061, 21.894949555277833], [88.38289070084531, 21.90037405451909], [88.38623476062585, 21.907026648161377], [88.40619754807855, 21.9197850224609], [88.39295184645059, 21.936447262930926], [88.3982490304684, 21.951926231210678], [88.37382066209389, 21.963059544962135], [88.37303602699112, 21.96644890269482], [88.37461221208397, 21.969013810538996], [88.39427685719127, 21.971008658822598], [88.3773884776962, 21.96896445754379], [88.37393033531683, 21.965492010547877], [88.39870524395192, 21.9534511567455], [88.39426052550292, 21.93652582140959], [88.40570092176026, 21.925117969818558], [88.40772080447167, 21.918705702006633], [88.4045722483107, 21.91380381589343], [88.38886475600376, 21.90663230443738], [88.38480210283481, 21.898680328934063], [88.40043377869605, 21.889126658168806], [88.40225601200538, 21.885056019020112], [88.40878236331551, 21.885252952561785], [88.41413080689128, 21.889091730299242], [88.4196639064642, 21.906479478145485], [88.42408192134363, 21.90785157648915], [88.43296754331757, 21.90292620637942], [88.44196867961094, 21.91152143456665], [88.45862042859002, 21.919152379079122], [88.45105326219837, 21.935168027682437], [88.45146560675235, 21.94186174912045], [88.46897101380128, 21.957301974606537], [88.46465814136022, 21.961926222017667], [88.4452271464157, 21.964301943979564], [88.44803643243543, 21.984489679754972], [88.44182765512235, 21.991051673895754], [88.44853973352193, 21.997901439399982], [88.45019602752475, 22.009057044646994], [88.46085274196062, 22.011428713364523], [88.45049154744706, 22.007077216840145], [88.44933426386521, 21.99680495268646], [88.4435740710866, 21.99074923998549], [88.44954180760848, 21.984218240079798], [88.445992947017, 21.966134548270816], [88.46420908018504, 21.963409066475293], [88.47010111807222, 21.959043741075902], [88.46822392899125, 21.95258116698733], [88.45643031590637, 21.9458495382257], [88.45290255520885, 21.93937897725806], [88.4621076586416, 21.92280793164076], [88.45572161685928, 21.899692058142023], [88.47433292832207, 21.89568114297049], [88.47714340684277, 21.904343247443023], [88.4834783077778, 21.910053253554878], [88.50230562650361, 21.91489243533772], [88.51653814342072, 21.91331934930855], [88.52140104752047, 21.91671943685259], [88.52305424245938, 21.932263851495605], [88.5200933217495, 21.94157481232773], [88.49531543276103, 21.95489764251232], [88.49100792387665, 21.960506200600747], [88.49131691474398, 21.96607863921787], [88.50025331963516, 21.978690028322177], [88.52052926990999, 21.989390253757307], [88.52477705481729, 21.98880135969509], [88.53637766799508, 21.980271101230443], [88.54231202617908, 21.982356429405712], [88.55519080171425, 22.021921038924887], [88.55447375785778, 22.03547751927215], [88.55669558063667, 22.022233724207098], [88.55104124525738, 22.00819444641664], [88.55037581888897, 21.996251702354243], [88.54270994650696, 21.981079459549477], [88.53627455262856, 21.979174375297248], [88.51997566254695, 21.988318920182024], [88.50025546541755, 21.97643673376831], [88.49454045277977, 21.968713521511916], [88.49413466428345, 21.958606362093974], [88.51877987359242, 21.94531249997192], [88.52337694169265, 21.93972372966644], [88.52546334275914, 21.928665041658462], [88.5218471292417, 21.913872957570987], [88.5072547198296, 21.903024554439696], [88.49542772750769, 21.88553762396228], [88.49429082885868, 21.87848770624271], [88.52803313751943, 21.85329556433888], [88.53773975328713, 21.857816458063127], [88.53881597557691, 21.87087082892566], [88.54806852364354, 21.88130891367544], [88.54781711097101, 21.890117168772406], [88.5390309099487, 21.900332927622628], [88.54067122929385, 21.903904557249604], [88.544934749639, 21.90617966665829], [88.56118071102108, 21.899024963531275], [88.57027542627, 21.903120755818293], [88.5671677586852, 21.909791231580186], [88.54926347712788, 21.920387744498868], [88.54924714543952, 21.937595248422042], [88.54093861572463, 21.959508657298755], [88.5424404142938, 21.97003626865893], [88.54788100690311, 21.974021315731164], [88.55859375000168, 21.972656250085947], [88.56792616865792, 21.9586932662813], [88.56344521022837, 21.96055591062691], [88.55679082873391, 21.972656250085947], [88.54390192053737, 21.970608353492736], [88.54239952571763, 21.95776903661178], [88.55117964732293, 21.9349576231958], [88.55055391792914, 21.920980930125864], [88.57218146290424, 21.907413840476465], [88.5795178416752, 21.916287422326747], [88.57900643320042, 21.92420935597707], [88.58611965150087, 21.92798697981533], [88.58035302137492, 21.923831462651975], [88.58123660078863, 21.916194558332307], [88.5728123184339, 21.905501842236276], [88.57832527139428, 21.88951575794593], [88.60053384316237, 21.90524220436427], [88.60652613657211, 21.913018941570925], [88.6107170582458, 21.92614400364286], [88.60141754128662, 21.935211539580962], [88.61111330943172, 21.931694507795328], [88.61500513547875, 21.936676501919067], [88.59950661683703, 21.962189435594013], [88.59872055091276, 21.974773049137013], [88.6145528556298, 22.019692659188962], [88.602619051728, 22.021227955705626], [88.59947931791632, 22.025337815188152], [88.60074484389943, 22.039665222272276], [88.60480570831695, 22.047862410521873], [88.59618973726666, 22.060965418519316], [88.59619057183747, 22.065989613330004], [88.60141170018997, 22.07332205756694], [88.59696757799136, 22.062501072966228], [88.60631346669314, 22.04775404940986], [88.60074400932862, 22.026876926628944], [88.60474705723098, 22.023012637823], [88.61853134664446, 22.02147304974156], [88.63674783684334, 22.044571518660717], [88.62738943137728, 22.054219842172046], [88.62020313776466, 22.10424923911114], [88.6069202419757, 22.107533812335646], [88.6093951465688, 22.11532092052414], [88.59758090933158, 22.130125641884888], [88.60335540762603, 22.159481406541715], [88.58384788037543, 22.166768551027843], [88.58085310468718, 22.171355008926554], [88.58136630101413, 22.180106043758997], [88.57282805477095, 22.18898284428286], [88.57743930787777, 22.19839775595173], [88.57401216063275, 22.18849027120916], [88.58237862557323, 22.180650830571437], [88.58311533940142, 22.16923344167003], [88.60425102716331, 22.160285949936707], [88.6033499244596, 22.14118504485404], [88.6024249789298, 22.13741242844091], [88.60117876498808, 22.140277624412846], [88.59999465912628, 22.138246059508106], [88.59891045085672, 22.129793048310603], [88.60127210652266, 22.126992106200817], [88.60081636878047, 22.131332158852103], [88.61037874228529, 22.116751670853006], [88.60975122413979, 22.107558369223455], [88.61868608039836, 22.108786225304186], [88.63158714742903, 22.136018276022696], [88.62966656695855, 22.145507335894848], [88.63289546945052, 22.136684417352058], [88.64036917649636, 22.14335215108096], [88.63988387624002, 22.158222914156198], [88.66464912885434, 22.185046910986244], [88.6720031496258, 22.19918835176108], [88.67236125426862, 22.204966545369814], [88.66622495691635, 22.208062052321907], [88.63764703298435, 22.209001540788506], [88.63140654557574, 22.215541243433677], [88.63088107080492, 22.222012042721644], [88.6338069440354, 22.228304028907928], [88.65728247170878, 22.250261902964553], [88.66055846180373, 22.265778780366446], [88.67884910110521, 22.293450951200498], [88.67591464564444, 22.31700861485578], [88.66947937047658, 22.325840115628864], [88.66629052199008, 22.33905446509152], [88.67105114439497, 22.326046347261183], [88.68101274943896, 22.329199313697472], [88.69056355946074, 22.326176047486655], [88.68195343040665, 22.326141357038097], [88.67900454982018, 22.323242068666588], [88.68499660490951, 22.29397606894048], [88.66750943701098, 22.2661199570704], [88.6589752440124, 22.24085795852804], [88.63688492769737, 22.224557280594098], [88.6347384456229, 22.217484950869846], [88.6396894455116, 22.213102460110576], [88.65220653980006, 22.211286664148275], [88.661619424397, 22.21794235685431], [88.68105495012597, 22.209376573370207], [88.70046591716849, 22.209886908953763], [88.71650695812971, 22.200484037408472], [88.73371577236512, 22.19567286950732], [88.74281012968387, 22.19996547662555], [88.73859703522507, 22.21044194713815], [88.74026656185251, 22.21483123317492], [88.74614775211708, 22.20217037236486], [88.74563562868141, 22.21075034175493], [88.7498345372342, 22.220002413180907], [88.74363315144885, 22.229303956312634], [88.76147925856102, 22.242604374492345], [88.76860320577342, 22.242761135318176], [88.77242565182254, 22.251212477374025], [88.7864142654062, 22.258996367788228], [88.79067993153373, 22.259506940792704], [88.7931939359515, 22.276817560082463], [88.80461883509125, 22.283085823052375], [88.80315375314322, 22.295549869930625], [88.81060051919874, 22.31656694430916], [88.80276405801496, 22.329443454451933], [88.81130933785576, 22.345582247223007], [88.80835652363479, 22.34322953261693], [88.80105745773554, 22.346614718394562], [88.79512584248377, 22.344103574720236], [88.78971123668433, 22.348510503656854], [88.79595482315668, 22.351348161488517], [88.80655264818623, 22.34542250604386], [88.81117653856651, 22.347132801637542], [88.81937134271342, 22.363848447447907], [88.82173681240411, 22.36078464969188], [88.83357024207314, 22.35912537533582], [88.84951984896199, 22.364323019691625], [88.86257064322078, 22.358170747681925], [88.87023675482246, 22.35912525662536], [88.87622201463441, 22.355337619735366], [88.87525725341968, 22.357584119012017], [88.8614839312385, 22.364311814138972], [88.85234236760621, 22.386905551150306], [88.8492465018247, 22.38430035098051], [88.84629833709866, 22.38796710999418], [88.8476027245861, 22.39226174328485], [88.85247504728571, 22.392156004596018], [88.85607671696707, 22.408435821855704], [88.84780204312992, 22.43087506253417], [88.81920123145179, 22.430231451920037], [88.80260980090165, 22.443103551787544], [88.80035781845865, 22.458006024058875], [88.79029154761687, 22.481084346365577], [88.7798149583937, 22.49226093279586], [88.78006994767006, 22.503766655806572], [88.77725446262352, 22.506925940879484], [88.7522704598139, 22.515550255839713], [88.73329234096886, 22.50996506213798], [88.70796573153333, 22.52770125860627], [88.6916579003919, 22.5223400590466], [88.68896543990323, 22.525504350645292], [88.69051814099956, 22.53256857388064], [88.68093502553111, 22.536309361487895], [88.68064987659065, 22.542095422365946], [88.67439484624524, 22.53828644726181], [88.6811294553602, 22.54317533996999], [88.67289102060423, 22.54885053602345], [88.6717505453515, 22.556203841833934], [88.67510890974839, 22.56043541466269], [88.67325484763327, 22.568099141262422], [88.6789224147378, 22.577427506674184], [88.67634344059738, 22.582727551435482], [88.67767274380216, 22.59385764561395], [88.68069052684635, 22.57746052708174], [88.67424416573581, 22.56664001912162], [88.67640185336299, 22.560453652913793], [88.67330932586472, 22.556792617185607], [88.67356240767904, 22.54993915546774], [88.6821856497481, 22.543692469931614], [88.68190085873775, 22.538110733223846], [88.69105231761043, 22.534046530523057], [88.69085252242601, 22.523995518478444], [88.69723951838913, 22.5248702764421], [88.69193851944723, 22.52597165097103], [88.70155835153682, 22.530622958982406], [88.70371115224802, 22.52916347981082], [88.70099461061287, 22.525689125352926], [88.70982432353381, 22.529003143280477], [88.73393070673686, 22.510926723389673], [88.75045406850055, 22.51701295368497], [88.7690892218902, 22.51356506357689], [88.77221047913034, 22.51816713820287], [88.78270733367654, 22.524212956562792], [88.77434706686373, 22.52540445305314], [88.77059245128069, 22.52884078057764], [88.76453232740496, 22.52769756329198], [88.76579952252999, 22.53116083180697], [88.77004611493632, 22.53021967419869], [88.7644292120386, 22.534157753277697], [88.76112866415659, 22.549907207052], [88.76654732230125, 22.560844540543144], [88.76236546039783, 22.550038456809375], [88.76594984510936, 22.53416621679756], [88.77441632725183, 22.526520967668574], [88.78406584236475, 22.52492201354019], [88.77165102977122, 22.513275146430942], [88.78415107741043, 22.502610445116005], [88.7921446564508, 22.500000000100016], [88.79712462440196, 22.49483656865283], [88.7987450363544, 22.489285111218976], [88.81234574356128, 22.480050206052283], [88.81455874399083, 22.45587420453103], [88.8297530408702, 22.446958541603436], [88.8244239093361, 22.43600142032932], [88.83871936800458, 22.437192440179075], [88.85262775396777, 22.432784557061723], [88.8530606030645, 22.43761014918914], [88.85961985607165, 22.445428252511903], [88.85248172295329, 22.455091953530882], [88.85479176023162, 22.468835711399095], [88.85100340838076, 22.47518157956631], [88.8568079467295, 22.475188374843725], [88.85760414621441, 22.483466863604974], [88.86502885819536, 22.487759352012546], [88.86201012097038, 22.49065005815376], [88.85757255572898, 22.500000000100016], [88.84490025014648, 22.500584006346855], [88.84293663531761, 22.50821804992316], [88.8551925422021, 22.51049864249839], [88.85835993286466, 22.51862192176435], [88.86685383353759, 22.52303791047123], [88.86587870134107, 22.54282915584099], [88.86921501166356, 22.545635819437535], [88.87841284317832, 22.54436385610714], [88.89658772983992, 22.563271641672998], [88.93760848024718, 22.570343851787356], [88.93701064602462, 22.5941964391144], [88.95719873883078, 22.609635115068613], [88.95784926433222, 22.61716496948779], [88.93885612501023, 22.615854501683913], [88.93253421748031, 22.618332863271064], [88.9300072196576, 22.64076244792875], [88.90906894207816, 22.675781249804913], [88.90062105611693, 22.676025152239077], [88.88262951334141, 22.66552102577478], [88.86343586477349, 22.66381025354042], [88.85734617748417, 22.675781249804913], [88.86146295095458, 22.693328261290333], [88.85280406515554, 22.68952584224394], [88.84712457663804, 22.69180274040417], [88.84692156277995, 22.706786155256935], [88.80810546889236, 22.710474848735316], [88.80923366570121, 22.724631428697563], [88.8059897418332, 22.734507560375732], [88.80982172519256, 22.74036753203609], [88.80833017799543, 22.752887248747612], [88.81933665316413, 22.750269055172765], [88.82038044949829, 22.74785912030228], [88.81471514688664, 22.742376566225573], [88.82601380369422, 22.738733052888136], [88.83517646811956, 22.746637344537902], [88.83998095945375, 22.735539912836742], [88.84687507142749, 22.74973344774051], [88.8325846192848, 22.75365924837567], [88.84597802196825, 22.752179860911923], [88.84841227540633, 22.749290823912418], [88.84050095105809, 22.734881401355665], [88.8367171290923, 22.736424803461972], [88.83420681908959, 22.745376944690292], [88.82843184505364, 22.73737931240541], [88.81403076640689, 22.740522026570318], [88.81284451476259, 22.74403715089386], [88.81823205906235, 22.748720526930782], [88.80947387192177, 22.751144051456833], [88.81166970699152, 22.740405559868805], [88.80754852324586, 22.73306107550829], [88.81101751324772, 22.720301866637953], [88.80919134630366, 22.710742235166094], [88.84799695049898, 22.708971500634306], [88.8494274616082, 22.693236946827767], [88.85892105136546, 22.69692301788308], [88.86396431899814, 22.694056749019836], [88.86203670493003, 22.684844016638152], [88.86443126229292, 22.664777636278956], [88.88349187415074, 22.668676018383536], [88.90200877208733, 22.67914283287547], [88.91134154777424, 22.67679727057765], [88.92919874172898, 22.650100350650916], [88.93373700675798, 22.619577562754813], [88.93904916988348, 22.617535359769448], [88.95408605123063, 22.62014056443573], [88.95916197504559, 22.61743948304624], [88.95787891228238, 22.6086457753826], [88.93866549211944, 22.59214980157256], [88.93939897018683, 22.568067602038667], [88.92677892151082, 22.56496984318406], [88.93304810268828, 22.55696744539165], [88.9389789993817, 22.559631293949394], [88.96106155904423, 22.549353711205242], [88.97065438089558, 22.5238552125482], [88.97363956711294, 22.499199508151122], [88.98303937916424, 22.48046017909445], [88.9970654018471, 22.46995393112951], [88.9947745246254, 22.4558740462507], [88.9901807849158, 22.446106147980743], [89.00049956650255, 22.429616696953445], [88.98201528697612, 22.41582435770846], [88.97241355734027, 22.411199671428193], [88.97496024671861, 22.405087878802703], [88.99477551567807, 22.39107929667267], [88.99597538305832, 22.38939369106646], [88.99661820047007, 22.387092195548746], [88.9961988286133, 22.385600947825935], [88.99497471820942, 22.38430472708177], [88.9840777867611, 22.376096602176943], [88.99005745728633, 22.36410193036025], [88.98641093661584, 22.35701871704063], [88.98845877565284, 22.34868627705049], [88.9849888638453, 22.325978055443386], [88.98904672722543, 22.32246200571734], [89.00094833899536, 22.323356064031657], [89.01054995711505, 22.314745056339518], [89.0169534592354, 22.305525697753012], [89.02348926511812, 22.300109246544906], [89.0247521884634, 22.296175323232916], [89.02154683741733, 22.293742853150576], [89.0088225474232, 22.2975203124127], [89.00018858363674, 22.29662577655884], [88.99535873861552, 22.292994392377665], [88.99532074945361, 22.285944551999904], [89.01908734180782, 22.269152862215293], [89.01420311478259, 22.257108491164388], [89.0156602934882, 22.253780625476026], [89.02931099850454, 22.25914526943913], [89.03386629039747, 22.25811643332719], [89.03680332961065, 22.236596970674015], [89.04162154639798, 22.225948326754235], [89.07198522443892, 22.195666747822486], [89.07111941562911, 22.18615737856058], [89.06380561973421, 22.17214780357861], [89.07002943281273, 22.150246628179787], [89.07766550705836, 22.148054331042715], [89.09070103712386, 22.15987917308584], [89.09850796906815, 22.155570360184186], [89.09264269590429, 22.1431874006783], [89.06362599274573, 22.123695318384733], [89.0559336766984, 22.12194454520497], [89.0434574610936, 22.10736390971701], [89.04012975998106, 22.09802463373032], [89.04660087942776, 22.06163459775891], [89.07974648521295, 22.01483231096276], [89.08646765935546, 21.98050411737148], [89.08188705154677, 21.95449210312856], [89.06973128237328, 21.924184611131324], [89.05120229664922, 21.9262862368208], [89.02788111602129, 21.920144662246855], [89.0201874177159, 21.889482072939757], [89.04169496704972, 21.869902511791707], [89.04531680852463, 21.851862529732415], [89.04392281438695, 21.831196982355266], [89.03238158074586, 21.807320277009666], [89.03006228854437, 21.78511941872665], [89.03869817328254, 21.76821551333572], [89.07149452555248, 21.739379016328854], [89.09446270069387, 21.701362980017933], [89.1500134124897, 21.666097116389295], [89.15555555555571, 21.64450000000042], [89.18311111138908, 21.4454444441063], [89.23236111087724, 21.129111111488953], [89.37354884720165, 18.009049085546962], [89.28405037932171, 17.974008054228335], [88.75903949587618, 17.48948987885491], [88.61473136925738, 17.369914363956838], [88.46278595880503, 17.25715766259613], [88.32932742781864, 17.167872094821362], [86.91042489889011, 16.271446604077568], [86.64550433635614, 15.995322648121814], [86.55505111042046, 15.908653983394728], [86.46488042539144, 15.828176148210787], [86.34035611754089, 15.725789422344022], [85.65072634894196, 15.185115872399692], [84.904465657764, 14.346154162784472], [84.77682916773202, 14.214905050227927], [84.63269450774536, 14.082116829827882], [84.531621671603, 13.9974469281333], [84.43155740894733, 13.919834160318317], [84.32921055092632, 13.84620704122203], [84.21950975037473, 13.773292221159181], [84.11828369673535, 13.711112934814167], [84.00957606158605, 13.649462603616286], [83.76414435997438, 13.526286311164398], [83.76984382243458, 13.328906993562981], [83.76445840772945, 13.14136871159684], [83.7451794521701, 12.919593467764443], [83.7179631018158, 12.732249575157851], [83.60727235093842, 12.161185675078968], [83.5695740280191, 11.995646588319502], [83.47557443801006, 11.662393529437907], [83.40247227567514, 11.448824809717323], [82.40666666623403, 11.266666667033192], [81.93333333306711, 11.045000000149997], [81.04166666698333, 10.69499999995017], [80.76666666663343, 10.549999999700304], [80.158333333017, 10.13999999980021], [80.08333333316713, 10.096666667033247], [80.05000000020019, 10.083333333666616], [79.58333333326706, 9.95000000000013], [79.37666666653385, 9.66916666680838], [79.51166666698347, 9.363333333666517], [79.53333333336687, 9.216666666633486], [79.53333333336687, 9.099999999900248], [79.52166666678332, 9.000000000100144], [79.48833333291734, 8.896666666733438], [79.3033333334669, 8.666666666833365], [79.21666666703325, 8.619999999600452], [79.0783333330173, 8.519999999800248], [78.92333333296719, 8.370000000100092], [78.89500000035005, 8.203333333466702], [78.76166666668351, 7.588333333616646], [78.64666666673352, 7.349999999800318], [78.2033333329671, 6.513333333066967], [77.8449999997504, 5.8983333332168115], [77.02333333316713, 4.7899999997003135], [76.94666666653362, 4.87083333329177], [76.72083333359151, 5.093055555469718], [76.6133333332672, 5.23222222197802], [75.69277777762531, 6.470555555575032], [75.64194444431271, 6.555833333337503], [75.42944444452505, 6.851666666675058], [75.27194444438092, 7.257499999625381], [75.20166666678361, 7.39999999970037], [74.93583333353749, 7.858333333474974], [74.4958333334375, 7.808333333524914], [73.64277777787501, 7.697222222424983], [73.32722222222807, 7.6505555553946465], [72.82500000025007, 7.705277777547579], [72.70722222212513, 7.71500000007498], [72.06249999997536, 7.818055555419747], [70.25222222212616, 8.093888889070357], [69.47833932370096, 7.933370530325817], [69.15729076195922, 8.639636241419495], [69.1001204080305, 8.771861119295338], [69.04607021866568, 8.913719100556122], [69.00261429751188, 9.044275825968711], [68.9640776661515, 9.178358436992312], [68.92662925403701, 9.33458535782809], [68.72627887407091, 10.271074276057107], [68.51681394340889, 10.850495943732923], [68.44908182276802, 11.06487466213602], [68.40416057325186, 11.238207514765065], [68.3773735754302, 11.365383139120638], [68.35730889658831, 11.482500944463112], [68.34080433065546, 11.60562329557871], [68.32878092999599, 11.731086753750702], [68.32189746419678, 11.847774913381642], [68.31911954563057, 11.969815800059152], [68.32105789220796, 12.097938521145906], [68.32754952429113, 12.220134361911377], [68.34590624217944, 12.403690682379192], [68.37540083967704, 12.590669639092638], [68.41551478118234, 12.775205301483581], [68.4644487714937, 12.951532887532807], [68.62089632930216, 13.44055482904217], [68.6794835507254, 13.60303938825723], [68.72408655624966, 13.711463439286362], [68.77809837334135, 13.829881714669469], [68.83252528781188, 13.938038301926142], [68.89121516055135, 14.044707385337645], [69.00105785793394, 14.222465257665519], [69.12358137298199, 14.395127964284228], [69.25876131698126, 14.561768100917192], [69.40288950005046, 14.718489833239317], [69.5521571926005, 14.86240892033544], [69.71274217051487, 14.999046310139136], [69.88552117656118, 15.128136501198654], [70.06329272128212, 15.24431897024435], [69.90513185245314, 15.907569803903385], [69.873450345657, 16.085935211440955], [69.82491999176435, 16.446209198895517], [69.79022294753113, 16.581917380382876], [69.74189835582459, 16.795824965549826], [69.69993652425123, 16.936645299141304], [69.62361816414702, 17.140825231599223], [69.56871989610644, 17.301725979470433], [69.52745136628758, 17.439371871714613], [69.49048655111355, 17.580939971802295], [69.37347746661194, 17.63526270700841], [69.194846692521, 17.70502325931608], [68.9947686281698, 17.793036691989855], [68.75244213089977, 17.911035122473038], [68.55966095249104, 18.018559967468534], [68.3042877115088, 18.17846867319078], [68.09910393240065, 18.32177683823059], [67.98280648143398, 18.410128954687593], [67.85678973965489, 18.51176619185631], [67.67486912411093, 18.665543774025977], [67.55038598092838, 18.78051962717913], [67.44704291689723, 18.882073967539597], [67.33719901712098, 18.9961868897132], [67.21246693979751, 19.13238594275711], [67.10533536113812, 19.22648342756817], [66.99776079802248, 19.32869679741934], [66.81536959513087, 19.483195490179796], [66.650872558222, 19.636873907704782], [66.37289270823206, 19.92271805379528], [66.18888525455097, 20.12455892875164], [66.10574942179849, 20.223014037168127], [66.02425119423728, 20.327295775779476], [65.9501512286964, 20.4298453859559], [65.88131363621542, 20.532860871032426], [65.81364194192216, 20.6428699196112], [65.75106127825543, 20.753858321804188], [65.69218139225748, 20.867683662371178], [65.63914950074926, 20.98033993194244], [66.4531449547762, 21.647762755646625], [67.16814325380878, 22.251081571157584], [67.23325701989623, 22.340519837520702], [67.47056477944128, 22.71384825429351], [67.71381102326066, 23.2300354116052], [68.11152128031719, 23.636339298030293], [68.1187221625494, 23.642994375191194], [68.18269820176127, 23.67854519720322], [68.17882378568939, 23.72985269174862], [68.18191694810892, 23.741016249700266], [68.20289642632915, 23.770847423869554], [68.2059873764168, 23.7846271618142], [68.19996102028531, 23.81040064527366], [68.1997104565726, 23.829486385088728], [68.20883788286258, 23.875812833395628], [68.25036451990704, 23.89268927439079], [68.26346351872681, 23.90710305686079], [68.26937721768493, 23.921339278984675], [68.28109531739514, 23.930057807821782], [68.28921026534195, 23.9330403806093], [68.32326609745272, 23.922718131236962], [68.33207344423428, 23.924350838720414], [68.33752971652356, 23.935654055090595], [68.33687520882441, 23.954650615433735], [68.34045088270264, 23.96516913194995], [68.35515273690979, 23.980767337742634], [68.36698744181732, 23.987590336724878], [68.37693152716875, 23.990036324517007], [68.38810700833179, 23.967886725792], [68.39261027444527, 23.96665943898202], [68.39953195603542, 23.97034505318183], [68.40072803927907, 23.968404483135032]], [[68.23323237917108, 23.842401743245887], [68.23936295503646, 23.8527134660537], [68.25147843368282, 23.86202836052047], [68.25488305111205, 23.87463545806], [68.2506623268051, 23.87952625733101], [68.2450503108233, 23.880301356022812], [68.21702575683335, 23.86726725138257], [68.2138432260841, 23.861897349083506], [68.21624040587008, 23.84766912463047], [68.23323237917108, 23.842401743245887]], [[68.21509444745081, 23.758457660992292], [68.21769630933736, 23.755833864641176], [68.22409105295989, 23.763751506726692], [68.22095894809698, 23.775703549779024], [68.2163869144247, 23.77930414656919], [68.21509444745081, 23.758457660992292]], [[68.2802062035536, 23.662477851072026], [68.27440357176752, 23.660056352718556], [68.26948749974841, 23.649553656176323], [68.23858165731772, 23.647904157450995], [68.23138284694087, 23.643205403906336], [68.25922596450673, 23.645955801419177], [68.28110861746885, 23.651920556688367], [68.28996264895719, 23.648202419406203], [68.31159555928772, 23.65012800730173], [68.29925036411308, 23.64735126504891], [68.28036642047405, 23.64896595461522], [68.25806772674431, 23.644674658708595], [68.26047801954505, 23.639837861028525], [68.25587785238113, 23.645054340785208], [68.22942197324548, 23.641542553845852], [68.2227772477718, 23.646991967905052], [68.21078085914948, 23.64037323014051], [68.21167981607076, 23.64327561847506], [68.20754873708458, 23.641838073768156], [68.2051806449708, 23.644269228142406], [68.20766997379039, 23.647144079235943], [68.20421802953845, 23.64718961730705], [68.18646597892192, 23.62382900680325], [68.18783497820183, 23.61061513398127], [68.1934473512143, 23.607067346281042], [68.19762885608688, 23.59690725816344], [68.20312499981893, 23.594586968613783], [68.20602333580845, 23.601817727406228], [68.21454501114343, 23.600481628924058], [68.21646463833255, 23.605936050408502], [68.22074294083413, 23.603540659373976], [68.22588872938141, 23.60660982158609], [68.22791695600282, 23.60444498075134], [68.2239192725564, 23.603087544054944], [68.22566986047573, 23.59759747973996], [68.21982681765363, 23.59137165577738], [68.23311305082674, 23.586954236249056], [68.23719775717083, 23.595634818192366], [68.24706304032716, 23.590318560453284], [68.25635981525343, 23.594949961071933], [68.24922192135469, 23.594033360351375], [68.24042117559688, 23.599445224117915], [68.24217510179963, 23.6058888431956], [68.25629830342407, 23.6001291270577], [68.26408600786309, 23.602028370213247], [68.26975095254446, 23.609854221195434], [68.26758635003009, 23.620210647503427], [68.27777600246063, 23.63243424894148], [68.28853774062432, 23.62865567182186], [68.30686676478953, 23.630410432595426], [68.31382167363134, 23.622343659532305], [68.30462515332826, 23.629991650694194], [68.28670752043578, 23.6272633072559], [68.27803146837758, 23.6308983561743], [68.2730444668288, 23.620797634103553], [68.27390444263605, 23.61629211878636], [68.27816903587231, 23.609702825724867], [68.28165805377623, 23.61383640752419], [68.28597080750691, 23.610682129876494], [68.28818440418698, 23.605750560739892], [68.28136622916819, 23.606143236221442], [68.292896747387, 23.60003030325595], [68.28338134277485, 23.600416421780466], [68.28021800535677, 23.588763833184487], [68.27920961353297, 23.59665274642714], [68.27559804951053, 23.596089720464306], [68.27471292056495, 23.590936541288386], [68.2810510392741, 23.58249020575849], [68.29487240323888, 23.57869005210432], [68.30137455469205, 23.58422195917612], [68.30767715018041, 23.58402097239005], [68.29987323276359, 23.58771967892008], [68.30426442626234, 23.596232772024848], [68.30894494065657, 23.582973241521955], [68.31701433614276, 23.584024429384044], [68.31525814544713, 23.58993220360844], [68.33050727848823, 23.58903706071183], [68.34667611131366, 23.597841500884584], [68.35132741932503, 23.604771136978513], [68.34813916708904, 23.61550211922753], [68.35345065572326, 23.616783142328188], [68.35318577300515, 23.621233225233198], [68.37478160878433, 23.639440179021108], [68.37606465805757, 23.65131401972627], [68.38145241010076, 23.6594015392497], [68.37572491127574, 23.64316403868949], [68.38424170059417, 23.64640533923503], [68.39563465131815, 23.66417157665697], [68.41859531442239, 23.724210858744186], [68.41721355915857, 23.760039210541237], [68.41217243640895, 23.760007143415038], [68.40475964584098, 23.752489447829873], [68.39959514150266, 23.750689148985117], [68.41197586079741, 23.761317014968284], [68.41749894641933, 23.76180243483455], [68.42572355230018, 23.782051444118906], [68.42507171648654, 23.796843051565702], [68.41304397569908, 23.79366242917783], [68.4062185287622, 23.78676092657554], [68.39812493341904, 23.784627556616527], [68.37951564812877, 23.79051601879928], [68.3645552397326, 23.802142500975663], [68.35408651867803, 23.80372023560048], [68.3504532576118, 23.79988205411354], [68.34893143204002, 23.78216612296825], [68.33488476272166, 23.757923006841395], [68.33805203467372, 23.751976371112676], [68.34325671172789, 23.752073764992303], [68.34117233773324, 23.744834781000407], [68.3517893551946, 23.743431806232934], [68.34736156468452, 23.740328550722154], [68.35028493420245, 23.73198676138003], [68.3448722358651, 23.740609050167592], [68.33945131322756, 23.742427468552904], [68.33789145982317, 23.7295686004106], [68.3306287526149, 23.721773147412904], [68.33367025887546, 23.717040300569494], [68.33395981809124, 23.711075306080573], [68.32930934465068, 23.723463058073747], [68.31860125104706, 23.718085408115172], [68.31384301184565, 23.712187171201094], [68.31093871604898, 23.699627041654708], [68.2976887228564, 23.683997154545153], [68.30010521378475, 23.679998755238387], [68.30519354374715, 23.679779648911705], [68.29289341000302, 23.67811596428041], [68.28078305749224, 23.66812872855806], [68.2802062035536, 23.662477851072026]], [[68.27446484527653, 23.701197027720752], [68.2721563575299, 23.70742750207762], [68.28317022332723, 23.710001826722987], [68.29477024115377, 23.723110079566624], [68.28504276291326, 23.731793641863106], [68.28553640797898, 23.7353736162994], [68.29341995676575, 23.740262031467694], [68.28812563439058, 23.746111154606155], [68.2859680654739, 23.754489540959554], [68.29455494885192, 23.74073040468454], [68.28668642054194, 23.734227656980835], [68.2903013228478, 23.72817134892864], [68.29603707834858, 23.72593414774272], [68.32428705730186, 23.734255552152092], [68.31597435473279, 23.763296842775162], [68.31393051138403, 23.786614656341385], [68.32229995757709, 23.80434906495742], [68.30942976517159, 23.82325112813706], [68.29052555531027, 23.81665265569555], [68.2972209449907, 23.811688303572396], [68.29807364977918, 23.803597569872068], [68.27796554537363, 23.796372770886762], [68.27331793267652, 23.79111850251695], [68.26444435082615, 23.75962615012682], [68.26508963148146, 23.75342237933944], [68.26921176940775, 23.74950480480291], [68.26356637508823, 23.737907052368598], [68.26610004857847, 23.72955810981901], [68.25767433630162, 23.71680724665717], [68.26748001599, 23.704901814567194], [68.27446484527653, 23.701197027720752]], [[68.3315974474643, 23.787157177761628], [68.33853602371866, 23.800632357597323], [68.3558337692132, 23.810762643980837], [68.36975765229388, 23.809061766087638], [68.37912964831472, 23.795302629812596], [68.40155863762115, 23.790230869858817], [68.39041137718343, 23.80972313921157], [68.38920164064334, 23.830484509352658], [68.38026845442565, 23.838103532452124], [68.3902770283623, 23.831329226362783], [68.39213800446547, 23.808806538490984], [68.39808404484288, 23.80005037752295], [68.40553343332138, 23.79305982585032], [68.41104900870491, 23.795693159511757], [68.41522371740072, 23.80459833184767], [68.40688693548381, 23.811114072956173], [68.40680563407281, 23.81542956871968], [68.41299283485151, 23.819588065336973], [68.40810024772836, 23.813650966019367], [68.41028714173834, 23.808954358257097], [68.41792690770077, 23.804959058913482], [68.42633342754581, 23.810340523796157], [68.42868614215186, 23.819881439476887], [68.43907475429663, 23.836047053628704], [68.43876397647645, 23.839389443368162], [68.42878282107043, 23.845956801964945], [68.42458272001656, 23.86463534854255], [68.41742503653623, 23.870227217911804], [68.39462947816801, 23.878096342472304], [68.38771605505198, 23.873914837599727], [68.37812411813357, 23.873949050508315], [68.37394452072309, 23.859775900537414], [68.37723875086775, 23.857920646820446], [68.35808014887985, 23.84975135284273], [68.3551576139329, 23.845543622839983], [68.34434044335686, 23.839102864505662], [68.34311187231506, 23.831333756247886], [68.34775066356244, 23.82459831256216], [68.34709811188841, 23.81851506262015], [68.32518434508157, 23.79658305666277], [68.3315974474643, 23.787157177761628]], [[68.37149703466056, 23.858567237787895], [68.37759292097664, 23.87617814520533], [68.38862180725064, 23.87601971613705], [68.3934421536326, 23.88018035853682], [68.41710543636688, 23.872360944901743], [68.41816771017179, 23.876258134505377], [68.40886366332754, 23.884915113741613], [68.42291903538532, 23.894662380664357], [68.42927491660427, 23.89567804350699], [68.41081774264481, 23.885182142242172], [68.42086231734217, 23.876491546347864], [68.41977703528201, 23.870982766241752], [68.42629706885472, 23.86450135675227], [68.44235312939352, 23.87064576149274], [68.4440232513721, 23.878169417784505], [68.45215427919666, 23.882494926599634], [68.44713103766728, 23.898826718378416], [68.45092225116107, 23.900676965569602], [68.45036721207728, 23.904367923540946], [68.44471752619305, 23.90580046172201], [68.4429162740669, 23.908609747741735], [68.45073664188263, 23.90573155836475], [68.45143723444093, 23.91319644486012], [68.44451725526724, 23.912540912832952], [68.45176982891454, 23.915423154555043], [68.4489660260613, 23.919203757847157], [68.44431531430044, 23.918896437020948], [68.45106291771955, 23.9210795161068], [68.4547218085647, 23.929079055853776], [68.45885491372346, 23.930880665910138], [68.44892513748519, 23.938295245229455], [68.44139254103303, 23.934620737657013], [68.42944872407944, 23.93402004269089], [68.42041230198626, 23.920972943746364], [68.40608406033121, 23.912717819371892], [68.38623034985082, 23.90625000043724], [68.36362135404241, 23.90575265915797], [68.3531947131655, 23.900548815775267], [68.35042917736476, 23.891344546913416], [68.35345804725122, 23.883777379622416], [68.35756230395728, 23.89338302580606], [68.3675222398596, 23.893093943230923], [68.36760282541016, 23.890721201622227], [68.35893905179594, 23.893080115255174], [68.3556131124553, 23.888289213576428], [68.35676801193435, 23.863201141219804], [68.35034203485716, 23.846106767513362], [68.37149703466056, 23.858567237787895]], [[68.45545101125529, 23.807276248500074], [68.44771575887526, 23.805580616352415], [68.45630514596579, 23.772946357888145], [68.43764030955268, 23.73927891239194], [68.45912742628983, 23.743274926696643], [68.4772374628387, 23.741064667400536], [68.47824954997682, 23.747337103224766], [68.47114253070336, 23.752132773109082], [68.46435582656025, 23.766054272986423], [68.46603941948374, 23.775398612156238], [68.4660161738075, 23.766547441411376], [68.4715254305543, 23.755558013791386], [68.48791336970632, 23.74900770184405], [68.48785507655069, 23.736975550781068], [68.49477243420054, 23.737165212404733], [68.50734627211287, 23.748455762723324], [68.50325775174392, 23.75391054123861], [68.4897371534469, 23.759339809584617], [68.50238943112745, 23.75564730208137], [68.5099717376057, 23.751010656616558], [68.51511824111404, 23.75249433474582], [68.5221892596268, 23.775270462361988], [68.51627600223586, 23.779037356388926], [68.51239240138833, 23.787017345773933], [68.49866342567671, 23.79374015308568], [68.51246094681537, 23.788432240155856], [68.52279114709384, 23.80371606364551], [68.51904511464048, 23.81096374947745], [68.51970934850775, 23.817404627421695], [68.51448535941196, 23.818518400004194], [68.5029939410177, 23.82903635534359], [68.49019777810511, 23.830326676534924], [68.47640097102814, 23.82120704646806], [68.45785582088948, 23.817214846188307], [68.45440351960687, 23.813197374059627], [68.45545101125529, 23.807276248500074]], [[68.4869538542371, 23.74561572078889], [68.48186600181455, 23.738658070813358], [68.48223710076175, 23.735928774093708], [68.48570442162188, 23.739310144947325], [68.4869538542371, 23.74561572078889]], [[68.46433746780005, 23.739669442091184], [68.45720493835725, 23.733450412506556], [68.45967233181275, 23.724764704427656], [68.46748173239612, 23.728236556072318], [68.4873789547751, 23.728808641805415], [68.48413252809374, 23.732642054187522], [68.46433746780005, 23.739669442091184]], [[68.45065093019636, 23.731577277569357], [68.44857835800488, 23.730468749832994], [68.45040774362255, 23.730468749832994], [68.45065093019636, 23.731577277569357]], [[68.34010195743949, 23.782220244169025], [68.34040594088148, 23.77753674942153], [68.34696495556832, 23.780314445854998], [68.34959805001009, 23.80021214487465], [68.34010195743949, 23.782220244169025]], [[68.47310936420584, 23.71464490863562], [68.47939944293003, 23.717566370691543], [68.4823069574002, 23.72067570651876], [68.47430944472515, 23.721241354904663], [68.47310936420584, 23.71464490863562]], [[68.48093211612442, 23.62576770771355], [68.47965884248165, 23.61995005635015], [68.47402703781759, 23.61994385732325], [68.46998250508861, 23.61621463319881], [68.46866965318205, 23.59278047074224], [68.47322762055833, 23.593965530784686], [68.48013174558375, 23.59099853065777], [68.47801435028217, 23.600074529216243], [68.47966516021907, 23.60649216148417], [68.48299860979805, 23.60695266743167], [68.4908616540421, 23.603889703347193], [68.49042832830477, 23.624020218858078], [68.48369514911198, 23.621425152249003], [68.48691487312303, 23.62713873406537], [68.48093211612442, 23.62576770771355]], [[68.48145604136326, 23.60628592985188], [68.47909903519238, 23.602682829349106], [68.48057985347756, 23.59799051315173], [68.48647880535262, 23.603192209852665], [68.48145604136326, 23.60628592985188]], [[68.47970485719341, 23.590103029831027], [68.46856141078061, 23.591900944573013], [68.46263551701557, 23.58133184928542], [68.46504795559875, 23.579123735771788], [68.46910047520677, 23.582973003201573], [68.4728006125583, 23.578204274307836], [68.45587444265155, 23.572175979238153], [68.4533246757932, 23.56132185462002], [68.44812965386055, 23.5653681752012], [68.43556272993615, 23.556492567178253], [68.43544995764952, 23.546696066870055], [68.43035507162935, 23.54279065116765], [68.43042576283884, 23.507688641317742], [68.4329199794735, 23.50763547429773], [68.43355762938123, 23.523007630997455], [68.43981361390726, 23.526066065196858], [68.4463361502932, 23.539793014735864], [68.46075582512137, 23.548710345905874], [68.46228730671399, 23.553812265523675], [68.4637334345505, 23.55061614511908], [68.46827614312966, 23.552839875360007], [68.47127342253052, 23.55589997780183], [68.4688862557962, 23.557713746692116], [68.47389912634375, 23.557772874418646], [68.47410535797596, 23.562947631028464], [68.48118197926502, 23.56112551732889], [68.4801466464506, 23.568220734799155], [68.4855594634985, 23.57570421657644], [68.48555767564633, 23.591630101148354], [68.48283994240947, 23.596115946493825], [68.48029315500523, 23.596446513895557], [68.48099792041782, 23.59198462918735], [68.47970485719341, 23.590103029831027]], [[68.46942901643601, 23.54828727243975], [68.457452774426, 23.542235731693722], [68.45733106107971, 23.537470936434573], [68.45368337668654, 23.536716342285445], [68.46197092521814, 23.53392004967057], [68.45790135896058, 23.534064054512584], [68.45338201566764, 23.528776049874864], [68.46990084664682, 23.53846490403214], [68.47566270856728, 23.538418411780412], [68.48154914367811, 23.552802562488267], [68.47955060008027, 23.55515384717239], [68.47086465368099, 23.553257942300263], [68.46942901643601, 23.54828727243975]], [[68.48227775101756, 23.546895622834768], [68.48319017888369, 23.5486769675681], [68.48217213193837, 23.550290227212287], [68.48227775101756, 23.546895622834768]], [[68.47209501257478, 23.535817742394954], [68.47647297344898, 23.532750844675803], [68.47311913983654, 23.53688991054105], [68.47209501257478, 23.535817742394954]], [[68.47249424501345, 23.528738856613046], [68.469010114925, 23.524427175773667], [68.47179865808167, 23.520906210353388], [68.47619104408156, 23.527823328783683], [68.47249424501345, 23.528738856613046]], [[68.46764957916488, 23.524076461759392], [68.46322464939809, 23.518419503957034], [68.46502661738455, 23.515382170550822], [68.46669197115759, 23.519165515875926], [68.47048032300856, 23.519137740314534], [68.46764957916488, 23.524076461759392]], [[68.4517542121873, 23.573159336634177], [68.4620676041367, 23.576841950695524], [68.46145963635323, 23.582463621798723], [68.46753334988435, 23.591770648996373], [68.46600127204121, 23.597885131493655], [68.45452082177857, 23.599110961401834], [68.45316445797349, 23.588356852187047], [68.45724725685548, 23.5872230526019], [68.45623755471954, 23.583955168995857], [68.45282721490415, 23.57767832289636], [68.44708812201927, 23.580881953539347], [68.44458866143773, 23.57797276992747], [68.4517542121873, 23.573159336634177]], [[68.44858992058849, 23.5998226408023], [68.45855355270439, 23.603976249604273], [68.46656405968363, 23.60086584088586], [68.46460652337245, 23.622592926422442], [68.45163214181, 23.623980521883652], [68.43529200522195, 23.616778731153573], [68.43710815911427, 23.607161164456215], [68.44116914314148, 23.60300815100547], [68.44075405565522, 23.586572170069672], [68.44561755690486, 23.5884214639795], [68.44858992058849, 23.5998226408023]], [[68.25032615662693, 23.58293354544682], [68.2579040528299, 23.585056900555628], [68.25498044499167, 23.590014457401367], [68.24537324927618, 23.58868026728058], [68.25083053150391, 23.58716535569667], [68.25032615662693, 23.58293354544682]], [[68.22343075272718, 23.586145043359124], [68.2243282797264, 23.584107041107103], [68.22827362982432, 23.5843780041416], [68.22766041719458, 23.58517587186904], [68.22343075272718, 23.586145043359124]], [[68.21560263635271, 23.591328978449667], [68.21551024899892, 23.58715236229176], [68.21710157417837, 23.58642053627881], [68.21745955921145, 23.586762547553576], [68.21560263635271, 23.591328978449667]], [[68.47859477992526, 23.498127818244228], [68.48232114330622, 23.49484944314733], [68.48161566293257, 23.49152791498139], [68.47361135498019, 23.49565446408232], [68.47488617905398, 23.486685752845347], [68.48306703561528, 23.4913116693981], [68.48479223207593, 23.485086918326715], [68.47638404398847, 23.485867858115284], [68.473977446502, 23.481392980002056], [68.48090755923661, 23.477713465903747], [68.48683845952743, 23.485961556680536], [68.48321354416984, 23.499182820131068], [68.48069620146853, 23.501085758600993], [68.47859477992526, 23.498127818244228]], [[68.4874584674345, 23.48633861543479], [68.48958432715509, 23.49299633521278], [68.48665857353447, 23.495140433184474], [68.48609173264745, 23.489222645908427], [68.4874584674345, 23.48633861543479]], [[68.51122820381872, 23.490669131675162], [68.51141285891643, 23.491909981160717], [68.50933671012123, 23.492367148824883], [68.51122820381872, 23.490669131675162]], [[68.5078557731255, 23.49176466420795], [68.50710213225776, 23.490370154758864], [68.50845491855969, 23.49027085341723], [68.5078557731255, 23.49176466420795]], [[68.48741292936322, 23.485399246578055], [68.48217630389334, 23.477874517395094], [68.48517334497396, 23.47628402678646], [68.48762631420314, 23.47322380563415], [68.49751901588994, 23.47918164691555], [68.49858784665187, 23.489092945682955], [68.48741292936322, 23.485399246578055]], [[68.49619495843072, 23.47572541199827], [68.49901413879152, 23.458304167103677], [68.50046145912913, 23.455216049880846], [68.50150835542635, 23.46596503295993], [68.49850594988979, 23.469456315356723], [68.4989321233189, 23.475777149096245], [68.49619495843072, 23.47572541199827]], [[68.50525903737483, 23.4565744398586], [68.50694131818736, 23.45067095719898], [68.5031150581136, 23.447228551156712], [68.50564777832236, 23.436812758801807], [68.50316405317866, 23.429166435882337], [68.51125884012347, 23.430309772777804], [68.51021361386731, 23.43860816983124], [68.51527726643272, 23.43653035189425], [68.51553165945867, 23.433517575375845], [68.51748704908815, 23.441931843779656], [68.52092421028416, 23.436821580251774], [68.5209207532902, 23.441823601378132], [68.51374542690999, 23.447851538517796], [68.52393674848227, 23.441976547279864], [68.52600157301433, 23.43641674503681], [68.52589798010783, 23.441935777414244], [68.51908552657588, 23.448764204704332], [68.50525903737483, 23.4565744398586]], [[68.51401042923803, 23.43041551146672], [68.51718687967085, 23.432207942142867], [68.51509881036182, 23.432864308740932], [68.51401042923803, 23.43041551146672]], [[68.49060904976798, 23.444358706589128], [68.49505495981859, 23.45573270320176], [68.48721754535345, 23.466989278932147], [68.4869966502753, 23.472517252369386], [68.47249364876293, 23.480218648871585], [68.46895265544075, 23.478018641846944], [68.45741856061821, 23.47826075552956], [68.46128725969939, 23.47581768064157], [68.45976805655064, 23.46836400059817], [68.45687854291057, 23.47107744227023], [68.45726025115974, 23.467653870729578], [68.4545867438832, 23.47060894944346], [68.44534921629341, 23.467629670872697], [68.44484746473873, 23.462152242931694], [68.45300602890521, 23.463659644277215], [68.45268154181983, 23.46105575531891], [68.43723881262113, 23.45366597210696], [68.43544292405173, 23.448858976160892], [68.43298494829688, 23.449991345823975], [68.436443925247, 23.443148136377403], [68.43489444282434, 23.440433144274266], [68.42961132510274, 23.43999266622859], [68.42486596149499, 23.44736611865153], [68.4229979517942, 23.444282412603343], [68.41756904137824, 23.445860147228046], [68.41176486006034, 23.441616058534322], [68.41303026643365, 23.43177783507906], [68.41997611550548, 23.429317712642444], [68.41891312584019, 23.423649310967022], [68.42168283449533, 23.420297980167646], [68.42116284379031, 23.42484676816389], [68.4291566611511, 23.431244969679682], [68.42655360676369, 23.43396484869885], [68.42048192030447, 23.433333635239137], [68.41839635380879, 23.43971741162929], [68.42864024615054, 23.437086105039782], [68.43040156388113, 23.43115520474899], [68.43037760234458, 23.434057354763183], [68.43849790125725, 23.43568480031331], [68.44033014761837, 23.44471776451323], [68.46787404994754, 23.458400726412492], [68.46725404293986, 23.455576658236197], [68.47070705918347, 23.454155445217737], [68.4743548631865, 23.45975744724842], [68.47133708014215, 23.453409671619113], [68.46192026101139, 23.452625155226826], [68.46059191198728, 23.444018841096664], [68.46738314601546, 23.441943645582853], [68.46009182957428, 23.436836839048937], [68.46451175191598, 23.420951246802673], [68.45860254776946, 23.417743444204632], [68.46646320791083, 23.411373734110583], [68.46355390558833, 23.4072240589432], [68.48340594782624, 23.40298175810173], [68.48993384866824, 23.427432417971744], [68.49060904976798, 23.444358706589128]], [[68.54153120550089, 23.40599000473503], [68.54786264854246, 23.410264014772565], [68.55003046973056, 23.414690733290797], [68.54153120550089, 23.40599000473503]], [[68.55140590635764, 23.4044717548677], [68.55627322163193, 23.406100153699214], [68.55798375644534, 23.40916597852717], [68.55468750012804, 23.40597093101377], [68.55140590635764, 23.4044717548677]], [[68.53723180310536, 23.404729008636906], [68.53974604584337, 23.402653574802713], [68.53827917604318, 23.399686932605903], [68.53556644933226, 23.401262641058167], [68.53618466848778, 23.39693057528592], [68.5280060764193, 23.391854643377172], [68.53386771722145, 23.389948606742877], [68.53315115000558, 23.392947316065857], [68.54093575448164, 23.40120446661291], [68.54431462252185, 23.397732854187893], [68.53968501065472, 23.393644452529514], [68.54355692840969, 23.388135909844408], [68.54285561999089, 23.394904017806226], [68.5464692119846, 23.396615266681266], [68.55441904080615, 23.376870750984466], [68.56050932434593, 23.37533271333416], [68.55519533199904, 23.368918061419436], [68.5502401592561, 23.37100779987017], [68.55005741162032, 23.36592602686474], [68.55319857625344, 23.366304755659996], [68.55301964264251, 23.360326648156303], [68.5557731392191, 23.360244870104793], [68.56718242163154, 23.375707506696187], [68.55639195462513, 23.378763079252764], [68.55423164367554, 23.383091449710633], [68.55949997924077, 23.38248646228044], [68.55076324902475, 23.402078509615592], [68.53723180310536, 23.404729008636906]], [[68.553019046392, 23.40359246701877], [68.55468750012804, 23.402622818888005], [68.55676817880848, 23.402803302030833], [68.553019046392, 23.40359246701877]], [[68.58783733812274, 23.36832725989521], [68.58607125308586, 23.373352647207014], [68.56846094101977, 23.37222754946191], [68.57424211498179, 23.360864043440955], [68.5763398412108, 23.36321091695035], [68.5790555473757, 23.360329150969648], [68.57860970487414, 23.351566553553624], [68.58403515829602, 23.35314238071635], [68.59133434290575, 23.341543435780977], [68.60725486302167, 23.331769942828686], [68.5969313384106, 23.346642017115528], [68.59894895572975, 23.346130729149877], [68.61164927519403, 23.335803031684634], [68.61108350719817, 23.332606672959656], [68.61638510239058, 23.333922148188663], [68.6182301047356, 23.328073978331474], [68.62053275138541, 23.336637854353597], [68.61514055759082, 23.350050211148385], [68.61750257028754, 23.348345637041632], [68.61840641502411, 23.353116035076994], [68.61116874224379, 23.357424020602167], [68.60783684219663, 23.36423015549741], [68.61066222158442, 23.351597428178792], [68.60356783868488, 23.357417344934618], [68.59810864899507, 23.35680425191478], [68.59450066067708, 23.361174464230203], [68.59806060811073, 23.363594174731418], [68.58932185172219, 23.374032974442258], [68.58783733812274, 23.36832725989521]], [[68.59632492105843, 23.35925626786249], [68.59953105451459, 23.35947871247268], [68.59735584269814, 23.360813855874852], [68.59632492105843, 23.35925626786249]], [[68.62919294839585, 23.34802150698701], [68.63115215294962, 23.349387168882856], [68.63098263703918, 23.34461057182051], [68.63495922059158, 23.342903733220737], [68.63160145244521, 23.351534366817674], [68.62919294839585, 23.34802150698701]], [[68.52706027021546, 23.32798552551165], [68.52776205527468, 23.336896657654705], [68.52234840365603, 23.33663654314202], [68.5190702677788, 23.341503501385546], [68.51334094962519, 23.33935904458434], [68.50468575914053, 23.34241914792537], [68.50325024150547, 23.332648157786338], [68.50653147734582, 23.335308552048105], [68.50714564325685, 23.331604003522045], [68.50252115752542, 23.32376790026848], [68.51205491999869, 23.3184169529801], [68.53583431240364, 23.316536426514887], [68.53768622873653, 23.318498849742184], [68.53412616259234, 23.320430755375156], [68.53720080887027, 23.321823954511927], [68.52706027021546, 23.32798552551165]], [[68.62824130019598, 23.32495844347747], [68.62719225901563, 23.32405865198521], [68.6289229395421, 23.321493029180004], [68.62824130019598, 23.32495844347747]], [[68.62709176517288, 23.321676254355737], [68.62576234325766, 23.312172055296145], [68.62777435780046, 23.311451554445796], [68.62993156878693, 23.315019011218453], [68.62709176517288, 23.321676254355737]], [[68.6307352785104, 23.31290852990483], [68.63430273528317, 23.314248442411724], [68.63242971905632, 23.317497253195683], [68.6307352785104, 23.31290852990483]], [[68.63978183236568, 23.316236734637613], [68.64380931844542, 23.31773304914094], [68.6395231486745, 23.3184520004595], [68.63978183236568, 23.316236734637613]], [[68.64362013346246, 23.313063859909334], [68.634539007869, 23.31336236018484], [68.63212001322805, 23.3106211420521], [68.63623714462867, 23.306848168608212], [68.63775122164165, 23.310522675281277], [68.64627385115747, 23.30717265569359], [68.64362013346246, 23.313063859909334]], [[68.61843395226524, 23.29871845289435], [68.60927581772481, 23.31655740769827], [68.60610055889381, 23.31622803189819], [68.60830462006217, 23.3097374439279], [68.58833980553769, 23.318860649699303], [68.58274054553985, 23.315709352404724], [68.59416675589122, 23.309409975589944], [68.59381675683792, 23.305543541901017], [68.59836506819349, 23.305200576445515], [68.59949255004128, 23.30165064296287], [68.61843395226524, 23.29871845289435]], [[68.61191391959173, 23.29614293574795], [68.59586691882336, 23.29940927072127], [68.58236372510598, 23.30980563142481], [68.58868932705096, 23.29584360090152], [68.57327270517132, 23.30344283621801], [68.57438921888749, 23.294152259419263], [68.57032632829757, 23.30032813593479], [68.56414055834014, 23.30064821274493], [68.55730652827376, 23.313426614047074], [68.55324840588932, 23.296760201622078], [68.5598833557323, 23.286862254189742], [68.56845140460874, 23.284698724566567], [68.56782460232361, 23.281335353643726], [68.56555235365832, 23.283664464643437], [68.56414484990503, 23.278520703167914], [68.5583704712204, 23.277521252403915], [68.55676162275083, 23.27396857778774], [68.54668855663166, 23.277997732109725], [68.54549515267931, 23.28195142701685], [68.54792106130802, 23.282505154889122], [68.54126775270478, 23.285131335342925], [68.53805291650903, 23.27330362806009], [68.54083395032669, 23.266011119117877], [68.5453803542201, 23.26548957798164], [68.57396602671079, 23.244895816288988], [68.57592773407774, 23.24787700142258], [68.57298815248137, 23.251084446989665], [68.58453834067197, 23.252919554993554], [68.57184243238251, 23.257063746095127], [68.57289850716055, 23.260891079959436], [68.59861731543683, 23.26816260771821], [68.6003003121098, 23.272870302322673], [68.60250365741788, 23.268136143368395], [68.60710442083237, 23.26907086362948], [68.60659265532686, 23.27337992204579], [68.61498987708123, 23.271551251389212], [68.61032462148412, 23.285772204823417], [68.61204087778438, 23.291798829852127], [68.60756075392581, 23.294989227870616], [68.61191391959173, 23.29614293574795]], [[68.62819254435047, 23.286421418213934], [68.62929415719967, 23.287331461977487], [68.62861490285562, 23.289919018348087], [68.62819254435047, 23.286421418213934]], [[68.59404671168645, 23.26043796553978], [68.59768617177954, 23.26036155194413], [68.59400141283501, 23.262026310366025], [68.59404671168645, 23.26043796553978]], [[68.63171040980771, 23.319234132749102], [68.63233947748503, 23.319041014131557], [68.6316510437608, 23.320927738724208], [68.63171040980771, 23.319234132749102]], [[68.5227749350154, 23.34254670146919], [68.53268015346637, 23.34100317975296], [68.52131331006129, 23.34320175685565], [68.5227749350154, 23.34254670146919]], [[68.5609232184319, 23.34269511658644], [68.56515681743329, 23.34263575053953], [68.56332492810301, 23.344911217878433], [68.5609232184319, 23.34269511658644]], [[68.55376684706235, 23.34176588039108], [68.55468750012804, 23.339285730951758], [68.55677700025845, 23.341814517526018], [68.55376684706235, 23.34176588039108]], [[68.55088925393599, 23.33965563739784], [68.54971241909297, 23.340152859966565], [68.54536724120535, 23.339087009557915], [68.55088925393599, 23.33965563739784]], [[68.54214894801564, 23.341593742057626], [68.54064464573392, 23.339386344404346], [68.54172027087392, 23.337309003108032], [68.54451477563654, 23.338593840233614], [68.54214894801564, 23.341593742057626]], [[68.57451844247228, 23.35895514516389], [68.5697114465261, 23.35868895033488], [68.57560384234361, 23.352183103567427], [68.57465148008183, 23.355869055012903], [68.57451844247228, 23.35895514516389]], [[68.47139215462428, 23.356492042373986], [68.47379577175761, 23.353827237836867], [68.47652018066194, 23.353683471315236], [68.47637414964746, 23.35508894889597], [68.47139215462428, 23.356492042373986]], [[68.53710341409138, 23.372678637709015], [68.53375434868431, 23.374544024087527], [68.53701496127152, 23.377031326734397], [68.53296983229203, 23.376842140852148], [68.53239834280927, 23.380624532895894], [68.53503382225321, 23.387653946972137], [68.53065347637695, 23.384628653689504], [68.53333294436001, 23.371680856086698], [68.53710341409138, 23.372678637709015]], [[68.50550520430184, 23.378906250423142], [68.50336802031794, 23.380966544170747], [68.50299954379406, 23.383214831299483], [68.5028227568649, 23.378407836252677], [68.50550520430184, 23.378906250423142]], [[68.50397872923506, 23.38345825709297], [68.50482022757157, 23.38106465301135], [68.50470864778592, 23.384600043557185], [68.50397872923506, 23.38345825709297]], [[68.52713334552757, 23.386265754361148], [68.52523314909072, 23.39658176873374], [68.52731645109347, 23.398672938005802], [68.52423620203925, 23.3990315201886], [68.52342510258657, 23.40501606503946], [68.52038371593588, 23.395591616959678], [68.52713334552757, 23.386265754361148]], [[68.42228746399539, 23.40023195773867], [68.42154216793685, 23.40505814521731], [68.42113995514498, 23.401344656530796], [68.42019951339685, 23.406789302384425], [68.41338264958964, 23.409245729506864], [68.41441774408375, 23.403107643403104], [68.42228746399539, 23.40023195773867]], [[68.40986335241186, 23.407959223239658], [68.40889573135294, 23.408231258266056], [68.40974605113942, 23.405991434657068], [68.40986335241186, 23.407959223239658]], [[68.46280932449085, 23.409212469879634], [68.46198666065598, 23.406178355147006], [68.46427655222126, 23.40516352687527], [68.46280932449085, 23.409212469879634]], [[68.46968305153169, 23.40526115907531], [68.47592055768766, 23.403067946428592], [68.46958005397644, 23.405547857547646], [68.46968305153169, 23.40526115907531]], [[68.467935204746, 23.404223680478566], [68.46556031735483, 23.403510570256685], [68.46045982855836, 23.404966115793655], [68.46287274378224, 23.402417778857455], [68.467935204746, 23.404223680478566]], [[68.43060934504527, 23.405426263811137], [68.43236243757659, 23.40566432514862], [68.42959547005498, 23.407141804250898], [68.43060934504527, 23.405426263811137]], [[68.53557026425645, 23.3807790283295], [68.54299771827024, 23.38086712321919], [68.53553903080169, 23.385387659013332], [68.53557026425645, 23.3807790283295]], [[68.53860616684116, 23.375774264270945], [68.5402047630395, 23.375833749927693], [68.54033374830394, 23.377594232188102], [68.53860616684116, 23.375774264270945]], [[68.46246194876008, 23.41151607071015], [68.45809221308517, 23.411235332045038], [68.46281743008043, 23.41086685642037], [68.46246194876008, 23.41151607071015]], [[68.40018928041113, 23.42110192731215], [68.39859473745727, 23.41912233872506], [68.40145075314987, 23.415760040693414], [68.40270185490672, 23.41811501979234], [68.40018928041113, 23.42110192731215]], [[68.40233707459632, 23.420300602590743], [68.40120697032555, 23.42647635949652], [68.39955735199035, 23.428377509214698], [68.3980487581438, 23.421997308528972], [68.40233707459632, 23.420300602590743]], [[68.40779423721429, 23.45790481595455], [68.40122425529526, 23.454667568653377], [68.40342712396264, 23.451969623199574], [68.40657591844396, 23.452642202775536], [68.40779423721429, 23.45790481595455]], [[68.47146320376393, 23.480329155765986], [68.47292697450044, 23.49065256076713], [68.46611225647555, 23.497797250842524], [68.4638029332589, 23.496283054219674], [68.46492445440018, 23.488989710706647], [68.46167647818706, 23.490212917292354], [68.45900797833556, 23.487046122880315], [68.45969927280336, 23.479186534730843], [68.47146320376393, 23.480329155765986]], [[68.497136116039, 23.444072842687603], [68.50009536760726, 23.444876313191344], [68.50147426122831, 23.45308554156449], [68.49594140087495, 23.44775092596447], [68.497136116039, 23.444072842687603]], [[68.50114512464782, 23.439067363667988], [68.50169277220382, 23.443447708644925], [68.50138854954204, 23.443605065721272], [68.49942445717309, 23.4420200582791], [68.50114512464782, 23.439067363667988]], [[68.49820792715425, 23.43449163468125], [68.50123286250667, 23.435477376180074], [68.49923837215326, 23.436162233300507], [68.49820792715425, 23.43449163468125]], [[68.50061964987711, 23.43069434177056], [68.50145494918664, 23.430264949667787], [68.50192940271992, 23.43218207314419], [68.50061964987711, 23.43069434177056]], [[68.43927335698001, 23.499333858570793], [68.43781805066257, 23.498811006223065], [68.43972754519015, 23.498693943270922], [68.43927335698001, 23.499333858570793]], [[69.64612615080134, 22.758322000260165], [69.64903640730441, 22.756070017817166], [69.66651713875504, 22.750827073710553], [69.64303743822725, 22.76459073987087], [69.63127756141049, 22.761951446402207], [69.64612615080134, 22.758322000260165]], [[70.24366044957017, 22.712593555248418], [70.2463307381731, 22.714338660001204], [70.24351954469128, 22.720231652069117], [70.24366044957017, 22.712593555248418]], [[70.24748980960706, 22.688249706958487], [70.24179315572971, 22.689337134801036], [70.24282014373475, 22.686730146778956], [70.24748980960706, 22.688249706958487]], [[70.23505938028617, 22.684489250278773], [70.23839092240328, 22.6824032071423], [70.23843812961607, 22.682733058683766], [70.23505938028617, 22.684489250278773]], [[70.23945617656139, 22.683708667521046], [70.24335956609124, 22.682212353017803], [70.24382126364057, 22.68381273706825], [70.23945617656139, 22.683708667521046]], [[70.21605741951444, 22.6466703417629], [70.22019505545748, 22.640229105888608], [70.22085225572707, 22.64327931398921], [70.21605741951444, 22.6466703417629]], [[69.95648396056643, 22.595100640881924], [69.96397507219191, 22.599799275716094], [69.94769906985627, 22.605378150781036], [69.94926440732658, 22.598918080405156], [69.95648396056643, 22.595100640881924]], [[70.18942284598765, 22.59988844439627], [70.1908922195004, 22.597779154684304], [70.19202852279815, 22.598151445233015], [70.18942284598765, 22.59988844439627]], [[70.00881052008955, 22.593162179191296], [69.99230980865084, 22.584447145119725], [69.96519565545529, 22.577589631056725], [69.95768404018636, 22.563387274703018], [69.95792257816461, 22.549586653601295], [69.96464824711902, 22.545260429824992], [69.99323284581922, 22.54840767387509], [69.99921953645256, 22.552960633826274], [70.00764131509462, 22.553831816085477], [70.02706515773096, 22.567955016810657], [70.0282120703308, 22.57461571694185], [70.02310085262226, 22.58803284194221], [70.00881052008955, 22.593162179191296]], [[70.18033957461174, 22.581481337493756], [70.18307316289625, 22.582512140422978], [70.181023836381, 22.58341741598096], [70.18033957461174, 22.581481337493756]], [[70.04203081097322, 22.567293048335614], [70.04600811038605, 22.570064901873764], [70.04407537018236, 22.57235801211263], [70.04218351855465, 22.56989395604134], [70.04203081097322, 22.567293048335614]], [[70.0409437419602, 22.56597304322142], [70.03875994701409, 22.566156148787343], [70.03920590912557, 22.564312100623027], [70.0409437419602, 22.56597304322142]], [[70.01252877698155, 22.554292679063934], [70.02447140233349, 22.555068969357507], [70.02496075673369, 22.557214141119772], [70.01706922016845, 22.557723044982623], [70.01252877698155, 22.554292679063934]], [[70.01181030230376, 22.549444556221374], [70.01994454880199, 22.54789006727279], [70.02428245567089, 22.55286514740874], [70.02393507994006, 22.553116678791753], [70.01181030230376, 22.549444556221374]], [[70.01261007749312, 22.552515625895495], [70.00111150769001, 22.552035808805613], [69.99612784352522, 22.54864704642415], [70.00488281289151, 22.548828124918117], [70.01261007749312, 22.552515625895495]], [[69.95202755902469, 22.551060318678793], [69.93991291494913, 22.54809355777155], [69.93892180899437, 22.538683772238386], [69.95327675331961, 22.536951660890537], [69.95753741292137, 22.544095158464785], [69.95202755902469, 22.551060318678793]], [[69.95984005957118, 22.5435080531542], [69.95464193857461, 22.536259055211303], [69.96364486182105, 22.541922450360886], [69.95984005957118, 22.5435080531542]], [[69.95566475372547, 22.5360330339974], [69.95255935153293, 22.532757043902564], [69.95749604680523, 22.535596132555526], [69.95566475372547, 22.5360330339974]], [[69.93617105445068, 22.533063649767684], [69.92962503406815, 22.53094804321765], [69.93428075325423, 22.53503525237508], [69.93193292646347, 22.545090913914635], [69.91660284994165, 22.552746176994503], [69.90778124350973, 22.551292657630086], [69.91187441337351, 22.548696875160744], [69.9090069529087, 22.54611134496264], [69.90547335111441, 22.549043178899694], [69.90056645847537, 22.545898675983153], [69.89825546701636, 22.528871059851554], [69.90144300429128, 22.52817785702257], [69.89496874800946, 22.52285110959116], [69.86691987545206, 22.530954241345256], [69.862406611576, 22.527551650987988], [69.89687752757587, 22.511758923635455], [69.90157616151075, 22.514143347437596], [69.9154735802417, 22.511748075113644], [69.93182265788946, 22.52007532151896], [69.94149041215283, 22.517827153100768], [69.94424736482407, 22.52300631998574], [69.93749344366759, 22.53195953410534], [69.9354213472175, 22.52515161045855], [69.93617105445068, 22.533063649767684]], [[69.94360923737648, 22.53044974775773], [69.94736063518522, 22.531022548451915], [69.94396185885276, 22.53239190566194], [69.94360923737648, 22.53044974775773]], [[69.36381447335933, 22.512421846291232], [69.35708403619932, 22.521684050378667], [69.34857821501274, 22.527094125393575], [69.33056724058574, 22.524314880327495], [69.32233154786266, 22.527652025220902], [69.31570374942865, 22.522968053832642], [69.3244626524295, 22.513714432874878], [69.3476475479961, 22.503981948108418], [69.36381447335933, 22.512421846291232]], [[69.40219843401061, 22.525470137736704], [69.40599107742636, 22.525654434904368], [69.40516471827729, 22.532500505094305], [69.40342271348752, 22.531917214707732], [69.40219843401061, 22.525470137736704]], [[69.0843839647483, 22.4849405286825], [69.08677315675581, 22.486754655503006], [69.08909285095447, 22.49047040958183], [69.08594083779954, 22.488616943717034], [69.0843839647483, 22.4849405286825]], [[72.78600382791436, 19.50446414990067], [72.78894364873057, 19.503527164247245], [72.78907012938302, 19.503991842149887], [72.78600382791436, 19.50446414990067]], [[72.8068109753464, 19.50005173689823], [72.8129353521849, 19.492117047264003], [72.81641352156689, 19.49181902452844], [72.82367587084477, 19.49752223536288], [72.82735180833939, 19.50633633155651], [72.8068109753464, 19.50005173689823]], [[72.7323291297856, 19.45735991033169], [72.73527455337799, 19.458604455131535], [72.73366296287551, 19.461814641832348], [72.73667395154175, 19.465618133769937], [72.73075926332947, 19.468552112590004], [72.72646164878611, 19.46717107318655], [72.7323291297856, 19.45735991033169]], [[72.86539077736253, 19.32398700739452], [72.86478066469599, 19.32530224340387], [72.86061692233321, 19.325976848253006], [72.86539077736253, 19.32398700739452]], [[72.87352323510922, 19.32464730762723], [72.85940766333314, 19.33593750001569], [72.84484386405316, 19.338336944294596], [72.83547794834865, 19.33593750001569], [72.83555424233455, 19.332925677677935], [72.87352323510922, 19.32464730762723]], [[72.85639393353321, 19.324621677848214], [72.85777211219337, 19.32303774329732], [72.86537563817521, 19.320608854315196], [72.86200785607784, 19.323187232205058], [72.85639393353321, 19.324621677848214]], [[72.78039872681987, 19.133215070019517], [72.78333985794822, 19.134651660545785], [72.78152954605176, 19.13534724747757], [72.78039872681987, 19.133215070019517]], [[72.84207713575134, 18.70792937244265], [72.84203493596365, 18.705081820269925], [72.84258973582777, 18.70843815759497], [72.84207713575134, 18.70792937244265]], [[72.81231904049147, 18.70638096291121], [72.81316781074591, 18.702324033027793], [72.81520771956073, 18.703099727970113], [72.81413531309428, 18.704963206886532], [72.81231904049147, 18.70638096291121]], [[72.86353635821646, 18.632812500296723], [72.86553943169955, 18.634063839474692], [72.86480724775637, 18.635597467749022], [72.86353635821646, 18.632812500296723]], [[72.9636981487507, 18.298435568546765], [72.96569395031568, 18.30099988014041], [72.9630379681278, 18.300323366929888], [72.9636981487507, 18.298435568546765]], [[73.08377444753282, 17.81408774815111], [73.08606565030968, 17.81684911289632], [73.08413076432348, 17.818638443609345], [73.08264863482671, 17.817885756922237], [73.08377444753282, 17.81408774815111]], [[73.30240452295047, 16.982833027921956], [73.30223762946312, 16.9798120262041], [73.30451130894986, 16.97919452200965], [73.30240452295047, 16.982833027921956]], [[73.44291114783121, 16.100774645733352], [73.44447577034063, 16.10113823444209], [73.4427416328202, 16.10267853748462], [73.44291114783121, 16.100774645733352]], [[73.46130311464711, 16.038848519443647], [73.46225154417343, 16.043721557104234], [73.4591387513523, 16.045529126967722], [73.45724582683354, 16.041000247263653], [73.46130311464711, 16.038848519443647]], [[73.46546411497698, 15.894621610598904], [73.46739244490547, 15.89507126802468], [73.46572494535005, 15.895969033344286], [73.46546411497698, 15.894621610598904]], [[73.46181392687137, 15.889075755941434], [73.46428084368611, 15.886848926636759], [73.46429336045034, 15.889366626368826], [73.46181392687137, 15.889075755941434]], [[73.45665824398284, 15.888783812622847], [73.45480740054123, 15.888532399950392], [73.45644950863792, 15.886868238678403], [73.45665824398284, 15.888783812622847]], [[73.79682385903394, 15.372399568885044], [73.79944670210378, 15.3779392245157], [73.7949502465568, 15.378936051957268], [73.79300034009364, 15.374884963170615], [73.79682385903394, 15.372399568885044]], [[73.76652884513013, 15.352469443909783], [73.76229715359082, 15.355097413115232], [73.7609015703512, 15.352567672360223], [73.78143835099925, 15.348519802247168], [73.78481066208244, 15.351663947233405], [73.78045260950043, 15.35577774035049], [73.76652884513013, 15.352469443909783]], [[74.09460997576988, 14.877629041247303], [74.09725725611762, 14.876992821261808], [74.0971130129553, 14.878175377591646], [74.09460997576988, 14.877629041247303]], [[74.09739851982599, 14.842818379364758], [74.10165977477888, 14.844546079537992], [74.09653341788302, 14.845576644146846], [74.09739851982599, 14.842818379364758]], [[74.14188802281402, 14.842849611920144], [74.14422667022475, 14.841819048210567], [74.14485931360653, 14.842910408788384], [74.14188802281402, 14.842849611920144]], [[74.09314775456531, 14.83621847610192], [74.09471046961264, 14.836956143211438], [74.09385120876632, 14.838512659231867], [74.09314775456531, 14.83621847610192]], [[74.05849742921313, 14.821452736754509], [74.05851101886847, 14.819084406320343], [74.06209027744441, 14.820711254720692], [74.05849742921313, 14.821452736754509]], [[74.06352424644686, 14.82121574920751], [74.06497097053389, 14.819342136730256], [74.06540715701479, 14.819961547487509], [74.06352424644686, 14.82121574920751]], [[74.05497717875389, 14.815956950053234], [74.05543696884106, 14.817046642388704], [74.05438935758295, 14.816174745168425], [74.05497717875389, 14.815956950053234]], [[74.08739352249316, 14.793651938586166], [74.08866143257913, 14.795321345603668], [74.08637964750287, 14.795334339008605], [74.08739352249316, 14.793651938586166]], [[74.11016142401067, 14.75392460843402], [74.1119971273657, 14.754969477659301], [74.12016642134333, 14.753499865826186], [74.11044514212963, 14.761590957456733], [74.10781657667368, 14.75925874739336], [74.11016142401067, 14.75392460843402]], [[74.1524056193239, 14.741763949646597], [74.15838944921373, 14.738997459665143], [74.15267193286357, 14.742193222139534], [74.1524056193239, 14.741763949646597]], [[74.23803424868171, 14.710029720994882], [74.2411054370663, 14.710183978108176], [74.23995101422807, 14.711319446835049], [74.23803424868171, 14.710029720994882]], [[74.25261306753916, 14.703774214008874], [74.25516676893139, 14.705319046936495], [74.25143384949266, 14.704650878535347], [74.25261306753916, 14.703774214008874]], [[74.3992166516272, 14.313283205455605], [74.40452921405202, 14.312707066478012], [74.4052248000846, 14.313698053722277], [74.40244746248052, 14.315270304281185], [74.3992166516272, 14.313283205455605]], [[74.32751584078355, 14.011306643686666], [74.33062255418767, 14.01772522923595], [74.32492852183398, 14.020673155641688], [74.3235223292921, 14.01584994761707], [74.32751584078355, 14.011306643686666]], [[74.48067641248647, 14.004803776373237], [74.48280394044954, 14.006703376559642], [74.48314476012271, 14.01080644166403], [74.47925031165269, 14.010347128217461], [74.48067641248647, 14.004803776373237]], [[74.6762777569131, 13.633819938039835], [74.67659234965728, 13.631118535592051], [74.67919254330135, 13.634163737166787], [74.6762777569131, 13.633819938039835]], [[74.67396950748687, 13.375617623254726], [74.67491447912002, 13.380440831279344], [74.67121744173161, 13.383011817641375], [74.67053961730952, 13.380144834716447], [74.67396950748687, 13.375617623254726]], [[74.68181335929924, 13.343100547352421], [74.68725943597431, 13.341993927977441], [74.68193566799678, 13.348557234228991], [74.68181335929924, 13.343100547352421]], [[74.68587624988916, 13.336943626747072], [74.69006204632646, 13.335516333412087], [74.6880288122799, 13.341090321561182], [74.68587624988916, 13.336943626747072]], [[74.68981647475059, 13.330722928020805], [74.69241523757321, 13.33159005613625], [74.68995094318163, 13.334054946778423], [74.68981647475059, 13.330722928020805]], [[74.69891202457038, 13.280940770899946], [74.70144772513251, 13.27941966028915], [74.70018923274702, 13.284384727373379], [74.69891202457038, 13.280940770899946]], [[74.67580175384794, 13.191461205870041], [74.67621517219257, 13.194534063396418], [74.67041003669394, 13.199806212986388], [74.6703406575954, 13.198462009813966], [74.67580175384794, 13.191461205870041]], [[74.93239402766235, 12.603298545191748], [74.93280518061468, 12.603692054344918], [74.93224430043423, 12.603630423805043], [74.93239402766235, 12.603298545191748]], [[75.12372910971075, 12.19182503219956], [75.15707647839682, 12.110222935640067], [75.14724850631356, 12.136784673074317], [75.14769864038001, 12.144948363376301], [75.14194881948256, 12.156148552513784], [75.14171624221083, 12.16446626160868], [75.13569807980267, 12.171686053168841], [75.12567377132766, 12.204995870662984], [75.12265741820542, 12.1985619067067], [75.12372910971075, 12.19182503219956]], [[75.12939393478237, 12.195009470410739], [75.13145947427549, 12.195777654215476], [75.12996757004734, 12.198014259150781], [75.12939393478237, 12.195009470410739]], [[75.13397097587986, 12.187206029634595], [75.13371396043104, 12.18990135176604], [75.13139295592023, 12.191303848993456], [75.132176876062, 12.189013362077063], [75.13397097587986, 12.187206029634595]], [[75.13481771906262, 12.185425162441334], [75.1435623165477, 12.167852044536303], [75.1506483555373, 12.146984338556393], [75.15189242369647, 12.159411072563003], [75.13481771906262, 12.185425162441334]], [[75.15848422047051, 12.121148467327956], [75.16200625878199, 12.134116649863515], [75.15231525884221, 12.142575978798448], [75.14981710947208, 12.139405131141928], [75.15848422047051, 12.121148467327956]], [[75.16061961660213, 12.113522052700588], [75.16581141986129, 12.103352546882604], [75.16853713997719, 12.096144437515804], [75.17161500492855, 12.099738717467872], [75.16920447380753, 12.103944420398761], [75.17094814773898, 12.108973026384149], [75.16304397569908, 12.115269779876542], [75.16061961660213, 12.113522052700588]], [[75.15727353064895, 12.109703421575773], [75.16429233542303, 12.08948290371309], [75.18187594391983, 12.050267339066565], [75.1741453410348, 12.07664334761246], [75.16645085852045, 12.088953614018166], [75.16479241873523, 12.101284265356554], [75.15727353064895, 12.109703421575773]], [[72.70706105272544, 11.680313348582203], [72.71667361289693, 11.692222714306908], [72.71701455128058, 11.701821804432782], [72.71374905087808, 11.706271171477454], [72.71506345231651, 11.702684164342756], [72.7045862677422, 11.683262944129652], [72.70706105272544, 11.680313348582203]], [[72.1891647581472, 11.595950722747759], [72.18928825844651, 11.59827303846997], [72.18506562667747, 11.60086846390854], [72.18562316857438, 11.596457958368205], [72.1891647581472, 11.595950722747759]], [[73.0020703075987, 11.490757345874826], [73.0075261590051, 11.46765553957151], [73.01162910449963, 11.471662044467891], [73.00937223424128, 11.485795259143984], [73.00370562041817, 11.495613217276244], [72.99918341638167, 11.497804045820075], [72.99706101455425, 11.49552261867403], [73.0020703075987, 11.490757345874826]], [[73.00104820740896, 11.487987041868536], [73.00109314922955, 11.485073208761648], [73.00188136093621, 11.484421849588742], [73.00253796585454, 11.485297441223935], [73.00104820740896, 11.487987041868536]], [[72.76209914645855, 11.190679073080787], [72.7614705563212, 11.180041312756444], [72.76941990850204, 11.203335165685473], [72.77709984807959, 11.214640378550698], [72.79009544824643, 11.259667038503153], [72.77813243886109, 11.240578532373448], [72.76209914645855, 11.190679073080787]], [[72.10542082810886, 11.212953806173303], [72.10376441449617, 11.208757520043605], [72.10395181162696, 11.208243608755595], [72.1059161423162, 11.209688305770769], [72.10542082810886, 11.212953806173303]], [[72.10444855665563, 11.212866425345297], [72.10335206994213, 11.214707136125455], [72.10009026485395, 11.214670657824627], [72.10444855665563, 11.212866425345297]], [[72.72033166917126, 11.110627413124746], [72.72895467291991, 11.11959850756513], [72.73416292657797, 11.131282329615871], [72.73294556108888, 11.135556102232385], [72.7287389039773, 11.13545680089075], [72.71624541239592, 11.124900341077975], [72.7153598068098, 11.116509080030085], [72.72033166917126, 11.110627413124746]], [[72.33211362334512, 10.955162048090074], [72.33403301221384, 10.95632266995527], [72.33427262308314, 10.95807814568991], [72.33235013515062, 10.958286762324278], [72.33211362334512, 10.955162048090074]], [[72.31366705868791, 10.944270014349797], [72.31771266430812, 10.943667530632126], [72.32650673349909, 10.953086853475611], [72.31508362311084, 10.948352217880654], [72.31366705868791, 10.944270014349797]], [[72.2913346286903, 10.945899844002724], [72.28577053578167, 10.94463765630286], [72.2844760417361, 10.935268402315018], [72.29087603110398, 10.93603122256296], [72.28836047625512, 10.943339824873064], [72.2913346286903, 10.945899844002724]], [[72.17138767220345, 10.81725943087811], [72.20369005205433, 10.868684053126614], [72.20621585827539, 10.877372741558816], [72.2005672452822, 10.877100110281873], [72.19435501097499, 10.87010002129901], [72.18894577053098, 10.848850250039064], [72.17138767220345, 10.81725943087811]], [[73.67539095902563, 10.81831991683076], [73.66185605521278, 10.817492842720583], [73.66231286494693, 10.80845415613446], [73.67293155154996, 10.804481625826469], [73.70104682465129, 10.812947153788215], [73.7025213242998, 10.815747737967797], [73.67712950682139, 10.817704200488492], [73.67716681969304, 10.82148611589156], [73.67539095902563, 10.81831991683076]], [[72.16844844853713, 10.814851045539399], [72.16538846480583, 10.81273972965488], [72.16524970570944, 10.812225461336013], [72.16927492639687, 10.812215447385014], [72.16844844853713, 10.814851045539399]], [[72.61734843288392, 10.540567040436656], [72.63412582884396, 10.554685234635969], [72.6488844158832, 10.562008619102556], [72.6502175331128, 10.568454623182404], [72.64591455501281, 10.576516509329508], [72.63904607281816, 10.576290846045794], [72.62333524222774, 10.546875000381078], [72.6166377067648, 10.544261932042573], [72.61734843288392, 10.540567040436656]], [[76.17609965757325, 10.149473548165815], [76.22395157820281, 9.97815465891044], [76.2315049175181, 9.972699642074872], [76.24495184425226, 9.97240304926136], [76.23754525181201, 9.996788859018721], [76.24082756054364, 10.001772045643492], [76.2353936436019, 10.009825468270833], [76.23728895222351, 10.015716076235975], [76.23044204746267, 10.01716995263125], [76.23892498000387, 10.023139715325655], [76.23342883627188, 10.029314041409933], [76.23914921246634, 10.025410533169648], [76.23892021179839, 10.0302734372694], [76.23468482494488, 10.03651511627966], [76.23355627020581, 10.03060114392774], [76.2331162688009, 10.040380358366946], [76.2305076125364, 10.04083681107005], [76.23283445814386, 10.041731715646279], [76.23216283364795, 10.047073363944719], [76.22713971172837, 10.04818737484753], [76.21996295452678, 10.0562100406609], [76.21994554994731, 10.05967247460508], [76.22269701945189, 10.059757233009904], [76.21996796105256, 10.068616271024183], [76.22314906098055, 10.067129849962669], [76.22579932168142, 10.053851246637763], [76.23020863562019, 10.059565901345351], [76.2212970259371, 10.084121942873438], [76.21800363036326, 10.081884741687531], [76.22067785260091, 10.070074558594087], [76.2130491734807, 10.083512902198748], [76.21537935737152, 10.092358946808005], [76.21074795765216, 10.091352939986251], [76.20911335979375, 10.103434443145133], [76.21195244754753, 10.103983044881701], [76.21760785581799, 10.090455770917174], [76.20726215842191, 10.127928971944527], [76.20248377350751, 10.132091403095842], [76.20655894254119, 10.13003325423135], [76.20630455041479, 10.133818268698178], [76.19944572424086, 10.14372611047169], [76.19343280757815, 10.161987543390495], [76.18579864529127, 10.165151357449233], [76.17771065272458, 10.174209356077014], [76.17342483998439, 10.183799028502406], [76.16869235017194, 10.181823968901114], [76.16632127770484, 10.175672053922256], [76.17609965757325, 10.149473548165815]], [[76.20026910303685, 10.149046301845445], [76.20133531137569, 10.152386307482217], [76.20395624608389, 10.151677131794273], [76.20047640756033, 10.146136521982967], [76.20335340533555, 10.13819301089876], [76.20664966075324, 10.143834352873128], [76.2021008727572, 10.143117069796986], [76.20594775698348, 10.14696145031074], [76.21208345898461, 10.142860412278282], [76.21270155942958, 10.138516902633], [76.20758473894458, 10.135174154963394], [76.21127986887095, 10.135555506181731], [76.22113585483592, 10.12570130806904], [76.22189867508379, 10.115741133846313], [76.22641336888196, 10.10934674725462], [76.22353935235932, 10.10837686080356], [76.2243237491418, 10.103615641248936], [76.21862852608578, 10.115212678722202], [76.21608340782316, 10.112047075911832], [76.22733235370524, 10.09476160976061], [76.22571361089459, 10.101109147069536], [76.22788727317916, 10.102390050560444], [76.23328053986504, 10.09493255649231], [76.23123145077099, 10.092961310915854], [76.2298239470177, 10.096242308435833], [76.23007130644575, 10.092492103128109], [76.23928225007589, 10.075507879285226], [76.24287223846315, 10.075538635199933], [76.23104166953757, 10.109708070571045], [76.23535001299282, 10.109692335133204], [76.22942864911298, 10.113732934227627], [76.22599112998674, 10.126833916052433], [76.23123753108732, 10.121016025469274], [76.22823572180121, 10.119758963905099], [76.23042798026708, 10.11401855980877], [76.2388453486341, 10.111792564175616], [76.24242353431882, 10.102790236280484], [76.25220012633488, 10.093052744988256], [76.25294315790049, 10.083866000315709], [76.25801563281536, 10.085609674247081], [76.25899124165258, 10.091080546130343], [76.26633882507687, 10.074109315692382], [76.2580955025056, 10.08473837417668], [76.26102411776887, 10.070272445417103], [76.26730430125261, 10.070701122558887], [76.26712083775655, 10.067028522448467], [76.26058340050369, 10.064215064473686], [76.25741136034614, 10.067578077466393], [76.25722062583137, 10.06119084318297], [76.26184010503684, 10.057619929416234], [76.25851225823428, 10.054976224773043], [76.2602777479199, 10.04743707136383], [76.25675904789185, 10.045784950215321], [76.2568130494827, 10.049018502202202], [76.25225281671422, 10.050009846477309], [76.25664901763813, 10.053824543967565], [76.25829815843335, 10.050839543010568], [76.25749301878781, 10.054421663229235], [76.25270605074374, 10.055447936273296], [76.25120484842509, 10.05196511739635], [76.24412286268003, 10.071695923827889], [76.24069702664653, 10.070729374760887], [76.25464642079575, 10.039036631835131], [76.25458204732368, 10.047304749614625], [76.25597083528592, 10.04292285420641], [76.25986301926307, 10.042833447205851], [76.26030814680368, 10.04359984405761], [76.26525425887709, 10.047392845403508], [76.26757204561349, 10.0572917461173], [76.27911937216143, 10.060988306864942], [76.27946710582242, 10.072003007233093], [76.28447186988106, 10.078840136363226], [76.28286015976866, 10.092718600982721], [76.28459107861542, 10.095860719796391], [76.29544568077367, 10.094760536869316], [76.30393505066215, 10.076759934323547], [76.3115749362344, 10.076757550220847], [76.31956076581676, 10.083139419149006], [76.3300004000985, 10.081976532790776], [76.33664584143244, 10.093260645762271], [76.34382104910222, 10.093035102088308], [76.34575951079287, 10.110259651761538], [76.34803724262471, 10.113687038226317], [76.3561699386918, 10.116567253775756], [76.35216116930255, 10.122935056407783], [76.34229254696359, 10.124702334844983], [76.33897364122063, 10.127910732794163], [76.33641564826362, 10.143376231028313], [76.32862746718402, 10.150733828403574], [76.31754684471119, 10.149610399800196], [76.30802404857113, 10.145448327478377], [76.30001342288116, 10.137328266886101], [76.29288685324585, 10.135602712495256], [76.27235650994507, 10.14869821115353], [76.25459790237144, 10.16730475441095], [76.23945450801918, 10.173847317799527], [76.21828055410444, 10.190745472925272], [76.20932555213264, 10.19349801532124], [76.18433153627151, 10.189247011740278], [76.17722725903084, 10.182734727625643], [76.18033194536306, 10.17282950917459], [76.193686366033, 10.163390040617912], [76.20026910303685, 10.149046301845445]], [[76.25106251272481, 10.170055747274958], [76.23965895179927, 10.180464148101947], [76.23348700981771, 10.182256341357174], [76.24094712720822, 10.173854946748463], [76.25106251272481, 10.170055747274958]], [[76.26753306360015, 10.047248363920914], [76.27881944196369, 10.047316670128268], [76.27881395789788, 10.059309601756766], [76.26850581169387, 10.05709636210753], [76.26753306360015, 10.047248363920914]], [[76.2599166629237, 10.041476845979744], [76.26639926401484, 10.037248849754704], [76.26419246171284, 10.033677220127629], [76.2593572135647, 10.039566874811499], [76.2498303650793, 10.02998733504748], [76.2677990201087, 9.98249924144693], [76.25841832134861, 10.021612405688046], [76.26509094199352, 10.0187677142587], [76.26269543134916, 10.021969557049516], [76.26721394097066, 10.023630142617051], [76.2660722732169, 10.030600309356842], [76.26194155216095, 10.030449748457187], [76.25848245650022, 10.022210121200246], [76.25764811047193, 10.025758147220785], [76.25998115510632, 10.03399884736892], [76.26534914994338, 10.031151413906741], [76.2691583633679, 10.037318944713618], [76.26714158061955, 10.045381903751917], [76.2599166629237, 10.041476845979744]], [[76.25952506033335, 10.028893709077522], [76.25926256171786, 10.025230050026806], [76.26151025259608, 10.029838323679797], [76.25952506033335, 10.028893709077522]], [[76.26809942694715, 9.996944546953358], [76.27002584941349, 9.99980902706504], [76.26774084566361, 10.002851009066887], [76.26809942694715, 9.996944546953358]], [[76.2531802650573, 10.005857109917713], [76.24002325546903, 10.013749838084664], [76.24394392996848, 10.003920554789815], [76.24665236511467, 9.976659655618704], [76.2505532500326, 9.976335644274641], [76.25999152698753, 9.981419920992579], [76.25867974797214, 9.989825844587102], [76.2531802650573, 10.005857109917713]], [[76.24423265461346, 9.98121392768067], [76.24323797205491, 9.979272842667669], [76.24356126753847, 9.978288650700733], [76.24390184889128, 9.978373050276147], [76.24423265461346, 9.98121392768067]], [[76.25052642865185, 10.013885736437672], [76.25377881514035, 10.012426853516544], [76.2528580424648, 10.016992211521426], [76.25052642865185, 10.013885736437672]], [[76.24790883042832, 10.090642452187524], [76.24271404771528, 10.100682735320063], [76.23822236037367, 10.101825475965015], [76.24338901049455, 10.097794174961336], [76.24064755404149, 10.096691369611094], [76.2406958341455, 10.092074155797775], [76.24342882617944, 10.097326278385097], [76.24790883042832, 10.090642452187524]], [[76.26900422586445, 9.972484231062467], [76.27249586619135, 9.971611857201495], [76.27239573027882, 9.97286117110626], [76.26900422586445, 9.972484231062467]], [[72.28991007828759, 10.049356341522014], [72.28392124187192, 10.04330885402048], [72.28159892525034, 10.038569450220052], [72.28699910682346, 10.0408544539699], [72.28991007828759, 10.049356341522014]], [[73.65149581398069, 10.104480743191829], [73.64478647671464, 10.077148437850141], [73.64107084314495, 10.0711791517965], [73.63553667068092, 10.071556330160604], [73.64217054853205, 10.056926965806895], [73.64662444636124, 10.057487606767666], [73.64774084046749, 10.060872435514554], [73.65149581398069, 10.104480743191829]], [[73.63355505502184, 10.068709254628473], [73.62984931489413, 10.068457841955919], [73.63058245211849, 10.067352056252474], [73.63355505502184, 10.068709254628473]], [[73.62798082855241, 10.071707606021334], [73.62862729991011, 10.075184941731735], [73.62559914588391, 10.07301855046579], [73.62798082855241, 10.071707606021334]], [[72.32800424140274, 10.136323929206057], [72.32624554609524, 10.126991033909121], [72.33151435830112, 10.124673128462163], [72.33173525337932, 10.127813338914535], [72.32800424140274, 10.136323929206057]], [[73.6618194582015, 10.129747748260044], [73.66515982176841, 10.14124822642458], [73.66073191164853, 10.155900001883694], [73.65850460570314, 10.153877138818913], [73.66317725192872, 10.14214014974823], [73.6618194582015, 10.129747748260044]], [[76.25787615785842, 9.968381762208594], [76.26525783548081, 9.9613325594501], [76.2675652503361, 9.93926513178046], [76.27788221798997, 9.931137561849084], [76.29392397391243, 9.925562262488498], [76.27481365202854, 9.965971946947832], [76.25923681232919, 9.970576762707466], [76.25787615785842, 9.968381762208594]], [[73.04696357291064, 8.276279210717036], [73.02542877232, 8.272448659078393], [73.01792764674357, 8.276493072197567], [73.02301681037764, 8.268921256311003], [73.04929530633345, 8.266770601382191], [73.06720495234677, 8.285853743955187], [73.06780076039686, 8.303146600735062], [73.0805292133526, 8.327750325217366], [73.05564165114143, 8.282660126363837], [73.04696357291064, 8.276279210717036]], [[73.0128511194836, 8.278690457698588], [73.00994765735865, 8.28023481398553], [73.0108081098065, 8.277224063639693], [73.0128511194836, 8.278690457698588]], [[77.55393850785592, 8.076930403915085], [77.55603921443836, 8.078751802653684], [77.55344510111067, 8.078108310750011], [77.55393850785592, 8.076930403915085]], [[78.12462425200769, 8.638441443517891], [78.12464404069001, 8.64957392179916], [78.11699426167596, 8.656600951772532], [78.11746144329103, 8.641844511415158], [78.12225282161049, 8.644234419283109], [78.1199958326417, 8.641386866210937], [78.12462425200769, 8.638441443517891]], [[78.12652575965618, 8.64712250210188], [78.127724766385, 8.643368244449036], [78.12750053392264, 8.647515058872884], [78.12652575965618, 8.64712250210188]], [[78.20801568017956, 8.840996742605668], [78.21026062992425, 8.835546851006413], [78.2127839324327, 8.836599350079993], [78.21216905156061, 8.838602423563074], [78.20801568017956, 8.840996742605668]], [[78.22641265352118, 8.872029423619097], [78.22310805329411, 8.872487544564635], [78.22688496127196, 8.8671965595737], [78.22641265352118, 8.872029423619097]], [[78.25249826917982, 8.957864046288805], [78.25206506215304, 8.953165054423778], [78.25453686678307, 8.952892541857395], [78.25538528000683, 8.955329537328325], [78.25249826917982, 8.957864046288805]], [[78.49124991904861, 9.093268036590686], [78.48810791984468, 9.090145349428411], [78.49319624890782, 9.085764766131149], [78.49517631503508, 9.090590953609706], [78.49124991904861, 9.093268036590686]], [[78.58630657219058, 9.109225035007427], [78.57700765148209, 9.110685945000412], [78.57191026174931, 9.102339744483743], [78.58009123792036, 9.103672743002775], [78.58630657219058, 9.109225035007427]], [[78.53910064717726, 9.10591125450081], [78.5349657532669, 9.10287511359563], [78.53493750106489, 9.102483153075141], [78.53802907438242, 9.102978229861463], [78.53910064717726, 9.10591125450081]], [[78.69612407686472, 9.151046633495469], [78.6949919464212, 9.155249356972348], [78.69298624961576, 9.151604056681933], [78.69612407686472, 9.151046633495469]], [[78.73149335353557, 9.151263117399083], [78.73204135902162, 9.15535390405951], [78.73010492350355, 9.15629625326956], [78.72920310493944, 9.152183771363966], [78.73149335353557, 9.151263117399083]], [[78.82005035893704, 9.157863140271743], [78.82869994664534, 9.165833234416326], [78.82810437691555, 9.171223402038436], [78.8149396178691, 9.158193826384021], [78.82005035893704, 9.157863140271743]], [[79.43960762019563, 9.158230543005232], [79.41500794895782, 9.183053135493907], [79.43989336448729, 9.16155326367219], [79.42984211412241, 9.173726915864549], [79.32602095610233, 9.261819720004155], [79.31486904616966, 9.281884312511096], [79.32789802557349, 9.294554948951784], [79.3273906703433, 9.298637747833865], [79.33520412417116, 9.310961246864096], [79.33044421672739, 9.31890654580046], [79.32112944097108, 9.32474541666771], [79.31084632829558, 9.328332543412245], [79.28962945963193, 9.319694877116959], [79.27950906758949, 9.3118765354738], [79.2673504349747, 9.29347670048945], [79.22080910175865, 9.291831255008503], [79.20536053146347, 9.280184149578886], [79.20580303658099, 9.272848724988734], [79.2130154375125, 9.273208618383109], [79.22123384436648, 9.267144918803055], [79.21461927855702, 9.256344079915436], [79.21624565121587, 9.252465606102916], [79.22487843059523, 9.259135842645136], [79.24768114127167, 9.259963631716289], [79.28256547471696, 9.25303745261644], [79.29895305593894, 9.246436357751762], [79.34342551227772, 9.223853111332105], [79.42156982438794, 9.173966646343743], [79.43960762019563, 9.158230543005232]], [[78.8990345002421, 9.179097771445086], [78.93121433217576, 9.181432246900783], [78.9410419463288, 9.185239910793328], [78.91006946593328, 9.18115687359095], [78.90518343486767, 9.183230638283362], [78.8990345002421, 9.179097771445086]], [[78.96767497032377, 9.183916211264233], [78.97083735446049, 9.185848116897205], [78.96695756943635, 9.18919932808656], [78.96543955788943, 9.188443303116017], [78.96767497032377, 9.183916211264233]], [[79.09093427649574, 9.200024127611485], [79.0864288807883, 9.193721175092193], [79.08681654974399, 9.196800351255305], [79.07259285427696, 9.202191830089006], [79.0692342515595, 9.20812225373912], [79.06037962472001, 9.202417015832737], [79.05842936032676, 9.197095155317186], [79.06769967090318, 9.199747204769764], [79.08659434345427, 9.19174134728543], [79.09160125239603, 9.195952653891979], [79.09093427649574, 9.200024127611485]], [[79.14223253770152, 9.21459257638638], [79.1389346122426, 9.213855862558034], [79.13867783511407, 9.213376522108845], [79.13954734823156, 9.212107300811354], [79.14223253770152, 9.21459257638638]], [[79.13578486447992, 9.214878440287904], [79.12461698078911, 9.217942238043946], [79.12112546007202, 9.2160489555949], [79.1299420590789, 9.212963223374132], [79.13578486447992, 9.214878440287904]], [[79.20130872681645, 9.240292429651973], [79.19835531724416, 9.233603835248843], [79.18081402814497, 9.243939161663093], [79.18426883224092, 9.248545527853892], [79.18025004890077, 9.24794530862917], [79.17878031745775, 9.243932128065296], [79.18204617489121, 9.239323734802568], [79.19837164893252, 9.232491255167346], [79.20147335491143, 9.234123825953915], [79.20130872681645, 9.240292429651973]], [[79.20824992639311, 9.249267816556511], [79.20101022744021, 9.241143941939413], [79.22245335563801, 9.247633814948628], [79.21898555723774, 9.250836968051658], [79.20824992639311, 9.249267816556511]], [[79.23474431000207, 9.239526748660566], [79.23932230438086, 9.240854144403315], [79.23834967589696, 9.244005441697794], [79.2316844467799, 9.244496822270648], [79.23474431000207, 9.239526748660566]], [[79.84435665583507, 10.826477408105944], [79.84018695366504, 10.823843955734048], [79.84542870527062, 10.82565462556056], [79.84435665583507, 10.826477408105944]], [[80.21183502676521, 15.49953460683669], [80.20939421637016, 15.49954557406906], [80.21169555180828, 15.499222158975513], [80.21183502676521, 15.49953460683669]], [[80.83826828045679, 15.709014415882606], [80.88727140435199, 15.714593172237173], [80.9259870052961, 15.723746418962094], [80.91586375251026, 15.735859751826155], [80.8950773479414, 15.750931978328225], [80.88166117712174, 15.776037573974975], [80.87237155450376, 15.784988164772045], [80.8655308487698, 15.802120924241308], [80.86276245132623, 15.823778868100348], [80.85553765324013, 15.796811103849393], [80.84262466389728, 15.77035450975282], [80.83448016602685, 15.739764451668194], [80.83756625617784, 15.725649118212331], [80.83592784429467, 15.711731910799074], [80.83826828045679, 15.709014415882606]], [[80.83076620069974, 15.737194180267238], [80.82799637333406, 15.7426344158457], [80.81274354497876, 15.739482641011165], [80.80321085449751, 15.743926167858433], [80.79217720001785, 15.760698437682805], [80.79356360477666, 15.771269440432405], [80.78893125087663, 15.772849321738889], [80.7883738276901, 15.78516614420225], [80.78245067595807, 15.792279243792123], [80.78144454952647, 15.778699874799486], [80.79751074272676, 15.743798255485203], [80.82492279994742, 15.711964249750437], [80.83090972890099, 15.715834617973329], [80.83076620069974, 15.737194180267238]], [[80.893436551056, 15.768721341816558], [80.89993035769996, 15.755341053047246], [80.91842150714697, 15.74204695260481], [80.93267106981412, 15.726734518982937], [80.93360137979997, 15.721150159852087], [80.93927705249402, 15.718378663344765], [80.9724831583712, 15.741959453066343], [80.97792446594147, 15.750152468461707], [80.97728633849388, 15.7419886585498], [80.9544714689832, 15.728016733685351], [80.98301041090187, 15.740189910136294], [81.0063488486206, 15.757906556242645], [81.00432002574868, 15.76143562815183], [81.00355792046182, 15.758376240671055], [80.99909102922769, 15.759624958325219], [80.96904802334765, 15.782423377436999], [80.95684480684244, 15.798249841057427], [80.90069484708962, 15.827383756455276], [80.8902369736575, 15.840290307551683], [80.88746893414415, 15.849088907527133], [80.88372635868458, 15.848832010788755], [80.87683796909712, 15.846271157088282], [80.87262582791979, 15.837432265686559], [80.86868011989165, 15.81337273086693], [80.87283742400805, 15.795658946403321], [80.893436551056, 15.768721341816558]], [[80.88703405887478, 15.850834012279918], [80.88922131081486, 15.857328533884782], [80.88838183865099, 15.863644004067595], [80.8785592319231, 15.849280357002954], [80.88703405887478, 15.850834012279918]], [[80.96702003504672, 15.795392632863752], [80.96928465386381, 15.795013308717259], [80.96478331050147, 15.797813653677267], [80.96702003504672, 15.795392632863752]], [[80.97440183137948, 15.780746936821771], [80.97417104285935, 15.781749724969856], [80.97205305130743, 15.782214880412454], [80.97440183137948, 15.780746936821771]], [[81.02961385219768, 15.764945745050213], [81.02061867751004, 15.758254408614164], [81.02058756366515, 15.757638454850891], [81.02396953076928, 15.757997154844858], [81.02961385219768, 15.764945745050213]], [[80.8912103180019, 15.766003012329193], [80.89038670088561, 15.765206455813328], [80.89278614516454, 15.76338446172359], [80.8912103180019, 15.766003012329193]], [[80.88009774711347, 15.784040212785712], [80.87889420960025, 15.782232642022862], [80.8830211166314, 15.777773857277793], [80.88367271412457, 15.779161334028444], [80.88009774711347, 15.784040212785712]], [[81.71896266899208, 16.310489654473997], [81.77561581112084, 16.334851026953388], [81.82263803521718, 16.360454559230547], [81.86316561719954, 16.377760648635103], [81.94785737961453, 16.397876620309816], [81.9508581160093, 16.40581655479029], [81.94885253881378, 16.41640901536384], [81.9599752423637, 16.44014990329549], [81.95654714093794, 16.473613143331946], [81.96524107421632, 16.51353240049997], [81.94262194664569, 16.54175901416727], [81.93627595886849, 16.561902761403374], [81.93072783971817, 16.565885901013615], [81.91901981870981, 16.562029599986133], [81.91639900181261, 16.553606271812043], [81.92358875241914, 16.539611219981836], [81.92218053370479, 16.530580878204987], [81.91665101073559, 16.523170948380596], [81.9105701448963, 16.52343750024056], [81.89575910579819, 16.533376932499493], [81.88935577904599, 16.541993022260257], [81.88790071014975, 16.55147004110958], [81.89332330192892, 16.562508225474346], [81.89173686546414, 16.57211196419587], [81.88081193002668, 16.58691394352371], [81.87242996706945, 16.591506838769703], [81.8704080581854, 16.57380020661435], [81.8723907467357, 16.555617332174194], [81.86862230317692, 16.546725154142607], [81.86075925803348, 16.539877056880727], [81.85356271304883, 16.517036557591126], [81.8504551650739, 16.500795602734954], [81.85389900193755, 16.487941145767294], [81.83970761281611, 16.478578925377235], [81.79524970031352, 16.464962601443005], [81.7869882582016, 16.44963717441611], [81.75568294501196, 16.41462826688104], [81.74528992169266, 16.414649963025383], [81.73362863035717, 16.41967236998397], [81.72085952714556, 16.441031336926727], [81.71224272242384, 16.440648317465957], [81.70579481088188, 16.424016832910624], [81.7062206272802, 16.41138851676672], [81.71144080145197, 16.392999768624477], [81.72671186895772, 16.37105393379207], [81.72792744659446, 16.352688550935895], [81.71896266899208, 16.310489654473997]], [[81.81634104250512, 16.47572565081822], [81.80134975948394, 16.474129080792522], [81.7995301485976, 16.471406579350273], [81.81059014781718, 16.47112655654543], [81.81634104250512, 16.47572565081822]], [[81.84394121181762, 16.489899873680315], [81.82145285646416, 16.487656236046504], [81.8130290507502, 16.481173753665928], [81.83409893511785, 16.480962752928775], [81.84394121181762, 16.489899873680315]], [[81.85305666903005, 16.534560442110774], [81.84661912936943, 16.52838647395663], [81.85015463862581, 16.519130945536773], [81.8529657124977, 16.52194511847253], [81.85305666903005, 16.534560442110774]], [[81.87008655055396, 16.59546232242826], [81.8643660547497, 16.602805137647053], [81.85709655316342, 16.553447008172967], [81.85836625110167, 16.542708158654634], [81.86715114091257, 16.54901146910413], [81.87066984183988, 16.55803382400181], [81.86895310889892, 16.568777918366322], [81.87008655055396, 16.59546232242826]], [[81.87182676749146, 16.60253787082621], [81.8743606802013, 16.61428415798754], [81.87858307365005, 16.600360035687217], [81.87419176144076, 16.599723458670695], [81.87388420139487, 16.596500635595973], [81.89006102109934, 16.585400939401893], [81.89332914392494, 16.5785932540755], [81.89715194700491, 16.55941295594326], [81.89484047890514, 16.543171525345684], [81.90111064933708, 16.534905075808624], [81.90958035015316, 16.529226421861992], [81.91618704779412, 16.529854774578254], [81.92124211812941, 16.539125561795274], [81.9123667475275, 16.5519820449355], [81.91265130021745, 16.564198136135175], [81.92119264642358, 16.569475412760198], [81.93240034579944, 16.56745791415149], [81.94743084915453, 16.554193020091873], [81.95222914236112, 16.541685342604552], [81.96669924217636, 16.528071045742237], [81.96827673938017, 16.519757628212034], [81.97399437444088, 16.51347506062561], [81.97419321544461, 16.498495340187844], [81.96502447160216, 16.483251809923217], [81.96814894661671, 16.46470415607203], [81.96353566643793, 16.453823209173862], [81.96663343878234, 16.44828307600315], [81.96102905264868, 16.424577236450375], [81.95580375234132, 16.41508805786765], [81.96043705952277, 16.40387415856563], [82.0208159687821, 16.431379318101108], [82.03148257755905, 16.439593672609973], [82.02727937654211, 16.4400022031392], [82.0324599742485, 16.44440746293411], [82.04598915567502, 16.44783735311141], [82.10932934267512, 16.480683564694814], [82.11409485379463, 16.483863234700607], [82.11247456055256, 16.48798704176869], [82.11979925623083, 16.485682011016024], [82.22490704102714, 16.53799796123701], [82.28647255896155, 16.557346701489152], [82.31086564063693, 16.570189714583762], [82.30624473060996, 16.574467659155232], [82.30692577370556, 16.568979144372037], [82.27884864804682, 16.560029745176635], [82.27331554847379, 16.559887647796728], [82.26795184610094, 16.564098119832465], [82.27800822260147, 16.571179151396777], [82.28916180167593, 16.570751905076406], [82.29959952849552, 16.59145033346624], [82.29375815391583, 16.602608442425705], [82.26562499959422, 16.594586968214088], [82.26562499959422, 16.597377061802078], [82.28673005105108, 16.601256370185396], [82.29234421281527, 16.60825824702053], [82.28141856151754, 16.63212847724745], [82.26562499959422, 16.642299055956727], [82.24625015292227, 16.644879817949274], [82.23675143702926, 16.635676026627394], [82.23451757412678, 16.637973308821202], [82.23385286361881, 16.641258716616534], [82.22686624558091, 16.64104580841746], [82.21140372769995, 16.62721693511348], [82.20694923362035, 16.61694860459454], [82.19812715054772, 16.61245906393468], [82.1922290323441, 16.60217654661041], [82.18807864221557, 16.60145604575996], [82.16266345945118, 16.60985851325988], [82.15593695682517, 16.61704850218669], [82.15617883218741, 16.6203031540674], [82.1639815571032, 16.62554335614101], [82.15903413291906, 16.637901068079913], [82.15744042363676, 16.651860356570282], [82.16107010809915, 16.668781042411283], [82.14168083630162, 16.684140920667062], [82.13150906599068, 16.68246674544399], [82.13628387430148, 16.68551754979518], [82.11853337321676, 16.688992142573383], [82.10573065244782, 16.674995660821125], [82.08765995494312, 16.664928078767858], [82.07935404765132, 16.662697314929233], [82.07561671703789, 16.66325533346692], [82.06581091863902, 16.67100834835665], [82.05028772349974, 16.670626163466693], [82.03646600250411, 16.684237003335113], [81.99860632412262, 16.69084823176054], [81.97656095052756, 16.70074164840841], [81.97642231014154, 16.70332002629827], [81.96590852765647, 16.69921874994543], [81.95439684393935, 16.701544523560997], [81.95617544663966, 16.6986794471988], [81.95147776598614, 16.691704154323318], [81.94961667027323, 16.69982314112511], [81.93947815869015, 16.712395549115357], [81.94038081182512, 16.70350742342889], [81.92926764468606, 16.70972931375691], [81.92404854340558, 16.724706530482052], [81.9049172403385, 16.733676552930604], [81.8955706357763, 16.74445831809696], [81.88223648042938, 16.748355269380227], [81.87594211103968, 16.7544357772894], [81.85765171095781, 16.762654542972882], [81.84717595540619, 16.773526549710525], [81.84325754629882, 16.785994648933993], [81.8355646133164, 16.78554987932351], [81.8232134583345, 16.794029354870915], [81.81595814265418, 16.815441846763918], [81.79891955839102, 16.834283947646128], [81.78848791098844, 16.8556146623868], [81.7654224633761, 16.884932756241753], [81.75890827179947, 16.917636871344627], [81.75351607800471, 16.925305247439283], [81.7532556055618, 16.945825576788977], [81.7502267356754, 16.929292201973624], [81.74142158054158, 16.91334426422651], [81.74069654980607, 16.90537297758091], [81.74767970995069, 16.88376772410122], [81.77014434298715, 16.84382891657134], [81.76794087896852, 16.830901145971183], [81.76360714405459, 16.830130935094672], [81.76605105441266, 16.82912290120099], [81.76043164690313, 16.787946939499733], [81.77105712878361, 16.77346694444394], [81.78848803059819, 16.763041377357766], [81.79600262622037, 16.740122914041294], [81.8003232481195, 16.737989544981573], [81.79962444341348, 16.70186924896676], [81.80263793489294, 16.697375178421808], [81.80869185884237, 16.69172167761343], [81.82612097280477, 16.686717629415128], [81.8413143155033, 16.677714943589862], [81.84511995322336, 16.654723167540254], [81.85548973086648, 16.64320313901368], [81.86311972119833, 16.640445948022148], [81.86185860638963, 16.6371655467526], [81.85445451766199, 16.63947093453612], [81.8526246545043, 16.63748741141498], [81.86512863667727, 16.610163211663007], [81.87182676749146, 16.60253787082621]], [[81.8280689718056, 16.679466128658987], [81.8211382628206, 16.67972123664582], [81.8225828411253, 16.673856616389813], [81.83669996243341, 16.664875745419366], [81.8280689718056, 16.679466128658987]], [[81.75192511075537, 16.803751230335138], [81.7495717998988, 16.79554712809758], [81.75520372417267, 16.786999940794672], [81.75846874703515, 16.79980373355555], [81.75192511075537, 16.803751230335138]], [[81.75876522023881, 16.80757582216647], [81.75532901322353, 16.80732512445499], [81.75825810422813, 16.805605054130055], [81.75876522023881, 16.80757582216647]], [[81.73522055178714, 16.916733145318446], [81.72996902455085, 16.915564656184017], [81.73180866243999, 16.910155534450382], [81.73522055178714, 16.916733145318446]], [[81.7449562552271, 16.933464049926044], [81.74440872638164, 16.948188662376978], [81.74122786477429, 16.942901849340913], [81.74152517344814, 16.92918944363791], [81.7449562552271, 16.933464049926044]], [[81.7324160339729, 16.94273996327877], [81.73179984099002, 16.940714955331032], [81.73313462736112, 16.93863832989507], [81.7334535125697, 16.93877685067116], [81.7324160339729, 16.94273996327877]], [[81.74949002274636, 16.94621396070582], [81.75161600117761, 16.949027657900174], [81.74953985238236, 16.957350850161717], [81.74710845968778, 16.949100613602454], [81.74949002274636, 16.94621396070582]], [[81.74549210097976, 16.95199930662274], [81.74794507020883, 16.960887908949886], [81.75026416815697, 16.96708345453783], [81.74706840478322, 16.96341085442748], [81.74549210097976, 16.95199930662274]], [[81.75115442233883, 16.956221580461644], [81.76331865772997, 16.9694987538645], [81.76269721990084, 16.98430514346768], [81.75674271600363, 16.995278835649827], [81.75773680231165, 16.98151814894345], [81.75084686319232, 16.96581244448879], [81.75115442233883, 16.956221580461644]], [[81.74930465178832, 16.997369408671375], [81.74739682640248, 16.992129326207518], [81.74802982771453, 16.986912011879923], [81.75132405785914, 16.993807435065165], [81.74930465178832, 16.997369408671375]], [[81.77605605084622, 16.971997619094964], [81.77668595309436, 16.984603643743284], [81.7737765311621, 16.98763740054568], [81.77300190911089, 16.977838754454993], [81.77605605084622, 16.971997619094964]], [[81.76557540927783, 16.958468914309023], [81.76355564617623, 16.934838652881595], [81.76679623086139, 16.932677030720427], [81.77260041217934, 16.941752552638306], [81.77171134959926, 16.94918882810198], [81.76557540927783, 16.958468914309023]], [[81.76327681497312, 16.943031072925734], [81.75974035243533, 16.94292354548527], [81.76167416553048, 16.939353346679695], [81.76327681497312, 16.943031072925734]], [[81.7638466362134, 16.956317544419136], [81.76256275146997, 16.9506331680863], [81.76340925723153, 16.94952034968452], [81.76444673582827, 16.952399850272897], [81.7638466362134, 16.956317544419136]], [[81.79610550416575, 16.863851308391247], [81.79432106036867, 16.87341117818339], [81.77595102801766, 16.897717833211487], [81.77749693383649, 16.903430223426113], [81.78577804592018, 16.906222104866288], [81.78605055848655, 16.916438459967026], [81.78124332422018, 16.923879146605415], [81.7689784762758, 16.906079769166084], [81.78001987931398, 16.881769180503397], [81.79610550416575, 16.863851308391247]], [[81.7869634629935, 16.889648437725285], [81.78975963599842, 16.887937069240394], [81.7876844404847, 16.890705347074203], [81.7869634629935, 16.889648437725285]], [[81.79759383179001, 16.86256384884267], [81.80174040789356, 16.858848452693977], [81.80506324727108, 16.86771714672895], [81.79900395886565, 16.876644849780092], [81.79436206855476, 16.878295421396643], [81.79759383179001, 16.86256384884267]], [[81.82045137862829, 16.819864750357965], [81.8234695196027, 16.822875380194773], [81.82085585591304, 16.83123612364824], [81.82165086289703, 16.824920058114273], [81.82045137862829, 16.819864750357965]], [[81.83179855386018, 16.80890905900597], [81.83229410638799, 16.813002109259983], [81.83102035520531, 16.814068674629695], [81.8299216030995, 16.810109376946215], [81.83179855386018, 16.80890905900597]], [[81.8792245384818, 16.756365180109043], [81.88179683695452, 16.757662058257466], [81.8805719612271, 16.760684013256693], [81.88577580460978, 16.75983715046418], [81.8788924215481, 16.76482677443613], [81.87319755552286, 16.760433673475333], [81.86827433119552, 16.767245054116003], [81.84994351827882, 16.775436401268934], [81.85658741008095, 16.765654444796823], [81.8792245384818, 16.756365180109043]], [[81.8716237545328, 16.76576602458249], [81.87253701696986, 16.767279624954824], [81.86960661385424, 16.76734995823402], [81.8716237545328, 16.76576602458249]], [[81.88747096101613, 16.75923252096419], [81.88526976149038, 16.75404095692464], [81.89095890512951, 16.74842727180122], [81.90890085658933, 16.7417211532087], [81.90598487859941, 16.746655464378307], [81.89554774803028, 16.74790251289076], [81.89075505759999, 16.754168152538327], [81.88695955254147, 16.753532410092703], [81.89099395260891, 16.754957080105243], [81.89477956332635, 16.752531528507276], [81.88747096101613, 16.75923252096419]], [[82.00309073954614, 16.721138357849043], [82.01277792456173, 16.71192038062111], [82.02063715478087, 16.710616350164514], [82.01199650723319, 16.719719648543006], [82.00309073954614, 16.721138357849043]], [[81.9797927137628, 16.71145093451308], [81.97300004981255, 16.711418271136367], [81.96970796545028, 16.71616685431691], [81.96196115048681, 16.711552858277884], [81.94850087151812, 16.719236373559866], [81.94519841707339, 16.717477440831246], [81.95326554806664, 16.704414725159523], [81.96787703030074, 16.707741141140758], [81.96679520613387, 16.70458233360789], [81.97181034117446, 16.70381426851378], [81.9797927137628, 16.71145093451308]], [[81.98371505740405, 16.7089903354357], [82.00046181705935, 16.69785153851771], [81.9982326027525, 16.69205904029255], [82.01568055121655, 16.690147042052374], [81.99133515339472, 16.707408547566487], [81.99031937094233, 16.71030676394608], [81.98371505740405, 16.7089903354357]], [[82.03355991795596, 16.686604022557603], [82.04550993483568, 16.677608132009752], [82.04331517175788, 16.68624854123732], [82.03771925004352, 16.69094455274896], [82.02508497229374, 16.698300361372603], [82.02399206128476, 16.6942957639384], [82.01930224879985, 16.699984908476807], [82.01451837981952, 16.698217868360004], [82.0164705516747, 16.69238984601465], [82.00742244738817, 16.704370021659244], [81.99170875515497, 16.71002805235281], [82.01672494380117, 16.69005131731454], [82.03355991795596, 16.686604022557603]], [[82.05716145054063, 16.67485547090331], [82.04799294501854, 16.674532055809763], [82.05247700251178, 16.67106711905234], [82.06612384314096, 16.671846270988738], [82.07623755951576, 16.66412174662139], [82.0824296472106, 16.664196014434623], [82.10451734110254, 16.67525267627005], [82.11624324333113, 16.693153500833418], [82.14232265906358, 16.688102125812563], [82.1564681530829, 16.70803952180654], [82.17593514878811, 16.711212873175597], [82.17140376537154, 16.715408920984984], [82.1586240528579, 16.714620232637728], [82.13355815418564, 16.70291614526397], [82.11944150951811, 16.703359246632004], [82.11711812000524, 16.70780897160681], [82.11231374738159, 16.708416461850334], [82.10428416758035, 16.70398974423138], [82.10540115793711, 16.69831383231758], [82.07946622368732, 16.69427335283308], [82.08251690842869, 16.690526962449383], [82.07613444325008, 16.682618379234853], [82.05716145054063, 16.67485547090331]], [[82.09985136964505, 16.708447337374793], [82.09072876012428, 16.706595301432046], [82.0860538485064, 16.702655076570636], [82.09240877644405, 16.700876474769515], [82.09985136964505, 16.708447337374793]], [[82.08809137321836, 16.709075570481218], [82.08331835275985, 16.709105968465792], [82.0837713475697, 16.706850051488743], [82.08547401421444, 16.70580673179535], [82.08809137321836, 16.709075570481218]], [[82.08996474737532, 16.709898948377827], [82.09214890025166, 16.71186995473471], [82.0915038588162, 16.71838724627449], [82.08511757871341, 16.714346408859768], [82.08996474737532, 16.709898948377827]], [[82.1208791729355, 16.712785124633868], [82.13288474093807, 16.71098125008467], [82.13655793639973, 16.71468424817958], [82.12859904780791, 16.7176706790587], [82.12865555311137, 16.714677452902166], [82.1208791729355, 16.712785124633868]], [[82.13535606892745, 16.716631531320175], [82.13749146505918, 16.71898674963886], [82.13423562067752, 16.718415618086325], [82.13535606892745, 16.716631531320175]], [[82.17555785171365, 16.716087341657598], [82.19010281559255, 16.71326434637251], [82.1974420551069, 16.715763568633918], [82.17630004870844, 16.72183120274792], [82.17185413865766, 16.720007061976418], [82.17555785171365, 16.716087341657598]], [[82.21395480666902, 16.71710634188429], [82.217658519725, 16.716091513612568], [82.2216073277161, 16.717656254832363], [82.21490514275823, 16.720715046062622], [82.21395480666902, 16.71710634188429]], [[82.22781693960016, 16.71610951444255], [82.23351097105459, 16.716212153168414], [82.22335660442386, 16.720309972527275], [82.22781693960016, 16.71610951444255]], [[82.2108910080137, 16.713977217374747], [82.18560564508456, 16.70369005235412], [82.17012095441859, 16.707364440316724], [82.16431713103086, 16.70418691609342], [82.1592104432074, 16.69534266023561], [82.14245021350669, 16.685049414898643], [82.15547990787147, 16.67769610908826], [82.16299200068042, 16.669353008534642], [82.15918362182683, 16.652072429299253], [82.16059434425361, 16.6371593477258], [82.16660881044837, 16.627577066828238], [82.15741264807534, 16.616710543257057], [82.16657102093589, 16.609721064475607], [82.19126725238195, 16.60267853738469], [82.1971551183141, 16.614212155566634], [82.20676040656767, 16.61811900119106], [82.21268820779463, 16.631835937678446], [82.22391986870704, 16.641162157307804], [82.2319847343081, 16.64378082752323], [82.23723566529375, 16.636750102235496], [82.24265635051026, 16.645539403220923], [82.25876533974863, 16.643483161818523], [82.25396895400414, 16.656562209178688], [82.26146185438111, 16.66805434253395], [82.2568193678197, 16.694335222592528], [82.24739015063497, 16.705530047273925], [82.2277876136076, 16.71230304215176], [82.2108910080137, 16.713977217374747]], [[82.3103109594833, 16.701142907019545], [82.29130482675643, 16.696486115841637], [82.26767325411745, 16.702537417367992], [82.25794208056263, 16.701593756946366], [82.25777614125602, 16.692999720360874], [82.26591587092085, 16.671456456250553], [82.2558056115399, 16.655573129396444], [82.2607846262097, 16.6466180087142], [82.26754116978927, 16.64333224298865], [82.28394472566865, 16.642413019845094], [82.29738044774959, 16.612918019451115], [82.31107533016248, 16.602469920750323], [82.31949603591349, 16.620435476715983], [82.31037914787939, 16.639889479016347], [82.3096685413702, 16.650774240838615], [82.31454622762644, 16.64747774620109], [82.31252896823744, 16.638473510843937], [82.31855964651058, 16.628757834406613], [82.31877005099713, 16.65152955084818], [82.32675635811958, 16.668163061576067], [82.36444222902574, 16.714286566172163], [82.36811673659818, 16.723721503944375], [82.36455774334527, 16.72677671947011], [82.35795605223015, 16.727213263881126], [82.3633878233895, 16.72536730735544], [82.36485886604387, 16.7213903667721], [82.35879015903876, 16.712156414886664], [82.34008443315017, 16.71817600721704], [82.34271085282373, 16.711048364690356], [82.347808361267, 16.712264657288117], [82.35301971398869, 16.706941723881528], [82.33694934883349, 16.69118344775798], [82.33520531697187, 16.698472380995582], [82.34478414087553, 16.70483446124142], [82.33561885312767, 16.715807080532358], [82.33744370975953, 16.719847321696562], [82.333771109649, 16.720304369750906], [82.33185493945396, 16.724700451065075], [82.32700920071412, 16.722025155936265], [82.32910084752612, 16.714463472711188], [82.3103109594833, 16.701142907019545]], [[82.30737614609242, 16.71656954285018], [82.30221891367208, 16.71423757110709], [82.30045294734569, 16.71146190174545], [82.30744516816011, 16.713289141580717], [82.30737614609242, 16.71656954285018]], [[82.31460511703258, 16.725974917208717], [82.30936157667546, 16.720345735867042], [82.31007385232655, 16.71902096254746], [82.31407105913209, 16.719722867216603], [82.31460511703258, 16.725974917208717]], [[82.2617385389025, 16.67793142839274], [82.26082944842037, 16.675859570263057], [82.26205790075167, 16.66982412378438], [82.26352024066662, 16.673938631862455], [82.2617385389025, 16.67793142839274]], [[82.16178774820608, 16.706166267259505], [82.15499997117175, 16.70412707340573], [82.15101635492093, 16.693586826570836], [82.15749645229945, 16.695927501053433], [82.16178774820608, 16.706166267259505]], [[82.18156266188745, 16.709247469595084], [82.17707824736337, 16.709455728299233], [82.18111753434684, 16.70802795922303], [82.18156266188745, 16.709247469595084]], [[82.0976076124015, 16.711441278492302], [82.09384465200915, 16.71082603968999], [82.09650576123201, 16.70852529960301], [82.0976076124015, 16.711441278492302]], [[81.98942995043203, 16.702909231276095], [81.9858914617217, 16.7036339040815], [81.98554432431123, 16.70130825007577], [81.98942995043203, 16.702909231276095]], [[81.98829114432093, 16.71225905451182], [81.9889649154986, 16.71453964708705], [81.98399555684958, 16.713119745280082], [81.98829114432093, 16.71225905451182]], [[82.3154282566089, 16.575721502045724], [82.31693410842237, 16.573897362173597], [82.31711053832069, 16.576374173329498], [82.3154282566089, 16.575721502045724]], [[81.96184444456551, 16.477674842320198], [81.9599534275088, 16.47404825692155], [81.9601998327561, 16.47099363764633], [81.96053910289734, 16.471309900431635], [81.96184444456551, 16.477674842320198]], [[81.96539020519393, 16.500861764059195], [81.96182465588319, 16.493139148053316], [81.96212065244626, 16.486108421866206], [81.96750140146852, 16.494856357634873], [81.96539020519393, 16.500861764059195]], [[81.96896374228291, 16.495394945420443], [81.97154855752004, 16.50299251069592], [81.96889054736104, 16.50924694569011], [81.9661978485519, 16.501297354289562], [81.96896374228291, 16.495394945420443]], [[81.95224106287483, 16.535098552356388], [81.95295691512965, 16.53158676631628], [81.95793497561871, 16.528859734089494], [81.95784306490563, 16.529995441136748], [81.95224106287483, 16.535098552356388]], [[81.94474065315862, 16.546650648009077], [81.94466447788344, 16.540611148285905], [81.95012915163917, 16.53591704333698], [81.94778406598195, 16.543462037842858], [81.94474065315862, 16.546650648009077]], [[81.92401742956085, 16.56682872776362], [81.921057701352, 16.566549777850042], [81.92088007895265, 16.56567382828463], [81.92401742956085, 16.56682872776362]], [[81.91406250018437, 16.563058018812583], [81.91577005374504, 16.56070792662959], [81.91804015662805, 16.564973831077495], [81.91406250018437, 16.563058018812583]], [[81.89419412625793, 16.55505192300795], [81.89127004177911, 16.548778653512088], [81.89235854161356, 16.543312073193633], [81.89545452610562, 16.550533771316594], [81.89419412625793, 16.55505192300795]], [[83.17163765455419, 17.569118380808717], [83.17077124139982, 17.566629767849633], [83.17097520853909, 17.565876364402797], [83.1720217469061, 17.567001819178657], [83.17163765455419, 17.569118380808717]], [[83.31188070792845, 17.684654951364962], [83.29822397205882, 17.679165124470998], [83.304064750388, 17.68051707710147], [83.31188070792845, 17.684654951364962]], [[83.30529403729005, 17.684519410042796], [83.30295944222459, 17.682873964561864], [83.30318510550822, 17.682551264429378], [83.3041497471132, 17.682352066394785], [83.30529403729005, 17.684519410042796]], [[85.05222225185551, 19.370833158623455], [85.04916656058836, 19.374166608202486], [85.04472208045965, 19.375555514875188], [85.05083334428352, 19.36805546308925], [85.05833315864837, 19.36861097791433], [85.05222225185551, 19.370833158623455]], [[85.04547214472385, 19.371429323704405], [85.04833364448214, 19.368218540753162], [85.04878687851166, 19.368361234383485], [85.04859554774637, 19.369102716417302], [85.04547214472385, 19.371429323704405]], [[85.0549999473898, 19.370555519921382], [85.05999994234358, 19.370277642898927], [85.05222225185551, 19.37305545804297], [85.0549999473898, 19.370555519921382]], [[86.23862492999669, 19.91136813203373], [86.23677861733935, 19.908353805983353], [86.2370357514989, 19.90803027128007], [86.24080240720545, 19.909789800259205], [86.23862492999669, 19.91136813203373]], [[86.36852252519449, 19.974051356185257], [86.36431670175446, 19.969436764794906], [86.37146282175192, 19.968167423887593], [86.37293255319489, 19.9731545450463], [86.36852252519449, 19.974051356185257]], [[86.4125626090773, 20.025793432820706], [86.40976047536574, 20.02153694607327], [86.40918087939409, 20.017699957087444], [86.41195237680077, 20.019439577774335], [86.4125626090773, 20.025793432820706]], [[86.42638874034813, 20.043611049410487], [86.42166662241678, 20.038333177434225], [86.42083334927972, 20.031944274908454], [86.42638874034813, 20.038611054456595], [86.42638874034813, 20.043611049410487]], [[86.43726074708584, 20.059275508258224], [86.4324561361419, 20.056732774098293], [86.43275475512795, 20.050920247971106], [86.43466365340501, 20.051438450823923], [86.43726074708584, 20.059275508258224]], [[86.55511236234568, 20.20628166216906], [86.55332803725915, 20.20641672595127], [86.55261421207629, 20.205269575030968], [86.55511236234568, 20.20628166216906]], [[86.79575526759166, 20.371949434718715], [86.79105734861784, 20.37320840374491], [86.79115545745853, 20.365650415834097], [86.79327106490777, 20.36622524270092], [86.79575526759166, 20.371949434718715]], [[86.80370950668848, 20.371411919824368], [86.8070560692822, 20.3748610015341], [86.81472754444079, 20.406469226173897], [86.81204473997278, 20.415362000456014], [86.80257725753441, 20.420421600676406], [86.80644440618451, 20.41061222567373], [86.80078971377438, 20.411133527590295], [86.79968905420654, 20.398787975384863], [86.80200695965348, 20.386233329904314], [86.80596005920953, 20.38978135592484], [86.80370950668848, 20.371411919824368]], [[86.79297280295262, 20.3839538093209], [86.79325795189308, 20.387631415957117], [86.7910583018992, 20.385507941238558], [86.79297280295262, 20.3839538093209]], [[86.78877294021905, 20.38757956014865], [86.79530477559499, 20.393365263995776], [86.79111611841424, 20.42873132199304], [86.7879519464253, 20.40541481963831], [86.78877294021905, 20.38757956014865]], [[86.79275953772262, 20.380064844916717], [86.79171395263691, 20.375350713864435], [86.79656660536463, 20.374616145818578], [86.79689633819547, 20.37653374683495], [86.79275953772262, 20.380064844916717]], [[86.80336654213235, 20.46198284633138], [86.8012963531443, 20.461579203617447], [86.80250990370914, 20.45949745204578], [86.80336654213235, 20.46198284633138]], [[86.80462217287513, 20.49174571069608], [86.8034939769656, 20.483156323605527], [86.80582904777245, 20.480762720423286], [86.80077946150308, 20.47335290930934], [86.80412924277047, 20.463925361266405], [86.8093396422108, 20.476698756042794], [86.80462217287513, 20.49174571069608]], [[86.79221796958373, 20.543918728966275], [86.85284936440681, 20.58351731307357], [86.85422933091897, 20.589320540210792], [86.85612344703961, 20.58662700683098], [86.88491606702289, 20.604365229471853], [86.88460040048815, 20.615987658403753], [86.88772666425419, 20.61727905248634], [86.88777291818579, 20.606216669163985], [86.93800926171818, 20.640310645120195], [86.9868003128843, 20.66828334330171], [87.04491412668571, 20.709932327714824], [87.0234594341056, 20.70078325294486], [86.99928414844479, 20.69528305506904], [86.98701942011027, 20.697944402612166], [87.00057685373898, 20.69677305183501], [87.00521934030039, 20.700303434955686], [86.97883415237439, 20.70445275309214], [86.9698354001836, 20.70895516844638], [86.93404316875737, 20.710788250277602], [86.9025590415666, 20.697773218459275], [86.87106144433031, 20.66760635345051], [86.84589624431626, 20.650977253897253], [86.84039914640366, 20.651988625174994], [86.83440685299391, 20.667003751022378], [86.82626235512365, 20.67333424078268], [86.80124735807911, 20.67461764798614], [86.79666924498972, 20.670000910813485], [86.7967506651112, 20.665007113987116], [86.80556535755525, 20.66875362398065], [86.81139731443463, 20.665713548541532], [86.81662714462718, 20.66001594048339], [86.82279694082624, 20.647731065536277], [86.82279610625537, 20.643575549272214], [86.82002341724703, 20.63878202427111], [86.81565785442646, 20.636583805098553], [86.80719840498247, 20.643078446313325], [86.79476845230229, 20.645302653194932], [86.78466641902011, 20.64294934233837], [86.77296590825009, 20.644832253805532], [86.77107381830209, 20.628004550669544], [86.76428163009322, 20.61693537206986], [86.74608743228922, 20.611577749113906], [86.72406315768868, 20.595732450092584], [86.71378445618782, 20.59361052490584], [86.71020925085631, 20.566406249748724], [86.71936643121589, 20.552837729277826], [86.73234224359967, 20.54576504252279], [86.72970485669393, 20.534780741038503], [86.73837995547066, 20.523792743340465], [86.74777722334031, 20.52525675329659], [86.75582897682594, 20.520445465785684], [86.7566199305655, 20.507716179158365], [86.7637548450102, 20.5033065081889], [86.77278924003153, 20.505991935979182], [86.77957332175149, 20.527588010078688], [86.79221796958373, 20.543918728966275]], [[86.74777781959082, 20.523888945618438], [86.74277782463693, 20.52222216102402], [86.7541667221166, 20.516944408657565], [86.75388884509422, 20.519166708077165], [86.74777781959082, 20.523888945618438]], [[86.74387574217187, 20.613141655762803], [86.73765063317026, 20.629008412608187], [86.74085474045401, 20.64577543758648], [86.73173213003386, 20.636809348772516], [86.72752094303715, 20.618091464049883], [86.72871255913745, 20.609899758966833], [86.73631584679904, 20.60624706714856], [86.74387574217187, 20.613141655762803]], [[86.74916660755306, 20.616388917014973], [86.74527764314885, 20.62805545319671], [86.74305546243974, 20.630277752616223], [86.74194443189012, 20.623333335265272], [86.74916660755306, 20.616388917014973]], [[86.7847583297332, 20.644325971466458], [86.79444575306908, 20.646139145005606], [86.80562984973787, 20.64529895788067], [86.81397855306787, 20.638437152252862], [86.81884765619449, 20.638772844890923], [86.82190322875115, 20.64715981527337], [86.81336855911181, 20.662091850958177], [86.80630195177375, 20.667081236609846], [86.79769170310973, 20.663399934659367], [86.79548847651213, 20.665388465205638], [86.79665100583932, 20.672301530391366], [86.80364441915472, 20.676588773952858], [86.81723141709622, 20.676867842576968], [86.82988584055917, 20.672588228863788], [86.83641743671544, 20.66593277447805], [86.84176373450882, 20.65238261186815], [86.85152745272987, 20.655177116630654], [86.8590394259289, 20.661654233656066], [86.85580015155583, 20.66569447482027], [86.85627412754891, 20.66994011394516], [86.8637844325057, 20.67817234967424], [86.85608875749026, 20.682176470467766], [86.8562318090508, 20.686013340743216], [86.88372421260246, 20.706908345643683], [86.87563610042585, 20.718284845069633], [86.87814140300341, 20.73271691795148], [86.8770837786935, 20.716380954217726], [86.88493251832116, 20.707227468273146], [86.85709595681303, 20.684059858575722], [86.86510372175937, 20.678710937459897], [86.85761606712796, 20.668481945985093], [86.85863935981862, 20.664788127270356], [86.86351585357383, 20.666105270741724], [86.89384317382351, 20.695823550316618], [86.93137574179715, 20.715613722795155], [86.97340464570797, 20.714954615063476], [86.9958467480291, 20.709869742094924], [87.00366687752452, 20.72289812524832], [87.00695180867919, 20.742187500352884], [86.99467635143256, 20.76855373416754], [86.98262083508357, 20.772179365385455], [86.96376860153978, 20.76677060158204], [86.88931870439475, 20.767328620119827], [86.85445773623556, 20.775876641094158], [86.84411942946812, 20.771293043938897], [86.83028185342496, 20.759875058786974], [86.81843531164046, 20.719168544093122], [86.80529844776524, 20.704494952879827], [86.80164361016458, 20.68287157985958], [86.77414524590651, 20.648386359243148], [86.7847583297332, 20.644325971466458]], [[86.79833316794148, 20.70055544387867], [86.7897222043164, 20.682777642973946], [86.78967034850788, 20.67493534069348], [86.79763317073426, 20.68922710404766], [86.79833316794148, 20.70055544387867]], [[86.8708771471627, 20.775505661756966], [86.8683123589283, 20.77954924120459], [86.86393773543827, 20.780416369320022], [86.86510634418246, 20.778162359805094], [86.8708771471627, 20.775505661756966]], [[86.88416063830286, 20.77477026003956], [86.8797724242581, 20.773450016604983], [86.94022595926074, 20.77211511152322], [86.95152652263104, 20.774700641721267], [86.94141221090487, 20.779790043675604], [86.88133025149003, 20.788485765705616], [86.86520397638256, 20.78275442137945], [86.88416063830286, 20.77477026003956]], [[86.94802594214363, 20.784027934241834], [86.9451427462408, 20.78661525229211], [86.94360411144069, 20.785088420194484], [86.9439522030319, 20.784094810527137], [86.94802594214363, 20.784027934241834]], [[86.98015332201831, 20.780004143476532], [86.98666477246141, 20.778961420033568], [86.98745202998734, 20.7803591490555], [86.98322165055887, 20.78242087362443], [86.98015332201831, 20.780004143476532]], [[86.87714123727844, 20.77461600292625], [86.87452506987623, 20.77410078042675], [86.87742054422276, 20.77292525769454], [86.87714123727844, 20.77461600292625]], [[87.08384335079009, 20.757840156498077], [87.07894420581047, 20.758194923756747], [87.07237863506603, 20.754022956194575], [87.09389257408318, 20.752948522656254], [87.08409035228803, 20.764229774884285], [87.08384335079009, 20.757840156498077]], [[87.0720018146321, 20.748813867965737], [87.0679713490986, 20.736806630821434], [87.06977701149995, 20.73507881193774], [87.0720018146321, 20.748813867965737]], [[87.05762362463074, 20.743989110409245], [87.0491875413721, 20.744119048055666], [87.04905283462065, 20.743721962298764], [87.05762362463074, 20.743989110409245]], [[87.01568043240619, 20.722077846415544], [87.00253152840733, 20.70861506463362], [87.00971496127656, 20.708153605404675], [87.01555085179044, 20.711626053299767], [87.01568043240619, 20.722077846415544]], [[87.00899505577726, 20.720175743415894], [87.00480294250181, 20.71554875397186], [87.00235557514983, 20.710411668164028], [87.0060368779996, 20.713421344719364], [87.00899505577726, 20.720175743415894]], [[86.87241435024222, 20.672671436837447], [86.87833333001922, 20.67777764802014], [86.87833333001922, 20.679444432614474], [86.8733333350655, 20.675555467311085], [86.87241435024222, 20.672671436837447]], [[87.00250005753165, 20.832222223177126], [87.00058114530376, 20.82846105063703], [87.0045783521094, 20.81226754221342], [87.0140000581562, 20.80120205892794], [87.01333332057632, 20.798055529838933], [87.01650965229865, 20.79769730558627], [87.01915144947995, 20.821526050986506], [87.00830185384754, 20.831781863841996], [87.00250005753165, 20.832222223177126]], [[88.52911674953847, 21.554758548768092], [88.53435373293857, 21.566104531499036], [88.53104901310158, 21.56434035302499], [88.5322325227128, 21.58057880416854], [88.50295793985717, 21.593986749788712], [88.49770450605817, 21.599848151371106], [88.49292361743105, 21.597889900098863], [88.48444390266414, 21.582249641108092], [88.48175847487389, 21.554501056678504], [88.50378942514195, 21.54454481609045], [88.50979530820698, 21.55844986466957], [88.50400233244184, 21.560852765942485], [88.50300645828148, 21.565030217570552], [88.5115450624547, 21.557643055882323], [88.50553703270802, 21.54203093038319], [88.51570367778262, 21.539692759613217], [88.53240334983482, 21.54362153970237], [88.52911674953847, 21.554758548768092]], [[88.28775143598003, 21.563652753871537], [88.28845715557335, 21.56686675549639], [88.29176771650694, 21.562838912385956], [88.30584680998234, 21.580207943541893], [88.30449712274404, 21.58683192705186], [88.2905490398064, 21.59529387930914], [88.28644323356846, 21.603522658044284], [88.28917133778717, 21.60548651209291], [88.2885906698236, 21.62300145645213], [88.29868507415691, 21.647710203762983], [88.29400754011593, 21.648671150053616], [88.29968130624732, 21.649208426627695], [88.3114730118701, 21.67224347625543], [88.30338621180434, 21.68628191947508], [88.28435075308491, 21.70708680151472], [88.27640771864131, 21.725834130940456], [88.26260614425823, 21.729380011178677], [88.26148021194231, 21.73220610642673], [88.26945567144216, 21.74454164468125], [88.27148032145968, 21.754583954885703], [88.21754765550006, 21.762164353901937], [88.2109959127313, 21.72460424868717], [88.22096800836695, 21.701442956727192], [88.21569657283865, 21.695040344936046], [88.19783675646121, 21.688561558769038], [88.20510780847869, 21.67525255656028], [88.22273290180206, 21.675751805301644], [88.23286044615278, 21.669261455651736], [88.23151254676671, 21.65722513173455], [88.2370058297553, 21.64442122026321], [88.23372530977528, 21.633767008640575], [88.2230570318566, 21.626083969999286], [88.21644413428939, 21.616370677664747], [88.23300635845672, 21.608224153621848], [88.2426849603427, 21.596642255335894], [88.2450903653282, 21.582684517276675], [88.24072134461446, 21.572984934207426], [88.24780631071278, 21.564447522535232], [88.26917445703563, 21.55783271750599], [88.28775143598003, 21.563652753871537]], [[88.17810916870329, 21.600592136218182], [88.1699897052608, 21.599975347884083], [88.16794133202691, 21.5918010473805], [88.17363154855727, 21.568495750578506], [88.17991793196708, 21.56074237865792], [88.18697392910369, 21.559955358552997], [88.18649280080214, 21.578886866435766], [88.18876707564019, 21.581496238560646], [88.18040394808375, 21.587686300082765], [88.17810916870329, 21.600592136218182]], [[88.0157667401431, 21.581558227929918], [88.01706624071446, 21.571856141148032], [88.02077055002101, 21.56695675874755], [88.02113783404397, 21.571387052970238], [88.0157667401431, 21.581558227929918]], [[88.22616124154811, 21.670469045510174], [88.20596456561228, 21.671712040778118], [88.19967734853091, 21.67504703988905], [88.19556295916331, 21.682240963349898], [88.19431984428545, 21.68848717224523], [88.19847714930111, 21.694419503357466], [88.21657705318856, 21.701027155179162], [88.2141021485954, 21.708948373868395], [88.20316004779804, 21.72180926818325], [88.18877935408406, 21.708566665619202], [88.1812735799119, 21.685678243256376], [88.19490337389166, 21.632152437784896], [88.20792925333242, 21.604130149187085], [88.2116857763776, 21.601894855463286], [88.21398997345855, 21.60253334084109], [88.21049547238826, 21.612085461175184], [88.21219944934515, 21.621793746983855], [88.23033857356646, 21.638784169853636], [88.23158454918772, 21.643599271389263], [88.22616124154811, 21.670469045510174]], [[88.10932362088849, 21.625900626113093], [88.14192926922053, 21.632465958537182], [88.14253926317659, 21.637166499934125], [88.15478455985956, 21.650144100170166], [88.15524351627536, 21.680887937828118], [88.14359390713312, 21.67930614905964], [88.15450835197899, 21.683871150033667], [88.15635156647167, 21.704930663419447], [88.17010235793751, 21.738480448813704], [88.17094457123508, 21.767658949001373], [88.16352880031403, 21.79687500038108], [88.1647969487203, 21.80531287149188], [88.1723265648192, 21.811599731542373], [88.15338885790962, 21.83616113662717], [88.13473987564478, 21.877470731289293], [88.1219339371016, 21.86517786946314], [88.07379126565453, 21.781762122723848], [88.06114053750585, 21.73427665244563], [88.04421365263804, 21.71774923833678], [88.03660154352647, 21.674302935432223], [88.04126143466752, 21.649364113662955], [88.0568456649955, 21.640471935631354], [88.07051861294374, 21.634100318075298], [88.08251273617392, 21.634737610951987], [88.08993816401514, 21.62924063174978], [88.10932362088849, 21.625900626113093]], [[88.18553245076211, 21.819268226347674], [88.18168485157477, 21.82629442175022], [88.1782715323055, 21.825508713756193], [88.17819583457023, 21.824051857007703], [88.18553245076211, 21.819268226347674]], [[88.16556477549412, 21.79687500038108], [88.1702406403933, 21.790674328657445], [88.17420446886123, 21.799926042153174], [88.1713309289793, 21.808012008547422], [88.16717576974608, 21.806742429319712], [88.16556477549412, 21.79687500038108]], [[88.18074297900532, 21.78641390827525], [88.18526375311981, 21.789154052617533], [88.18074083322293, 21.795601844549537], [88.17890286447576, 21.791604637743916], [88.18074297900532, 21.78641390827525]], [[88.19670796430123, 21.757608055667333], [88.20225536849048, 21.761353254449176], [88.19939410705248, 21.769358754003377], [88.19392716880387, 21.763031721236956], [88.19670796430123, 21.757608055667333]], [[88.195018052741, 21.724395751662627], [88.19961595541216, 21.728105425425127], [88.20118594147803, 21.736667751915263], [88.19658565560357, 21.731466055214327], [88.195018052741, 21.724395751662627]], [[88.27799415600563, 21.72800397830099], [88.29481315640206, 21.706859707409592], [88.29978465993426, 21.706371307190125], [88.3057609795857, 21.733474969794088], [88.30284845858958, 21.75558102154693], [88.29859793164931, 21.767665028418435], [88.28915894063269, 21.778503775528833], [88.28534781974625, 21.75287377800248], [88.27749514558465, 21.738282322771113], [88.27799415600563, 21.72800397830099]], [[88.27911496128658, 21.769670725223875], [88.28180444232126, 21.765839457724894], [88.28287220019197, 21.76543176176648], [88.28115355978903, 21.7694289685721], [88.27911496128658, 21.769670725223875]], [[88.28273475140773, 21.76966571779866], [88.28797602637255, 21.78067874902507], [88.28532433485034, 21.78782284284995], [88.26347160323203, 21.79254221874848], [88.27317511993598, 21.776667952563997], [88.28273475140773, 21.76966571779866]], [[88.28493666679387, 21.789849400329643], [88.29640781896583, 21.7740665673183], [88.29925537113863, 21.783579111187066], [88.30989074736013, 21.784162044542796], [88.31037044484017, 21.793912648849698], [88.29390573506177, 21.802573561720493], [88.3112281561545, 21.79505944273916], [88.31129622494089, 21.782912850247953], [88.30027782925842, 21.78233385052681], [88.29840683920432, 21.77671527848736], [88.3097057343322, 21.733589172002752], [88.30708014922962, 21.713918924119156], [88.315227747063, 21.70911824680971], [88.33235442621591, 21.710409880111882], [88.34507095775862, 21.722590922932795], [88.34039247043629, 21.739890456279596], [88.34310400464616, 21.759863734323886], [88.35667252511709, 21.766801833937564], [88.3740706439452, 21.766535163367138], [88.3781284092988, 21.769236921946487], [88.38002204877867, 21.78793191892302], [88.36087036167785, 21.796384215159435], [88.36079812093655, 21.806151509084913], [88.35133135345924, 21.82193076639183], [88.3513288497467, 21.855155110520002], [88.345228314835, 21.855340718899157], [88.33248186104916, 21.8604910373316], [88.3145836589089, 21.85711801038798], [88.31168436963802, 21.853660344649285], [88.31517255297095, 21.844175577241174], [88.3057965037057, 21.828534245359208], [88.27446055421134, 21.81867802107385], [88.26284015145191, 21.81109142303083], [88.25969386068314, 21.80267703501727], [88.26253032691321, 21.795191049527375], [88.28493666679387, 21.789849400329643]], [[88.38298976386656, 21.780048846776936], [88.39662265780956, 21.75568211074085], [88.40245032312404, 21.750980854383045], [88.40078187028709, 21.74322593203121], [88.40322423021419, 21.738381743722584], [88.41361534607145, 21.732003330889114], [88.42284774752565, 21.71993505945548], [88.42523646379178, 21.728333472811613], [88.42085254221118, 21.743655920384498], [88.42525076840835, 21.75237464887104], [88.42055320736475, 21.765690207137453], [88.43730127823144, 21.783319949955853], [88.4426498414172, 21.799638152079183], [88.43074774761052, 21.798861145925173], [88.42536401733568, 21.81016743168169], [88.4174903628901, 21.809056043201878], [88.38298976386656, 21.780048846776936]], [[88.41841936076506, 21.811633109880148], [88.4265867472806, 21.810721158654587], [88.43038547011352, 21.800422906791766], [88.4447082277027, 21.80184614688227], [88.45934951346933, 21.79079115418847], [88.46356892566544, 21.79075372260627], [88.46440041095033, 21.795042514800286], [88.4501850602924, 21.803679942775176], [88.44772374625396, 21.814553618654628], [88.4518184665491, 21.82028174430718], [88.4672228099848, 21.827205300084586], [88.47662913762471, 21.837298631526693], [88.48899161776902, 21.83828425431497], [88.49035274977965, 21.856973767225583], [88.48218274084084, 21.887723445980328], [88.458084344517, 21.89456081433022], [88.4520771502404, 21.904920458412448], [88.44038045439456, 21.906240463526643], [88.43339765038141, 21.900979756910345], [88.41879415502629, 21.901976227321086], [88.41886794529947, 21.889211178253333], [88.40000092959932, 21.872193336853087], [88.40080952623876, 21.855948925002934], [88.3924604658778, 21.832452654466437], [88.4008085729574, 21.810893416597963], [88.40188491305835, 21.797709823050013], [88.41841936076506, 21.811633109880148]], [[88.4520871641914, 21.906178117126416], [88.45602834233418, 21.913926720841516], [88.44236743450958, 21.908451557393477], [88.4452346566541, 21.906234979460805], [88.4520871641914, 21.906178117126416]], [[88.49058854572493, 21.889673352443282], [88.49877774709537, 21.896114230387525], [88.50855064379729, 21.912225127087993], [88.48976957810365, 21.910656332623688], [88.47842085333971, 21.90334153218606], [88.47676515558757, 21.898537158662947], [88.49058854572493, 21.889673352443282]], [[88.51746821418689, 21.84889364282739], [88.52227711669562, 21.845765351989456], [88.51610863170802, 21.83913803109536], [88.52564740160634, 21.835951447101706], [88.52563083159768, 21.84964704537495], [88.51929855308592, 21.85484170937744], [88.51746821418689, 21.84889364282739]], [[88.5364949701669, 21.853716731242258], [88.54079151181887, 21.85506165027502], [88.54161655885721, 21.85737574079789], [88.5364949701669, 21.853716731242258]], [[88.53075194364729, 21.84932494149288], [88.53399753575783, 21.833969354801894], [88.54287266714002, 21.82884275868645], [88.54818761366752, 21.81826543819949], [88.552907467106, 21.817509531939436], [88.55438685456974, 21.823800206014766], [88.54993700998503, 21.831494927748764], [88.55491006394843, 21.827363252512157], [88.55945754073306, 21.83022844758483], [88.56336915456288, 21.831032633949008], [88.57268452656982, 21.857855200856903], [88.57619917425265, 21.888316154067297], [88.57084894192522, 21.90080261205094], [88.56258463817059, 21.897394180597075], [88.54638981853546, 21.904367327690068], [88.5414005515942, 21.90266180030187], [88.54238164449745, 21.89781034007524], [88.54929494890294, 21.891833901713255], [88.55014693693161, 21.88017535241059], [88.54048562091478, 21.869847059594207], [88.54203546036828, 21.85500264125895], [88.53075194364729, 21.84932494149288]], [[88.59949791409761, 21.868120670632464], [88.59471416472692, 21.85486412048286], [88.59655964371265, 21.8511048554048], [88.60411655873227, 21.848463654474102], [88.60928440135419, 21.836764454915738], [88.61883997958145, 21.833675742341683], [88.6219172473831, 21.829406857540476], [88.6119259593157, 21.816673278449144], [88.61865806561738, 21.805664301366477], [88.61867463562604, 21.800202011713537], [88.62776076774534, 21.788433432157262], [88.63882720431204, 21.784879803360326], [88.64294564692412, 21.78949356107904], [88.6421953443398, 21.80630207088396], [88.64924383123784, 21.833180070204122], [88.64881920823993, 21.853422642141282], [88.65347015832126, 21.867555380176782], [88.64188635347259, 21.871727347738954], [88.63511204738316, 21.869222521801987], [88.63223385800629, 21.870625853600302], [88.634243965087, 21.878649711914704], [88.62834274781963, 21.88295924697178], [88.62617015842605, 21.89525282375891], [88.62035751358852, 21.897687911767747], [88.59949791409761, 21.868120670632464]], [[88.63438463254485, 21.870566844584232], [88.64148342571966, 21.87355136890062], [88.65214777000367, 21.872495770763265], [88.65297734692697, 21.880721449535343], [88.66706752814397, 21.9133634565583], [88.63735914201087, 21.921121359263452], [88.62316954164115, 21.90130937103072], [88.62787461292308, 21.896235823224742], [88.630040049109, 21.883378743834015], [88.63636946687748, 21.878061414103], [88.63438463254485, 21.870566844584232]], [[88.7188887595087, 21.9091665741781], [88.72916662733812, 21.899722218705506], [88.74083316351985, 21.900555610553027], [88.7488888506401, 21.89722216097408], [88.7505555156246, 21.888888836050995], [88.75750005258553, 21.88638877831957], [88.75805544870016, 21.880277752816085], [88.77194440391114, 21.878055453396485], [88.77611112572797, 21.86972224718403], [88.78638875523703, 21.878610968221636], [88.78833317763414, 21.879444360968535], [88.79194450333628, 21.878610968221636], [88.79333317258786, 21.872777819740605], [88.78805553893207, 21.864722252230223], [88.7927776577628, 21.867222070741974], [88.79750001401445, 21.87750005728188], [88.80750000482149, 21.88361096407482], [88.80861115498092, 21.89527773857685], [88.81444442307182, 21.901388764080252], [88.79999995213612, 21.91916656498509], [88.7869442700621, 21.91750001871094], [88.77499985685799, 21.924444436961267], [88.75583326799094, 21.92694437508291], [88.74361097776446, 21.918888926283017], [88.73611104468907, 21.918055534435467], [88.72372806090138, 21.93182742579515], [88.71749985193671, 21.921944380129133], [88.7188887595087, 21.9091665741781]], [[88.74068355590148, 21.92194736048242], [88.74891448041907, 21.928136944464484], [88.75925052179431, 21.930733681114532], [88.77557861825866, 21.92788636726212], [88.79170322422456, 21.920494675688815], [88.79915487809515, 21.925608873750548], [88.80569374527025, 21.936341166311877], [88.80258440944303, 21.939415335949036], [88.7888013125307, 21.940475344361744], [88.78652644144213, 21.952370643790232], [88.77525162656147, 21.941470146530094], [88.76721847015634, 21.94507145918061], [88.75033271308436, 21.955197453100055], [88.7544753555533, 21.971701144891995], [88.75305414163549, 21.976831078391655], [88.74821412528175, 21.979483246554707], [88.72823536407091, 21.979606032792248], [88.72385764151701, 21.97423362767981], [88.72202336808405, 21.942623257257623], [88.73306131322917, 21.924964547276062], [88.74068355590148, 21.92194736048242]], [[88.68795120698272, 21.952685356144343], [88.67112314681592, 21.95096635781124], [88.66757237876234, 21.95281016855455], [88.69239044226524, 21.95687615910751], [88.69352960630638, 21.966564417014354], [88.68481338063307, 21.97392165645931], [88.69149541897846, 21.98474466813198], [88.68720662588518, 21.99159884481091], [88.69267582862668, 21.98477435115538], [88.68675744510014, 21.972656250085947], [88.69301760158115, 21.970062971329128], [88.71569895774078, 22.000315547124814], [88.7001713514268, 22.003946423188978], [88.69189226641507, 22.011366128644], [88.67481184029421, 22.01894664727004], [88.65328466865256, 22.019267201620153], [88.64633464852525, 22.005989313256237], [88.63415563097763, 21.99403154871706], [88.62867724885601, 21.958308101038114], [88.63508975498823, 21.95092272720217], [88.65693736047083, 21.95421075831996], [88.67831921605912, 21.942772149914845], [88.68795120698272, 21.952685356144343]], [[88.67395687101285, 22.02340805533757], [88.69523561033523, 22.01369035272768], [88.70243072539776, 22.006982803313747], [88.71458113191372, 22.01055145258752], [88.72002065163193, 22.00560057140933], [88.73329234096886, 22.010543346098615], [88.73903131514325, 22.016508340587535], [88.73565423495504, 22.03167700768779], [88.73019826393889, 22.037925839006306], [88.7019489999465, 22.049029350124414], [88.68827426414609, 22.05964112273972], [88.68344664584603, 22.06877791906581], [88.68287634886448, 22.080199837852234], [88.69511222874647, 22.095134853890443], [88.72289216534122, 22.112685561589416], [88.7275834086474, 22.123477458517954], [88.7380347251225, 22.134374976324153], [88.75432765449776, 22.1451429126154], [88.76648271050882, 22.14638864991636], [88.78938090760298, 22.169130563724565], [88.7815871237469, 22.175729632416676], [88.76867365866255, 22.179985642523434], [88.7653445006483, 22.19191122032666], [88.74005305740283, 22.197194456758808], [88.73268222830225, 22.19386577628464], [88.71892070792441, 22.197544574522567], [88.69808065879553, 22.208676577062448], [88.68415224582961, 22.207577467026567], [88.68558144572725, 22.1979452368833], [88.68077337778917, 22.18733251098672], [88.65310931164552, 22.16343915469332], [88.65085017689424, 22.148009300189187], [88.63762795926297, 22.122079849105745], [88.63415026652174, 22.106187820411606], [88.65448236506919, 22.07555174851447], [88.66168701654274, 22.05207383673826], [88.66337442439024, 22.02429664127706], [88.67395687101285, 22.02340805533757]], [[88.63083326824088, 22.063055514900185], [88.62777781529397, 22.061110973792495], [88.62916672196675, 22.053055524992573], [88.63555550578204, 22.048611044863947], [88.63083326824088, 22.063055514900185]], [[88.7472747564249, 22.198161960006473], [88.76720905335529, 22.194251179848095], [88.77174425169599, 22.184125423349656], [88.7885431054801, 22.178533077339722], [88.79408323775127, 22.170574427068203], [88.80122494657408, 22.17965376391021], [88.80985963341536, 22.18324387100796], [88.83100211645458, 22.1678818460704], [88.83663940428525, 22.168561816274888], [88.83803546416542, 22.17505204721425], [88.82809317116309, 22.19403135766106], [88.8181910517757, 22.195587754071653], [88.8160948750785, 22.20400845982266], [88.80551135556468, 22.208342551767373], [88.80434596549392, 22.220396041943815], [88.79867827877965, 22.225748658373988], [88.8011876346018, 22.228204846276753], [88.81542444218442, 22.230334758342508], [88.82566595042331, 22.240883231276115], [88.826393366161, 22.263875365255956], [88.81525814494748, 22.264207958830326], [88.81386804577383, 22.282992244096846], [88.80839276271595, 22.283482075137726], [88.80179202578151, 22.277275800637824], [88.79507780070006, 22.276333331817852], [88.79186415700528, 22.25847530329267], [88.77281284323826, 22.250176310888094], [88.76962900127742, 22.240825056830943], [88.76193702247568, 22.24118065866054], [88.75137186082279, 22.22784495378167], [88.7472747564249, 22.198161960006473]], [[88.82028865839496, 22.265451073708192], [88.82738721414873, 22.26516675933854], [88.82821238079683, 22.241237759315226], [88.81936645489807, 22.231525063231118], [88.81193971674466, 22.227728844110885], [88.8004455563175, 22.225910544436147], [88.80579745778661, 22.22045433509956], [88.80688285855709, 22.208682656479482], [88.8172476287751, 22.204938650198585], [88.81894552721448, 22.196412802009263], [88.82493937015582, 22.197923422028396], [88.82534325119022, 22.206027150033037], [88.8295147421118, 22.210044503451144], [88.83620190659278, 22.207580566090314], [88.83951175256547, 22.194815039482535], [88.84369170700668, 22.19027400004518], [88.84865784608277, 22.19174754641213], [88.85020530233291, 22.20247745487069], [88.85503113278062, 22.206298113067533], [88.86066031412227, 22.20465946196464], [88.8654352429422, 22.1981213088514], [88.88323926897718, 22.201321005859825], [88.88442552062136, 22.208246230779025], [88.88114380814031, 22.211843133154076], [88.84882104425586, 22.209850907293628], [88.84181451792583, 22.211697101240333], [88.83934891232249, 22.21534955473828], [88.84352183316619, 22.223577141871658], [88.85306966283477, 22.23270475881756], [88.8580422401574, 22.244023919268557], [88.87561810009541, 22.252590179393337], [88.85888457306473, 22.24346232412705], [88.85277974568876, 22.230079173714984], [88.84151887929286, 22.218609929005112], [88.84111845525254, 22.214080453050542], [88.85086965581004, 22.211216449579553], [88.88358700263822, 22.212131142838018], [88.88593304157675, 22.20733201506053], [88.88503026973117, 22.201566457825862], [88.8662893776528, 22.194298625381293], [88.8722891804014, 22.171131968065936], [88.88573885006801, 22.167791247468188], [88.89122533777916, 22.17545795442112], [88.8991843459809, 22.177544951738213], [88.91138935123766, 22.167641401529494], [88.91906893288504, 22.165504574576516], [88.92142653440706, 22.174833654949254], [88.90442085274023, 22.19717633721828], [88.91292834306867, 22.20881485951824], [88.91394746290521, 22.216125130970056], [88.90016233892086, 22.222861170906384], [88.88612294241997, 22.234851956752493], [88.88611483593107, 22.241946339651946], [88.8931154015547, 22.250604510489836], [88.88734424154367, 22.264582753091645], [88.88006091108227, 22.26765906851128], [88.87647163855539, 22.273705601832063], [88.87316417668549, 22.27368867389319], [88.86819946753153, 22.270367264437823], [88.86448144895982, 22.270113706882142], [88.86266422307548, 22.275968551507532], [88.85765147213786, 22.27781724916676], [88.85174775115794, 22.283030628960404], [88.84969615925039, 22.288449525425392], [88.843304753012, 22.28984785069784], [88.85008370859643, 22.28916764217297], [88.85323810585405, 22.283027053255978], [88.86339175662434, 22.275995135467184], [88.86447584618352, 22.271223544930734], [88.86705684649641, 22.270561813876697], [88.87192797669488, 22.274363041321408], [88.87627065176926, 22.274545669347276], [88.88095104655363, 22.268246054212028], [88.88826560957025, 22.265235304765582], [88.89556753621295, 22.252193928207276], [88.88662135569112, 22.2371376754634], [88.90362775321833, 22.222983479603954], [88.91423881087249, 22.220147251694357], [88.91903495829669, 22.23291254088113], [88.93109464660083, 22.227188467573768], [88.95246124249243, 22.22435307513436], [88.95110571415753, 22.24289774863226], [88.93377375575429, 22.252803921264046], [88.92998027776773, 22.260805964723545], [88.93620264563569, 22.28632044793045], [88.93747234357394, 22.297799348661016], [88.93495965036763, 22.302084445540828], [88.91592574118002, 22.30941474399529], [88.9110858444362, 22.30563616777502], [88.91132354694426, 22.31195855104633], [88.8918383120886, 22.342799902193775], [88.87071454484052, 22.35747671118139], [88.86399483659252, 22.356742739385965], [88.85087800061925, 22.362612127847427], [88.83641660174484, 22.358333349604436], [88.8205300571166, 22.359567165492365], [88.80416381320956, 22.32951307277014], [88.8121292587584, 22.31648385504596], [88.80502235909469, 22.295215010964114], [88.80586290325047, 22.288113116926894], [88.80739831937709, 22.2847417591249], [88.81517767900678, 22.283203125224077], [88.82028865839496, 22.265451073708192]], [[88.89837563063085, 22.33690333352203], [88.90332043149286, 22.345743655745196], [88.89906203728324, 22.357594013353093], [88.89483451859817, 22.355635643370306], [88.8976649045118, 22.36366736895394], [88.89309644654381, 22.368810415468374], [88.88445806528753, 22.371158838509643], [88.874978781046, 22.3867442604394], [88.88077807454854, 22.40275704829915], [88.87516474735534, 22.398109078571224], [88.8724799158156, 22.400352359174093], [88.87391602970118, 22.388622045770887], [88.86826717838764, 22.38967955137025], [88.8653265239, 22.385630607466624], [88.86669635775078, 22.39626324165536], [88.86152935059911, 22.39942467251069], [88.86167144797903, 22.410799742014518], [88.8552968500696, 22.387456536090298], [88.86104023451932, 22.370735764144257], [88.8782608505579, 22.360268473910992], [88.88058686249374, 22.354184627718496], [88.89323067665455, 22.345954418161938], [88.89837563063085, 22.33690333352203]], [[88.87054371861782, 22.407690048257194], [88.87372994378197, 22.406707763752337], [88.86596155138463, 22.41077673465861], [88.87054371861782, 22.407690048257194]], [[88.88232851025256, 22.40325605872013], [88.87676513230517, 22.386626124596063], [88.8862402436923, 22.37254047416363], [88.88606154930116, 22.376427650715556], [88.88954937470399, 22.376123071022988], [88.89016091819192, 22.371710658020532], [88.89760792256769, 22.366500138970366], [88.89623665789546, 22.373538852036432], [88.89350807703616, 22.37178015672893], [88.88812613461343, 22.378148555611375], [88.89468622219155, 22.377884029924076], [88.89792335078212, 22.386182426977513], [88.91654706029865, 22.394833922147825], [88.92141270643143, 22.402576208125566], [88.90283107799192, 22.41475975555838], [88.9079183341639, 22.433914542622148], [88.89230334792128, 22.46536362143405], [88.89666604999823, 22.475279331376157], [88.89243543135021, 22.484478712422685], [88.90520095795799, 22.49737191218412], [88.90521144854958, 22.500000000100016], [88.90051734449995, 22.496893167086057], [88.89503657827552, 22.500739931702498], [88.89797925983501, 22.50831413259121], [88.90316867809216, 22.50438642539325], [88.9056663517209, 22.521674275647342], [88.9022027252756, 22.527158737186028], [88.90040671799571, 22.54617524179403], [88.89508461915986, 22.55410230158003], [88.89384877709952, 22.548898935737384], [88.89042866255275, 22.547853470261515], [88.88824665545891, 22.553651332942735], [88.86950743162268, 22.53076910960681], [88.86799275835924, 22.5341795681326], [88.87154257313134, 22.5409069062288], [88.86890733200786, 22.540272355385014], [88.86711907418598, 22.53436887272531], [88.86827898019081, 22.52265727511326], [88.86001026616097, 22.518921017391108], [88.85621476200183, 22.50950264962765], [88.8435620067813, 22.50692582126976], [88.84609580078072, 22.501395106698908], [88.86058771635012, 22.500000000100016], [88.86242830752045, 22.492025136850714], [88.86765634986077, 22.487628102255172], [88.85817563569717, 22.481445312651147], [88.86050486540731, 22.46831953561812], [88.85681617282822, 22.455491423390555], [88.8611111640491, 22.445313454052723], [88.8545930388378, 22.43764007053295], [88.85609686357944, 22.422571062704463], [88.86192786717734, 22.41275167465014], [88.87047660311285, 22.411044001479553], [88.88232851025256, 22.40325605872013]], [[88.83531105526114, 22.43409287908321], [88.82170033410321, 22.434404254053106], [88.82737171613192, 22.446043849244347], [88.82495367567171, 22.449483632863434], [88.81518506963536, 22.450263857690942], [88.81237757236718, 22.454101442927282], [88.81040024737356, 22.480122328083013], [88.79838705042206, 22.48718273639426], [88.79291975514272, 22.49799466122471], [88.78068721264472, 22.500000000100016], [88.78052794900574, 22.49389886893769], [88.79160356495262, 22.482016324593758], [88.80085647094941, 22.46129703552984], [88.80365812802026, 22.44458663456564], [88.8164799216112, 22.433091640466927], [88.83531105526114, 22.43409287908321]], [[88.85694444223239, 22.47249984709032], [88.8580554727819, 22.46833324398412], [88.85611104948546, 22.458888768901602], [88.8588887450197, 22.463611126052683], [88.85916662204207, 22.469444274533743], [88.85694444223239, 22.47249984709032]], [[88.90131294683513, 22.547142267501698], [88.90465307208174, 22.525647402205948], [88.90699291199346, 22.52248930963404], [88.90870761876167, 22.525609254763395], [88.91021347057531, 22.523342013523234], [88.90637671990979, 22.519055247501797], [88.91104125964657, 22.51946806869651], [88.9144523144229, 22.510343075072967], [88.91162276308015, 22.507564901998705], [88.90589344492665, 22.508272767374365], [88.90957474687721, 22.505447030056445], [88.90606033841394, 22.493657350606327], [88.89688444136394, 22.485919714123582], [88.89879715456507, 22.476094961613285], [88.89465844663013, 22.466099262371188], [88.90195620041843, 22.458834528990366], [88.90420985200316, 22.44499826415864], [88.9208340646405, 22.425889015166035], [88.91895043821225, 22.4219802620795], [88.90750980363467, 22.415949344586636], [88.92510044572916, 22.407164335165987], [88.92811775213258, 22.398084878714258], [88.9216568471858, 22.39192986467154], [88.92774152794928, 22.393427967926414], [88.92987954650383, 22.391042351623327], [88.92181134261946, 22.383861542076545], [88.92227995415661, 22.389560341736427], [88.91465151335669, 22.39170014814343], [88.8964357372196, 22.38020014751885], [88.90767919993513, 22.33517873331192], [88.92863035220901, 22.313098669268214], [88.94206964999447, 22.30975377581612], [88.94612753405855, 22.31642365442812], [88.9450261595297, 22.32877695519241], [88.9506602286867, 22.343433260536614], [88.94898402729112, 22.357689261450332], [88.95341467854459, 22.364875078422187], [88.94482731852597, 22.370071411566414], [88.94493055350236, 22.38053381398433], [88.93920815023606, 22.385155916512332], [88.9342218636481, 22.39593112472167], [88.94041204478006, 22.402219414694315], [88.93965482730849, 22.419267773688887], [88.94640004662492, 22.420395255536675], [88.94050455084445, 22.418869972071633], [88.94200801855524, 22.400277256790048], [88.9354000088035, 22.39588403711872], [88.93928217882964, 22.386579155703544], [88.94646263134544, 22.38124227561059], [88.94570720172604, 22.37116265253448], [88.95847690118816, 22.36497116109024], [88.96395444873897, 22.372535348027924], [88.96483051791424, 22.389901757660056], [88.9702876805321, 22.394067406585606], [88.96331620258073, 22.40539610344743], [88.96442675559038, 22.409638643508657], [88.98151266577705, 22.41660320747215], [88.99859786010322, 22.43002045118297], [88.99017357864776, 22.43790006633506], [88.9883315566561, 22.444652080928904], [88.99514925503414, 22.467332959548486], [88.97853267224511, 22.481705546773668], [88.97127425660173, 22.498753071197314], [88.96682894190221, 22.52733004094867], [88.9598652125097, 22.548707604072746], [88.93269515026103, 22.556100248927407], [88.91923904414668, 22.565216303289816], [88.89547574510962, 22.56038475045591], [88.90131294683513, 22.547142267501698]], [[88.96440410616466, 22.367236256548097], [88.95380020171805, 22.35928535483535], [88.95676994297858, 22.34779572519261], [88.95142853300055, 22.32496857633879], [88.9534144402243, 22.27820766015546], [88.94718527797826, 22.25546276599394], [88.96211266506751, 22.241232156538842], [88.9678369757959, 22.215688228628892], [88.9716440443373, 22.21019923720513], [88.98671090638337, 22.20566570800605], [88.99992704369814, 22.211396456081587], [89.00658690925857, 22.210908054962857], [89.01961815315533, 22.205562830060586], [89.02725327052204, 22.187918543406113], [89.02292740377678, 22.166476846029724], [89.03425645856876, 22.153559923052114], [89.0568739178971, 22.14108443230083], [89.06215155155294, 22.128381252093163], [89.09021747075971, 22.145417928894375], [89.09604287158132, 22.15561664109518], [89.09171962725915, 22.157313823674116], [89.07847404524111, 22.145148515391753], [89.06762135054495, 22.148437499790816], [89.06072425821807, 22.166774272514687], [89.06196713477559, 22.17604434477073], [89.06909465769243, 22.189635515566636], [89.06709206084994, 22.19823062414403], [89.0371408460733, 22.226621747195964], [89.03259468050018, 22.256886959365715], [89.01496994510703, 22.251069545423235], [89.01149117947446, 22.258446336129595], [89.01789295669462, 22.267667650741572], [88.99416947334262, 22.285555123969885], [88.9939600230368, 22.292890071919345], [88.99981164898853, 22.297796249597354], [89.00894224628772, 22.29903566826158], [89.02144384345874, 22.295267105092847], [89.02328562713015, 22.296891450679965], [89.00005435982101, 22.32293462733128], [88.98980426755307, 22.321179031986787], [88.98359370238748, 22.325424552401216], [88.98763143983913, 22.348676442963523], [88.98517835100026, 22.356511473325867], [88.98879051217247, 22.36412823193237], [88.98245382338527, 22.37444043138086], [88.98882365218995, 22.3913420435006], [88.97053635117183, 22.408790826535494], [88.96679961680891, 22.40668141811298], [88.97390401365945, 22.393953561407784], [88.96780240495715, 22.388792157032498], [88.96440410616466, 22.367236256548097]], [[88.98722135977803, 22.380156158979645], [88.99595081807595, 22.385673880145475], [88.99445045032812, 22.390628337927552], [88.98918783624973, 22.385385155500586], [88.98722135977803, 22.380156158979645]], [[88.99685955062782, 22.199189305042438], [88.9729249478282, 22.193475842835994], [88.97609865622812, 22.169854521568993], [88.99107217763898, 22.153877258728613], [88.99675083158562, 22.140145659694497], [88.99595177135731, 22.126496553673093], [88.98056066054622, 22.079546451607484], [88.97453331965707, 22.069420456788663], [88.96247124635104, 22.060717702060344], [88.96601235838372, 22.056331515087436], [88.96277022326726, 22.04980456842614], [88.97849655187443, 22.03990674060364], [88.9847581382775, 22.047102451017395], [88.98361694806371, 22.054555058169512], [88.98512434940923, 22.056733727879305], [88.99450254445688, 22.05611276669086], [89.00141465636139, 22.060206174875105], [89.0082274678235, 22.05255794539292], [89.01474690424638, 22.06437027426884], [89.01794135550918, 22.061479807347297], [89.01713085140776, 22.052325844762038], [89.02612721949575, 22.052879929665153], [89.028989076285, 22.05901217467212], [89.02767980098216, 22.07706344142477], [89.02224886439367, 22.0784691573258], [89.02895355216472, 22.07713544384569], [89.02981233637033, 22.05850923061658], [89.02767515148722, 22.05371272526216], [89.03822875055644, 22.052940130282792], [89.03118395807323, 22.093458772104725], [89.03544807466895, 22.108628869127102], [89.0168404576211, 22.11151015756775], [89.01497304417077, 22.114498615518812], [89.0295932291443, 22.122732162459414], [89.02979111686668, 22.119601250097674], [89.01666855850718, 22.113380431761584], [89.03546965120356, 22.110407113897224], [89.05059671386735, 22.130725621890036], [89.02213203886251, 22.148437499790816], [89.01450824755759, 22.164188742316668], [89.01395285144295, 22.19423794722357], [88.99685955062782, 22.199189305042438]], [[89.02671825844092, 22.051549553569117], [89.0159729715754, 22.0509268045285], [89.01542985480401, 22.062786936867667], [89.00789785370316, 22.05072402989009], [89.00190734904496, 22.059054255749345], [88.9948277474027, 22.054703832116274], [88.98494827744119, 22.054695606017447], [88.98591244240541, 22.04617571853464], [88.97937822382605, 22.038928508444002], [88.96796584145059, 22.015190958795785], [88.97852194333305, 22.00615286846019], [88.97472786909603, 21.99308800700598], [88.98240661617254, 21.993427157537383], [88.99417412283756, 22.005756020124295], [88.9994988440964, 22.006935715710767], [88.9834059473267, 21.992792368373216], [88.97555851980994, 21.991230011256107], [88.98934125879222, 21.985744118896065], [88.99246835712913, 21.97378146654151], [89.00514495337703, 21.987993359306188], [89.02041137228716, 21.99745953053298], [89.02818441417949, 21.99718165440987], [89.03264904002131, 22.00181555784178], [89.03042066118465, 21.996780872439416], [89.01922237861001, 21.99504721155958], [89.00499582329863, 21.985738754440092], [89.01433491672319, 21.984337210493948], [89.01814460768756, 21.97567403313019], [89.00304067109019, 21.95934963197996], [88.99937903911152, 21.94967436747814], [89.00496494777425, 21.94338846250764], [89.0191158053502, 21.93729174162067], [89.03043854240494, 21.92621755559574], [89.04913711508581, 21.929506659604726], [89.04119813478624, 21.93319725964585], [89.04110825024563, 21.95085561259657], [89.04331254973445, 21.932620644926857], [89.05158805814241, 21.93009245370382], [89.06027507743298, 21.931978106304626], [89.06666553039, 21.941594243079948], [89.0708812472719, 21.956967234350486], [89.06947815379388, 21.984679341378637], [89.0728030202433, 21.969339847156334], [89.07805275872786, 21.98211348025302], [89.07561147169216, 21.998112916777814], [89.06808781629977, 22.01353394983198], [89.04799294451888, 22.034833073187855], [89.04062652569374, 22.048716903162614], [89.02671825844092, 22.051549553569117]], [[89.01146197309154, 21.981665849899173], [88.99112594090954, 21.97031950923801], [88.9871819020232, 21.975316524737877], [88.98698937875699, 21.983872055950712], [88.97302234170783, 21.98706424272072], [88.97137475044443, 21.993541479355883], [88.97567987432686, 22.00432372116282], [88.96819400754751, 22.009689927248445], [88.96514201159468, 22.017157673587803], [88.96221184769868, 22.016918658968933], [88.96755433056805, 22.019625902513496], [88.97704732407479, 22.038504004156465], [88.96126401442277, 22.048758148769622], [88.96260404564029, 22.05773270110336], [88.94227313959388, 22.0620162484511], [88.93781924266395, 22.060347914324893], [88.9342079160626, 22.051360845226895], [88.9351104495876, 22.02766013180974], [88.93784940232811, 22.01669084990283], [88.94561934515681, 22.005104780561226], [88.94681751731466, 21.991210937534845], [88.94096314932997, 21.97553801516736], [88.92528975032181, 21.96327435972401], [88.93574225929794, 21.93626463400571], [88.94335925622474, 21.92999565607471], [88.96610117003311, 21.922682523879416], [88.9703571792405, 21.928698659215826], [88.9624685052174, 21.934765219539344], [88.97576236733946, 21.939911961367955], [88.97611737291854, 21.946118116258134], [88.97741675388019, 21.94110345875768], [88.97565734361163, 21.938258529007953], [88.96482503384831, 21.934554458021836], [88.97185301800252, 21.928969025999805], [88.96902584986319, 21.920683741961227], [88.99412715394513, 21.906028270288544], [89.01431167104678, 21.902560949428334], [89.0213432309055, 21.921468258353514], [89.010958314075, 21.93435704694022], [88.99480032887223, 21.941695928524354], [88.99084174614981, 21.95187246794015], [88.9952713254115, 21.960841655817887], [89.01363825779939, 21.976423025402397], [89.01146197309154, 21.981665849899173]], [[88.93437874318457, 21.915495515305906], [88.91475331751175, 21.92788505515125], [88.90579700432838, 21.919737934857835], [88.89000785357965, 21.914705156917563], [88.87490642069477, 21.91738104829679], [88.85801482162682, 21.910743832162154], [88.84865856194321, 21.911894917616394], [88.81970155218497, 21.92775166051075], [88.82367181800012, 21.915576457887255], [88.83942496798798, 21.906427860657345], [88.8541432618022, 21.889410614608238], [88.85427796855353, 21.86958754043269], [88.86123085032361, 21.864738822238877], [88.85688877149974, 21.859808444704015], [88.8581999542645, 21.85732793823385], [88.8778853413356, 21.853914141424525], [88.88245415723364, 21.829256057421162], [88.88014721901905, 21.82126057181796], [88.88661992576911, 21.812737346051733], [88.8910346032645, 21.81269097340973], [88.9026068446303, 21.821771621463228], [88.91410827607618, 21.82735681516499], [88.92329275625585, 21.82467293780587], [88.92289936581315, 21.835598826524688], [88.93228304402734, 21.838565350010924], [88.93321573721661, 21.84558892209114], [88.93889927897871, 21.84986603299106], [88.9369256492993, 21.85210692859198], [88.9258699416446, 21.851188659628974], [88.92129170894523, 21.85427510771018], [88.91463124713445, 21.861100078006302], [88.91387021563807, 21.87876963650959], [88.90727055069553, 21.878996729715425], [88.91496813317289, 21.880603670722877], [88.91770041024577, 21.860403537793133], [88.92599463444495, 21.852710128169917], [88.9380507470444, 21.854055047202763], [88.94686543948845, 21.840900659138157], [88.9527782202388, 21.851826905787107], [88.95032215104649, 21.863690018479673], [88.95690524598038, 21.86957323581626], [88.95136511280978, 21.87515330338232], [88.94860994799072, 21.884722829195226], [88.94531250007194, 21.88588154359843], [88.94970035528726, 21.886264443449363], [88.95183753927111, 21.877337217038985], [88.95868802063578, 21.869461416810992], [88.95227265375999, 21.864220381065792], [88.95532631885456, 21.854163527924584], [88.96499645722079, 21.86325395070932], [88.97642862827868, 21.867625355525774], [88.96612465402964, 21.890540957199505], [88.97394394895414, 21.89756631893053], [88.93437874318457, 21.915495515305906]], [[88.96508753336306, 21.858804941594883], [88.95015883416303, 21.836635947191297], [88.9563347097791, 21.82703506921314], [88.97452497484781, 21.826279759203572], [88.97978806466759, 21.818177222800614], [88.97633171103965, 21.804509043957296], [88.97255933294699, 21.80059492551547], [88.95407593205877, 21.803197026621547], [88.94268786914998, 21.786233544742345], [88.95876276508969, 21.782981515284803], [88.97106242219317, 21.775187968849764], [88.98689687269265, 21.790518164981393], [88.99419760683415, 21.814162254384655], [89.01410567773493, 21.81478714920766], [89.00920450658273, 21.822780609537574], [89.0175584556583, 21.815934777667906], [89.03008854425107, 21.833127856465467], [89.03004813231561, 21.843331456481565], [89.02631676240875, 21.847046613410612], [89.01285743672136, 21.8495503664563], [89.006652236012, 21.853423833742937], [89.00329923607094, 21.863574266739107], [88.99667394134948, 21.87005925193293], [88.99274146594595, 21.866896271545727], [88.98918890914095, 21.86792910064753], [88.99800944358103, 21.870599865891165], [89.00253164761753, 21.867393612824998], [89.00937783741736, 21.85311055221024], [89.01647174367608, 21.850195049961627], [89.02863645570798, 21.8507280349709], [89.03086137755056, 21.863191723919016], [89.00873863707861, 21.879619956295983], [88.97758567354006, 21.893342852590678], [88.9694314000391, 21.889806032122806], [88.9790612460798, 21.871366024422542], [88.97882175482025, 21.866476178433004], [88.96508753336306, 21.858804941594883]], [[89.01630485018885, 21.811882257160562], [88.99504840416054, 21.81215274355438], [88.9900745156265, 21.790521740685847], [89.01255476449089, 21.781479120465065], [89.01103365388016, 21.776414632429436], [88.99865734576005, 21.769893765185145], [88.99963295459733, 21.766016840904513], [89.01420295200475, 21.765835762410603], [89.02363884485695, 21.75898611561675], [89.01378273928216, 21.789324164778435], [89.01630485018885, 21.811882257160562]], [[89.01512134057756, 21.764004230111198], [88.99963212002635, 21.76386654390592], [89.00199401401258, 21.749453544745336], [89.01647341281787, 21.732845545085922], [89.01755404448372, 21.71766710325423], [89.03070414098343, 21.72074305984438], [89.02945160840514, 21.72414267074774], [89.03491282426754, 21.721570730205087], [89.05935716640019, 21.725997447824028], [89.0419323440025, 21.739150166746924], [89.03667175789533, 21.739935517710023], [89.03830194457922, 21.74198102930106], [89.0253591535022, 21.756948947935626], [89.01512134057756, 21.764004230111198]], [[89.03788280474774, 21.720631837989004], [89.02378475626162, 21.71649754032933], [89.02111911805295, 21.709323048519963], [89.01268982917244, 21.708526253683715], [89.00967133026776, 21.704647302331153], [89.02242875128601, 21.699645161594958], [89.02601635467104, 21.68948936504225], [89.02092075368998, 21.66281521325152], [89.02917397060233, 21.658736705934302], [89.0329282282552, 21.654965520342586], [89.02636575657456, 21.657968879160507], [89.02858042704511, 21.63498437412963], [89.03301143622886, 21.634166956040218], [89.0378322601508, 21.640530467107368], [89.03452491789065, 21.63350224463298], [89.04738855333918, 21.621093749776833], [89.05185651746447, 21.617535949024955], [89.06254672984787, 21.618336200855083], [89.08028900663251, 21.626424551352017], [89.0831259486038, 21.633471608328193], [89.08605813957152, 21.630319356852965], [89.09279274958581, 21.636840224097085], [89.09512424468821, 21.645228743112057], [89.09226143371833, 21.665798545066878], [89.07339417969777, 21.68897116218946], [89.06491875649559, 21.689223646853918], [89.06824791450973, 21.6903996471261], [89.07077455530154, 21.699199676124238], [89.06078767750941, 21.72175455073196], [89.03788280474774, 21.720631837989004]], [[89.03725314171916, 21.61394274196408], [89.03494644182499, 21.625196814881207], [89.02588677405546, 21.629570007549916], [89.02130174607882, 21.638807058499026], [89.02227091756882, 21.65447056316603], [88.99733543408306, 21.649023413599764], [88.98836123967962, 21.65222907041533], [88.98737370942925, 21.665037154740986], [88.993864178689, 21.673371076813794], [88.98966884584067, 21.700633645126686], [88.98571705839564, 21.705341338831772], [88.97319710246447, 21.697309613248052], [88.95154726509432, 21.701391458848775], [88.95448827751201, 21.67952084511097], [88.9590909483887, 21.673690438662845], [88.96389412851138, 21.660205721516917], [88.96377515809709, 21.646468520605794], [88.96802830656125, 21.64172577852193], [88.98252487162554, 21.64589691151329], [88.99051475535171, 21.645444750374992], [88.99283516451138, 21.643571019187277], [88.99811983086559, 21.622576355914134], [88.99900686727321, 21.602572321955165], [89.02210724365446, 21.602684616701822], [89.02936065187262, 21.605428815187764], [89.03725314171916, 21.61394274196408]], [[88.83423900582554, 21.60747754545241], [88.83094644572193, 21.603862762756393], [88.82877182925657, 21.575672268560425], [88.8360278607972, 21.559915899898897], [88.84261357815419, 21.554022907830955], [88.85397362718126, 21.549914955810635], [88.87523853762846, 21.54889917335825], [88.89576220526166, 21.550428032527748], [88.90365254842638, 21.55566394303665], [88.89295840240848, 21.578940749316246], [88.88000822070299, 21.586541414554688], [88.87596094594099, 21.592295646626837], [88.84596955754913, 21.599797606774246], [88.83423900582554, 21.60747754545241]], [[88.54964411248588, 21.563694715338897], [88.57566332849981, 21.574290871226736], [88.5863548520949, 21.5877840518925], [88.58620727064917, 21.60685205437889], [88.57366931478717, 21.621093749776833], [88.55819261100035, 21.631203054977078], [88.54201614832672, 21.634863138323254], [88.524372458822, 21.65292775641086], [88.52027094324959, 21.643824100102165], [88.5210024122317, 21.628792166825093], [88.52383875885167, 21.625929236245383], [88.51521241681965, 21.61513352349337], [88.51542151009474, 21.610790848418986], [88.51170885597904, 21.609323144047863], [88.51036870515176, 21.601155877142077], [88.53675794632224, 21.588521480681834], [88.55516493361492, 21.59957504255422], [88.55694115131311, 21.604102968976918], [88.55714642966413, 21.59995877787543], [88.55433523618231, 21.597488046136505], [88.53685402899029, 21.586977720645308], [88.54206657421312, 21.57819735982042], [88.54373955693515, 21.566946744796553], [88.54964411248588, 21.563694715338897]], [[88.4076087471461, 21.616248130646795], [88.41356992761021, 21.622690558122827], [88.41619825384643, 21.61945545660413], [88.42429316040116, 21.619368076675528], [88.43187701731065, 21.626927017867615], [88.42553842106136, 21.63882243600665], [88.41555881518732, 21.64752447577399], [88.41141605400779, 21.657907843971856], [88.41354072122746, 21.690907836027918], [88.42837953588699, 21.701736450476858], [88.42199003711059, 21.71893537037107], [88.4104802608554, 21.73321175531828], [88.40168702623541, 21.737574219974363], [88.39989316473785, 21.743288040111054], [88.40068113812404, 21.751037001756288], [88.39514160120402, 21.754715442963374], [88.38774502271477, 21.734778046969325], [88.36864554845332, 21.727117538144], [88.37117063971331, 21.723814607058557], [88.39504730728751, 21.72504913790749], [88.40397751315172, 21.715195536944577], [88.39915800134085, 21.698557258011107], [88.38331687427447, 21.686197400289814], [88.37971437002224, 21.672469854500207], [88.3874701260456, 21.646950245157683], [88.38349401913379, 21.629834175306996], [88.39054512935431, 21.621093749776833], [88.38757944133832, 21.611412763788053], [88.39895272298989, 21.595776319721494], [88.40734827560257, 21.59946274780765], [88.4054366352926, 21.607471942676028], [88.4076087471461, 21.616248130646795]], [[88.32461202152771, 21.616892337511445], [88.33621764213055, 21.619634628535294], [88.3501068356621, 21.643478870153785], [88.35812962018596, 21.6474851367297], [88.35097277127645, 21.65363931620152], [88.34637844520913, 21.653738379222943], [88.35113775730181, 21.67786574360926], [88.34372746954719, 21.69140124277314], [88.3295004366959, 21.704687952587022], [88.30388712878798, 21.70756280457985], [88.30048465714131, 21.702660202606296], [88.3144725557639, 21.682319521828532], [88.31661140888954, 21.664905429242197], [88.30621242486367, 21.631304263780805], [88.3066953419166, 21.616232037278735], [88.30995571618351, 21.60923790900236], [88.31494486351474, 21.60831165316037], [88.32461202152771, 21.616892337511445]], [[88.33743250390708, 21.710063814693342], [88.35667693629162, 21.68725490588926], [88.36532795392205, 21.687074542356356], [88.36634922044024, 21.6927850242096], [88.38563632925323, 21.700796723689876], [88.3977104426829, 21.713721156006613], [88.39221155601862, 21.718046069470603], [88.37263381509862, 21.71794283359492], [88.36503851431607, 21.72278320787879], [88.36405825598379, 21.729931831588857], [88.35976815257831, 21.73363125307995], [88.35965394947036, 21.74565851722687], [88.37088227299856, 21.763144850554426], [88.35167300680396, 21.76352345973993], [88.34268140782072, 21.7540431026072], [88.34869325159232, 21.72589135210427], [88.33743250390708, 21.710063814693342]], [[88.36372470822877, 21.73182725892093], [88.38697910340298, 21.740910649007333], [88.39019787323329, 21.75990498083027], [88.3814362290988, 21.766882419488155], [88.37284040466105, 21.763493657106693], [88.36152195917114, 21.747095227362905], [88.36104834110816, 21.733386635684724], [88.36372470822877, 21.73182725892093]], [[88.43341195589713, 21.704557657010298], [88.44064724457482, 21.709396958402976], [88.45561444734895, 21.71094286422189], [88.45696485044763, 21.72640585874342], [88.46208083636165, 21.727486967949318], [88.46726894340705, 21.73702716866896], [88.46642363104584, 21.747297048719872], [88.4748535152776, 21.788146138333673], [88.47255480316167, 21.79331827162102], [88.45824813804117, 21.788811206771868], [88.44880747788292, 21.797602653539684], [88.4449831243717, 21.79701721647143], [88.43759500940232, 21.778657556001463], [88.42299795139436, 21.766115545995717], [88.42679345645288, 21.75479924718755], [88.42336761952018, 21.741522073784722], [88.42990684552458, 21.72782945676414], [88.42655575304562, 21.715542078104534], [88.43341195589713, 21.704557657010298]], [[88.51341187965463, 21.78701174249801], [88.50431478030302, 21.771601676676113], [88.5042475460875, 21.76258325541292], [88.52612805326712, 21.775772214316333], [88.53503501435446, 21.792104244415412], [88.53276014326607, 21.78288102144205], [88.52583730244956, 21.773826241487853], [88.50424361245283, 21.7576236723946], [88.50434756239022, 21.75038695379496], [88.5187946557489, 21.719703674684837], [88.52662265341277, 21.719056964107665], [88.53420627110259, 21.732926130636486], [88.54162097003174, 21.737388252765697], [88.55395781949781, 21.736299037970298], [88.55975675596963, 21.730294227796463], [88.56608355041558, 21.73320996746608], [88.57086372408165, 21.733544349791913], [88.572353959168, 21.744743347327642], [88.56255745885974, 21.760182976563215], [88.56235384965046, 21.770277022966297], [88.56477153307983, 21.77941369968255], [88.57236897964484, 21.786736249578325], [88.56939840291412, 21.793962359775207], [88.56030285399359, 21.80257534957275], [88.55243170236125, 21.80838572991763], [88.54002165797314, 21.80995035152759], [88.51341187965463, 21.78701174249801]], [[88.50022184875948, 21.812600373908225], [88.48982846750985, 21.834702730346805], [88.47984504671157, 21.835409641541816], [88.470821142282, 21.825027465844983], [88.45503234856406, 21.818239330880516], [88.44959807369227, 21.812031149817784], [88.45837211588045, 21.800997138307366], [88.48550224283431, 21.798665761915515], [88.50022184875948, 21.812600373908225]], [[88.57623064512833, 21.821046948657823], [88.59032011048478, 21.797776341405097], [88.61418497535644, 21.79824352302029], [88.61260843233336, 21.80811274071047], [88.60734224344984, 21.815494180012394], [88.61818981201029, 21.829150438342083], [88.60549104207806, 21.834991216671426], [88.60252213448896, 21.8451917167244], [88.59147393707266, 21.852094650148018], [88.58296716170517, 21.843128919264274], [88.57623064512833, 21.821046948657823]], [[88.55934154977282, 21.82983124221809], [88.55620562998595, 21.82633340376367], [88.55692195888136, 21.823772907094053], [88.56008505797914, 21.826753735196803], [88.55934154977282, 21.82983124221809]], [[88.58807742613234, 21.773443579957302], [88.5872812275467, 21.754829645172038], [88.61671710021412, 21.744111060976735], [88.6231385465068, 21.736469268841716], [88.61913776399663, 21.725493550487016], [88.59887361552504, 21.71553897814138], [88.60918235797945, 21.708283662461156], [88.61939012995063, 21.717270851168962], [88.63064384493762, 21.740372062121025], [88.62301516491803, 21.773273349085855], [88.61656320103097, 21.786609410995595], [88.61165714296291, 21.790134667980567], [88.59374999976282, 21.786272167926285], [88.58807742613234, 21.773443579957302]], [[88.6950186488917, 21.746169566872055], [88.71299195251666, 21.687039851907713], [88.73752021758398, 21.669756651148617], [88.74764895443579, 21.65843164960097], [88.7557822467534, 21.66453182658256], [88.73138082026881, 21.68139004731296], [88.7294862266082, 21.686749458121085], [88.74154996905597, 21.690437913279197], [88.74509561097378, 21.68361127384128], [88.75810694657847, 21.683645963390546], [88.76272785660544, 21.69294524202934], [88.7572964433763, 21.699148178245906], [88.75852775555157, 21.709597945189046], [88.74643754965334, 21.705924868438018], [88.74202311047824, 21.710027456002365], [88.74202585251109, 21.71616113183086], [88.73619306106107, 21.719770669680713], [88.74171495418196, 21.718300938237746], [88.74389827248731, 21.709572315410128], [88.74888050583078, 21.707104206094357], [88.7764933106179, 21.721111655078886], [88.77376425221857, 21.725229024799717], [88.7532434462282, 21.73087954525488], [88.75084614773166, 21.73683166504935], [88.75230014283741, 21.748444557570366], [88.75886237619787, 21.75937604906548], [88.74959540390486, 21.763725519417193], [88.7454649211692, 21.77175116558385], [88.73573815788976, 21.774523258341787], [88.7329137326827, 21.77884364102121], [88.72811973104083, 21.77782177915188], [88.72735810239462, 21.791687012046054], [88.72132515872912, 21.795433402429666], [88.7158701418937, 21.80718946432242], [88.71108877662581, 21.805068373706547], [88.71083593403122, 21.783686041477665], [88.6950186488917, 21.746169566872055]], [[88.72611105478146, 21.794722080060012], [88.73630905112194, 21.798827647977646], [88.73833334410867, 21.804166555142473], [88.74972224248754, 21.816388845368948], [88.7527778150442, 21.811944365240322], [88.75250005763164, 21.78944444640416], [88.75691115852331, 21.781144141888717], [88.76166665569164, 21.78472220886289], [88.76805555821758, 21.801666617020885], [88.77499985685799, 21.809999942843177], [88.77388894591829, 21.816110968346578], [88.77722215627759, 21.82166671734521], [88.764999866051, 21.826666713198307], [88.76555550138536, 21.841666579349237], [88.76916670837701, 21.85333335385127], [88.78055560585662, 21.85944438025396], [88.77499985685799, 21.865000009642756], [88.77138876947626, 21.876388907122447], [88.75611114501348, 21.880277752816085], [88.756666541128, 21.884999871646784], [88.74861097361762, 21.889444350876147], [88.74833333491554, 21.8961111304244], [88.72666656960664, 21.899166702981063], [88.71784341364273, 21.907189368794434], [88.71249985698293, 21.886944412754474], [88.69833326306977, 21.86000001468895], [88.69694435639698, 21.848611116310025], [88.70305550061093, 21.857499956957554], [88.71749985193671, 21.855555534560324], [88.71138894514385, 21.85333335385127], [88.70333325892292, 21.856111049385476], [88.6958333249481, 21.84111094491425], [88.70249986617594, 21.824166655466883], [88.70444440818292, 21.829444408732513], [88.71527767212703, 21.82694435100109], [88.71972215135631, 21.834444403686405], [88.72805547717869, 21.837499856633144], [88.71916663653107, 21.832222222977265], [88.71666657879965, 21.826110959153453], [88.7052778009299, 21.82805550116052], [88.70361113504592, 21.81944441792561], [88.7074998620291, 21.811388850415142], [88.71833324468352, 21.808055520446032], [88.72611105478146, 21.794722080060012]], [[88.76583325879798, 21.828888774297496], [88.78222215213074, 21.826666713198307], [88.78972220391668, 21.821388840322754], [88.79444444145796, 21.81249999967531], [88.79555547200746, 21.801666617020885], [88.788888931679, 21.795833348929932], [88.79472208016003, 21.791388750090817], [88.8108333347906, 21.80833315824873], [88.8211109634004, 21.825000047314404], [88.81861114488854, 21.840833306212176], [88.82249987097228, 21.849166632034553], [88.81888890230115, 21.851666570156112], [88.82361113984226, 21.850277662584148], [88.8211109634004, 21.839722156952007], [88.82972204663528, 21.862222075788253], [88.82500004741442, 21.865000009642756], [88.8216667174452, 21.871111154755994], [88.8069443703865, 21.86666655501753], [88.80138874009842, 21.86805546258961], [88.79888892158661, 21.870833158123816], [88.8008333448831, 21.87750005728188], [88.7936110496104, 21.866388917214834], [88.7877776619097, 21.86361110207079], [88.78611111653495, 21.86833333961198], [88.79250001906072, 21.873888850290314], [88.78805553893207, 21.878055453396485], [88.7769442792551, 21.8669444320399], [88.78222215213074, 21.859722256377154], [88.77138876947626, 21.85333335385127], [88.76583325879798, 21.828888774297496]], [[88.80638885466206, 21.867777824786884], [88.82138884042266, 21.872499942718235], [88.8299431800339, 21.865000009642756], [88.83944428002954, 21.87750005728188], [88.84111094501421, 21.88583326349442], [88.8374998567331, 21.892222046410353], [88.82638883627592, 21.899444341683136], [88.81525456924308, 21.900532364876796], [88.80999994294316, 21.89305555786771], [88.80916655019624, 21.883333325372746], [88.8025000098676, 21.87833333041894], [88.80027782915855, 21.870555520321005], [88.80638885466206, 21.867777824786884]], [[88.84638893570096, 21.858055472681997], [88.8372222189304, 21.843055605631776], [88.84138894074707, 21.807500004721504], [88.8350000382213, 21.781666636306312], [88.86444437530784, 21.77916657947418], [88.86333334475816, 21.777222156177658], [88.87626302282032, 21.767213344820078], [88.88027775291599, 21.74805545779327], [88.91333317738437, 21.727777719666165], [88.92138874489476, 21.743610978563908], [88.91611111123896, 21.74777781999049], [88.89916670308097, 21.746666550221192], [88.89138877427266, 21.75361096847152], [88.89138877427266, 21.763610959278395], [88.8980555538208, 21.77861094503919], [88.88222205660273, 21.797222256501982], [88.8797222371916, 21.807777643423577], [88.88333332547265, 21.813888907247275], [88.87888884534411, 21.819722056627683], [88.88027775291599, 21.83027780058012], [88.87499999965027, 21.84555554375345], [88.87722206074957, 21.851666570156112], [88.85749995705746, 21.855555534560324], [88.85527765763786, 21.858055472681997], [88.85611104948546, 21.86527764834483], [88.84638893570096, 21.858055472681997]], [[88.89583325350193, 21.788055538832083], [88.90388894062224, 21.794722080060012], [88.90694427485843, 21.79416656523486], [88.8980555538208, 21.78666663126012], [88.90083324935509, 21.77694428005458], [88.89472222295231, 21.755555510478473], [88.89777767679843, 21.751944423096745], [88.90555560560685, 21.751666546074375], [88.91246092313324, 21.75520420111306], [88.91138875498714, 21.76166665559174], [88.91925334966245, 21.77022445219677], [88.9180555345354, 21.774999856758058], [88.92305552948918, 21.788611054556526], [88.91777765751291, 21.791666627113187], [88.92750000961783, 21.79957854771186], [88.9277776483199, 21.806388854562073], [88.93333315809886, 21.814444422971803], [88.93722224211288, 21.816666722391403], [88.93499994269322, 21.82249987087235], [88.91361105440674, 21.82583332045138], [88.89472222295231, 21.81277775798722], [88.88333332547265, 21.808611154880936], [88.88361096417472, 21.802222251455788], [88.89583325350193, 21.788055538832083]], [[88.92638874074791, 21.823888778444427], [88.93499994269322, 21.824444412879416], [88.93888890709749, 21.816666722391403], [88.92833316314497, 21.80527782401245], [88.9277776483199, 21.79777765261659], [88.91972207991014, 21.791944504135557], [88.92444443706117, 21.78750002400693], [88.91972207991014, 21.775277733780428], [88.92083334878006, 21.76999986180428], [88.91277766255914, 21.76027774801966], [88.91499984236887, 21.755833267891035], [88.92138874489476, 21.766111135720365], [88.94777774774494, 21.764166712423958], [88.95888876910149, 21.7708332536518], [88.95944440353642, 21.775555610802797], [88.94042086623008, 21.782365441012416], [88.94027781466949, 21.793055534685266], [88.94805550605682, 21.804722070867], [88.95416665117008, 21.808055520446032], [88.9700000287784, 21.80277764757048], [88.97638893130429, 21.82111096419976], [88.95388877414771, 21.825277805626314], [88.94138884521917, 21.84722220873803], [88.93499994269322, 21.84500002892827], [88.93277764327362, 21.836944341807964], [88.92472207576324, 21.83527767682338], [88.92638874074791, 21.823888778444427]], [[88.95138967059697, 21.758186578747683], [88.96589791785473, 21.75186645996925], [88.96910834287578, 21.740424752500388], [88.98380875546982, 21.747828721618276], [88.98728525660934, 21.74702560904467], [88.98869454821497, 21.73971986747796], [88.9766699073904, 21.728689074641096], [88.99362027625492, 21.72356462520733], [88.99990212888028, 21.71729636223742], [89.01479244231749, 21.71875202648488], [89.01304137685818, 21.733198046952367], [88.99911570592516, 21.75172507755039], [88.99668157119768, 21.768488049284116], [88.99923837165366, 21.772551417414093], [89.01003324983478, 21.777394056190815], [89.01159334155957, 21.78013026689834], [89.00902271312785, 21.78259456129001], [88.98988711849589, 21.78910076598757], [88.9742661715467, 21.773811935972162], [88.9667958018849, 21.772349357736744], [88.96099913080539, 21.764251470828782], [88.95138967059697, 21.758186578747683]], [[89.01526963698419, 21.717557430031462], [88.9988863464279, 21.71604800251339], [88.99081122855549, 21.723429560525858], [88.97631454478048, 21.72737002370775], [88.97067427659661, 21.721165656669825], [88.99238634075712, 21.701084255833848], [88.99569964372361, 21.672489046932043], [88.98951935783211, 21.661652207283538], [88.99297320864676, 21.651508569564953], [89.00861084431503, 21.65274965737092], [89.01795446852404, 21.661371469517803], [89.02419233350955, 21.687207936996742], [89.01974296556554, 21.69900631918631], [89.00996875765216, 21.701111912684695], [89.00753426589378, 21.70457696905197], [89.01009499998432, 21.710068225867985], [89.01811397048348, 21.710408807220773], [89.02027475807378, 21.714193105827263], [89.01526963698419, 21.717557430031462]], [[88.97706675572627, 21.733820557672658], [88.98693907248034, 21.739782213878158], [88.98732221155083, 21.7447971105982], [88.98419153661021, 21.746064305723195], [88.96730577953824, 21.739429712011713], [88.96390604992442, 21.752209424525375], [88.93294143679796, 21.76204824423118], [88.92233800899194, 21.761029601035318], [88.9268380402435, 21.754954814613086], [88.93110930914739, 21.736052632722874], [88.92268192772892, 21.720322847121707], [88.94994235025942, 21.70243787760603], [88.96677780195401, 21.70197963705067], [88.97323775272017, 21.698610544640985], [88.98324537247598, 21.70566535017585], [88.97056305384203, 21.71749520324107], [88.9693379397942, 21.72277331353763], [88.97706675572627, 21.733820557672658]], [[88.9135583640273, 21.726163745060802], [88.88207292562512, 21.7451285125708], [88.87249994281822, 21.72055554400322], [88.8730554576434, 21.694444418175408], [88.8827778097482, 21.68194437053637], [88.8877778056013, 21.65805554412816], [88.90459632845793, 21.64957010787424], [88.92083334878006, 21.632222056103046], [88.9361109732429, 21.667222142188223], [88.94194436094361, 21.689722061024383], [88.93750000042482, 21.70027780497682], [88.92333316819125, 21.707222223227035], [88.9180555345354, 21.712499856882914], [88.9135583640273, 21.726163745060802]], [[88.93967211227832, 21.646673441026508], [88.9584999085441, 21.622310638625095], [88.95591080174225, 21.617391467542262], [88.97483420403537, 21.61300206189574], [88.98780632020558, 21.61302256553907], [88.99157214134132, 21.61552107373859], [88.99506986108523, 21.6259610650512], [88.99019432061155, 21.644516945001044], [88.9710294008863, 21.64053094374816], [88.96541285501931, 21.64165008078666], [88.96185815333124, 21.648617148462677], [88.96099603174153, 21.666370869120357], [88.95502805689941, 21.676849722836494], [88.93967211227832, 21.646673441026508]], [[88.77663958085199, 21.61500203631499], [88.77061557734717, 21.63462507698577], [88.77529132353587, 21.645682453782342], [88.77013623689797, 21.655346154801208], [88.74895966055996, 21.645783543875524], [88.73620677032633, 21.64478147068843], [88.72975122893618, 21.64014971213956], [88.73611211758023, 21.62353134149828], [88.73614501927736, 21.612025618487564], [88.75454354305012, 21.603766322158123], [88.75837874418377, 21.59972596138411], [88.7579574585699, 21.597235322252374], [88.74922764324126, 21.590220212792644], [88.75087535411441, 21.57714343082469], [88.76340341563522, 21.575964808129527], [88.78781354396003, 21.5806361440429], [88.79795324804402, 21.591346263819105], [88.79420900344283, 21.599760055582152], [88.78228163688814, 21.596511602728413], [88.79064345323289, 21.602766036823226], [88.77663958085199, 21.61500203631499]], [[88.73585402924013, 21.610401749541154], [88.72825515275323, 21.638155936747125], [88.72089862826917, 21.638182163675935], [88.71283435801931, 21.624850869072418], [88.7073725459064, 21.59287810334189], [88.71446585681386, 21.578393936331224], [88.73593592600221, 21.571673750543198], [88.74692285080906, 21.577799439492622], [88.74729084979296, 21.588889360055987], [88.75694394150977, 21.599408745317447], [88.73585402924013, 21.610401749541154]], [[88.59109354003496, 21.618362545595062], [88.6036572452858, 21.621093749776833], [88.60564863657535, 21.62429010850181], [88.59642005004528, 21.647781729543226], [88.59374999976282, 21.653738856762914], [88.58617651473443, 21.65769767780563], [88.57673835738936, 21.691854953443425], [88.567592978833, 21.690826177586132], [88.57120084754118, 21.666743040059316], [88.55474734331537, 21.647356629005344], [88.55352735540325, 21.640268445132676], [88.55672323748755, 21.63535165815256], [88.5699745418917, 21.632358074065877], [88.59109354003496, 21.618362545595062]], [[88.5657967332327, 21.70131254154063], [88.56177544618001, 21.705327749176348], [88.55290174471989, 21.70276391512266], [88.55708670658626, 21.706369161407736], [88.56296610809946, 21.706251025564484], [88.56759881992971, 21.70101153845178], [88.56775724899788, 21.692879319025394], [88.57390511073234, 21.693648338300306], [88.56890821484231, 21.701738238329114], [88.56852304959912, 21.709390401445972], [88.55905044102516, 21.712417840510994], [88.5524337294332, 21.723091244565353], [88.54615592915295, 21.723678350775316], [88.54551565682223, 21.720387100984027], [88.54316174971504, 21.723992347269103], [88.5531188248739, 21.724022149902368], [88.56055784237068, 21.71264064305123], [88.56981921188722, 21.710637807888645], [88.57128894333007, 21.699116229830167], [88.57822334762946, 21.691967606120215], [88.57970535751636, 21.684830665502886], [88.5905504223642, 21.69030284859761], [88.58630597574026, 21.697957515427078], [88.58718681312101, 21.709342240951713], [88.57546675198918, 21.720674514417368], [88.57070171840965, 21.73258280725088], [88.56014680902811, 21.729421853935406], [88.55365610144807, 21.735007524277933], [88.54166114364702, 21.736049056119157], [88.53508377109924, 21.732292651784547], [88.52907681424367, 21.719403743587918], [88.51972126952111, 21.716412424893548], [88.51727163767609, 21.711717844203235], [88.52728140321423, 21.69176161280828], [88.53343534436581, 21.66856265094563], [88.52800846102176, 21.656411051928586], [88.53734505163291, 21.642714142443765], [88.54597914222373, 21.637046456628696], [88.551675915711, 21.636287450405575], [88.5527801509833, 21.648527145211688], [88.56891822789399, 21.66920614284922], [88.5657967332327, 21.70131254154063]], [[88.4643199441102, 21.657521605837502], [88.46611630932037, 21.67574107638967], [88.46708404998904, 21.667608142002194], [88.47092831179216, 21.673106909056685], [88.45302033402126, 21.709553122078916], [88.43835175023318, 21.707064509119846], [88.41927313844465, 21.688985109775018], [88.41999840750057, 21.653123736671148], [88.43740880477262, 21.633809208428232], [88.44151473062047, 21.615139960840565], [88.45367324362533, 21.62375044782496], [88.45906603367061, 21.64945995801071], [88.4643199441102, 21.657521605837502]], [[88.59273433692024, 21.718801974831308], [88.61582720306305, 21.727348208852845], [88.6209912298614, 21.734437703936976], [88.61851465702588, 21.739091277340577], [88.58675622941658, 21.75224125423054], [88.58372342589556, 21.758812069821204], [88.58501005177257, 21.77497315408786], [88.58218717609734, 21.777832746384234], [88.5689212082473, 21.769083022763397], [88.58346974873004, 21.74810636032035], [88.57969081368017, 21.725988864694443], [88.59273433692024, 21.718801974831308]], [[88.6965891124976, 21.713232040826085], [88.68721473237414, 21.682860017076223], [88.70164775853735, 21.66553747637346], [88.70951104200108, 21.66312372657876], [88.70906114535572, 21.658818244766252], [88.72301900392395, 21.638533949682113], [88.7357860800636, 21.64531672019058], [88.75125765771483, 21.648506641568275], [88.70895826830949, 21.67941856341602], [88.6999632123325, 21.69405925293222], [88.6965891124976, 21.713232040826085]], [[88.79612541195834, 21.655555606006487], [88.80222225155578, 21.65805554412816], [88.80722224740887, 21.66583335422598], [88.8061109785389, 21.674166560438437], [88.81027781996553, 21.693611145038318], [88.80999994294316, 21.70416665067046], [88.80666661297388, 21.70666670840197], [88.7936110496104, 21.70388877364809], [88.77416670333074, 21.693888902450965], [88.7647222282483, 21.693055510603415], [88.76166665569164, 21.684722066070577], [88.75750005258553, 21.68222224755874], [88.74500000494643, 21.68222224755874], [88.74111115925271, 21.68944442232231], [88.73055553401073, 21.68638884976565], [88.7594443562721, 21.663055539081967], [88.77055537672933, 21.665555477203526], [88.78472220896279, 21.659999847814817], [88.79416656533485, 21.66444444665393], [88.78722214708446, 21.659166574677755], [88.79612541195834, 21.655555606006487]], [[88.78459155545593, 21.710414409997156], [88.80379426469366, 21.71666765249023], [88.81563556163204, 21.70931231960799], [88.81948685613358, 21.70180428004352], [88.8177489045884, 21.688013076642193], [88.82273340242475, 21.6650003194093], [88.80920565092018, 21.638008474911317], [88.8154480457907, 21.629111766994555], [88.84595775574596, 21.619977712701342], [88.84146654594437, 21.629112005314852], [88.84189200441264, 21.643945335908626], [88.82879173754881, 21.650501251531608], [88.84243595575484, 21.645509362167445], [88.84370136302758, 21.62709677209844], [88.84771025202664, 21.629982233393406], [88.8514211173908, 21.62660264949278], [88.86001670350814, 21.636962056153976], [88.85659265532692, 21.65186393217479], [88.84253513838601, 21.680255055226695], [88.83912074532626, 21.706887125940227], [88.84615492850727, 21.731999158934173], [88.85344374213511, 21.743443131795146], [88.8620190620301, 21.75010251981547], [88.86414134514709, 21.760808110605865], [88.8316551447692, 21.765859842657648], [88.80915224557984, 21.748541355199478], [88.79661691214093, 21.74696111686214], [88.79080510097467, 21.749029755418945], [88.78696060175045, 21.7406046393927], [88.792765259709, 21.738295555395638], [88.7927086356951, 21.735217452123806], [88.7804088589817, 21.73091745347776], [88.78215301045319, 21.71692132965572], [88.76428270348404, 21.704971551995612], [88.76310980317501, 21.699940443196965], [88.77344977818481, 21.70152425723876], [88.78459155545593, 21.710414409997156]], [[88.78888320929278, 21.749302267985342], [88.78326296811159, 21.757200240998344], [88.78232324132458, 21.76685524017725], [88.79582595840137, 21.787110925129184], [88.78719103323962, 21.79608571488393], [88.7942148445396, 21.80127024622496], [88.79321670498703, 21.81035876244698], [88.78241980063339, 21.82497894742059], [88.77620923546786, 21.815968156005596], [88.77621293078224, 21.807347058819772], [88.76653945413264, 21.78698313236569], [88.74970281083611, 21.76969003636617], [88.7642773390281, 21.761858224677383], [88.76425254381988, 21.75736486909352], [88.75442194931364, 21.743622779467728], [88.75629174686676, 21.733621835379466], [88.77709436441356, 21.731257676900356], [88.7865340712905, 21.73635554327373], [88.78362560263955, 21.740367770556247], [88.78888320929278, 21.749302267985342]], [[88.75350821023588, 21.78333973863809], [88.74957454233132, 21.799923419730106], [88.7501428131404, 21.814205646673344], [88.73677885516017, 21.79687500038108], [88.72729384943167, 21.793688178067015], [88.72825026493794, 21.77999424893551], [88.73422813412125, 21.779580711880413], [88.73609304385892, 21.775015473485354], [88.74604630499303, 21.772599219978133], [88.75537562368609, 21.779985666705187], [88.75350821023588, 21.78333973863809]], [[88.79081201586192, 21.74990606291459], [88.81125891196936, 21.750595331209666], [88.83044171291485, 21.767192601957106], [88.82079362862308, 21.78657925133149], [88.83116114177338, 21.807494044014987], [88.82190537413376, 21.82246387011159], [88.79742193217655, 21.790690064095287], [88.79676365811648, 21.781667709197507], [88.7839795353274, 21.765698671556464], [88.79081201586192, 21.74990606291459]], [[88.89084863695504, 21.651287436166342], [88.89395582699993, 21.65055060362755], [88.88938391203803, 21.654598712960336], [88.89084863695504, 21.651287436166342]], [[88.64034104390421, 21.678359627894622], [88.63474476336015, 21.67405855635738], [88.62751865406264, 21.658145308159476], [88.6302857402948, 21.64929187292165], [88.63415813469024, 21.65111875572606], [88.63427805928504, 21.660764932555622], [88.63945615327899, 21.668568134112178], [88.64034104390421, 21.678359627894622]], [[88.60611617522144, 21.680077433726694], [88.58804404779474, 21.701472163109912], [88.59176766914268, 21.69017052684842], [88.58034050461075, 21.682879567438164], [88.58872020217567, 21.65742182695581], [88.60449647912927, 21.67131233259815], [88.60611617522144, 21.680077433726694]], [[88.50639855894636, 21.788479208548637], [88.50191342856195, 21.78442835808238], [88.50166642706401, 21.781136631650327], [88.50532650951092, 21.78313982474316], [88.50639855894636, 21.788479208548637]], [[88.85531854621402, 21.919084668222922], [88.87725365123518, 21.922433018668983], [88.88922512503964, 21.92050945784527], [88.90683090722067, 21.92895257470161], [88.90772056605144, 21.968860030066367], [88.90272414680206, 21.98673462860029], [88.90295910817642, 22.011187552963264], [88.87589514254685, 22.011927723785504], [88.86613106729502, 22.02449047575496], [88.85238146743083, 22.017887353818338], [88.82608830892846, 22.02163314795152], [88.8127650021033, 22.01943290260641], [88.80208361116988, 22.029772043045398], [88.77968955063236, 22.015798449938615], [88.76202905189936, 22.014855742798346], [88.76160395136137, 22.007963656997248], [88.77251195885995, 22.01224362864056], [88.76150906119435, 22.006295323770217], [88.75983953456702, 21.99604105954731], [88.75370502506698, 21.987823724685256], [88.76299154772184, 21.986079454503283], [88.771319866119, 21.99101793762776], [88.77708184674995, 21.99038815498946], [88.78447532617551, 21.984455347236548], [88.78996276896677, 21.98488354683829], [88.78183770184856, 21.97844135768264], [88.78256547461709, 21.973989963566055], [88.80014753358185, 21.97061765158341], [88.7818720343669, 21.972656250085947], [88.78022885337899, 21.977691530839536], [88.78311896326969, 21.981579661572198], [88.773922324256, 21.989466547743007], [88.7645647524615, 21.98440444470947], [88.75347554685916, 21.985204219898918], [88.749722480808, 21.982003449999212], [88.7568893436684, 21.972656250085947], [88.75216531737553, 21.95644473993289], [88.77567303178515, 21.943414210997105], [88.78694307846044, 21.955107569458818], [88.78974998037737, 21.952130556280252], [88.79023492360287, 21.941940069278814], [88.82526195067865, 21.939520240067054], [88.84127664600058, 21.924383401772616], [88.85531854621402, 21.919084668222922]], [[88.74501597870457, 21.983129262705404], [88.75824487200325, 21.995251774949566], [88.7582305673869, 22.007063030934205], [88.74131631889301, 21.987971424841447], [88.74501597870457, 21.983129262705404]], [[88.791335821491, 22.03142654919597], [88.77919673923819, 22.036710620199045], [88.7798862458537, 22.04570126500147], [88.77543246763443, 22.049726605298645], [88.75510787932527, 22.05360090715618], [88.75159931195876, 22.050589441849297], [88.75920844071712, 22.035364866595387], [88.76159226916795, 22.02157902675077], [88.77790892086003, 22.019884705814576], [88.791335821491, 22.03142654919597]], [[88.73143935174474, 22.045246601049826], [88.7309364076892, 22.04359781728553], [88.73398351672594, 22.042257428137873], [88.73143935174474, 22.045246601049826]], [[88.75000953631118, 22.055544376272053], [88.77296650410105, 22.0542105440814], [88.78201782706108, 22.04844045606228], [88.78707325442716, 22.071894049271066], [88.78776586100574, 22.06205356132284], [88.79389965554478, 22.05557572843719], [88.79849374329169, 22.0564136501699], [88.80452501781534, 22.06536781757086], [88.81243121602782, 22.06199562519805], [88.82772350303739, 22.071239709744873], [88.83074355147389, 22.07060194022739], [88.83368444428183, 22.06514215428706], [88.83645880243185, 22.06933975252761], [88.82741105517621, 22.0861972573976], [88.81533825385745, 22.080788373984348], [88.80412995823107, 22.084504723414312], [88.79864227801872, 22.097817420937332], [88.79855620840246, 22.108507513710805], [88.78445005432664, 22.106996536660944], [88.7790590521337, 22.10321080723304], [88.77158451051676, 22.085356354412312], [88.75692117247414, 22.07826364065457], [88.74838721779602, 22.059990048002362], [88.75000953631118, 22.055544376272053]], [[88.77155160881975, 22.105322122218297], [88.78571045417422, 22.114088654168086], [88.79467773458978, 22.113922238220738], [88.79818427578383, 22.124305725129176], [88.80427622756602, 22.130237221670484], [88.80994355635008, 22.131108760960643], [88.82106494868853, 22.12668704986754], [88.82876360405717, 22.134075045227206], [88.85558557471458, 22.144186615819677], [88.8454514743062, 22.14797067610587], [88.85118424855435, 22.155794858845695], [88.84323513469386, 22.16722762615413], [88.85099232153854, 22.173480272396745], [88.86799955363657, 22.17030084161064], [88.86406183248769, 22.197183012885773], [88.8596471549923, 22.204119562967463], [88.85454785779748, 22.20517575735542], [88.85001635567042, 22.19140720337981], [88.84358274964418, 22.18938410289408], [88.83931255363157, 22.19247686871256], [88.83566701412141, 22.206513524079924], [88.82803106308316, 22.207845806738703], [88.82656395406329, 22.199102043824382], [88.838606953648, 22.18011617642054], [88.83907854553851, 22.167737245877248], [88.82976615388506, 22.165210723795923], [88.80902802942009, 22.179200053239924], [88.79050326331506, 22.159842133607697], [88.78175604340677, 22.155218601157543], [88.77529311138815, 22.145348429286628], [88.7490869757834, 22.13484370747119], [88.73546314251016, 22.10502815272713], [88.70277285538307, 22.078314661892193], [88.70514953152573, 22.064269065465112], [88.71698224533444, 22.057820320251636], [88.73922455337052, 22.05700087509041], [88.7416110042445, 22.067689657551682], [88.74918222388064, 22.080271958983786], [88.75617313348349, 22.087006449388156], [88.76921343804977, 22.092011451767092], [88.77155160881975, 22.105322122218297]], [[88.722936272591, 22.101207614140122], [88.69465970967795, 22.08739912486979], [88.69082403190365, 22.084154725260476], [88.69282293343176, 22.078211426915885], [88.70397961156996, 22.088251471728142], [88.71907866035193, 22.095736860967435], [88.722936272591, 22.101207614140122]], [[88.68957316846698, 22.081713556935114], [88.68891334577441, 22.081257343451682], [88.69013607482006, 22.080095172054627], [88.68957316846698, 22.081713556935114]], [[88.73567604981, 22.12885403648471], [88.73047792881343, 22.124338746436024], [88.72829103480356, 22.11302137383737], [88.73364734654794, 22.11952567107295], [88.73567604981, 22.12885403648471]], [[88.87779164277023, 22.167961478339635], [88.84864485267784, 22.16841065912473], [88.84836566444389, 22.1648987534748], [88.8557350636224, 22.157546877586356], [88.85623824599836, 22.151472449094342], [88.86013066739653, 22.148437499790816], [88.85970115658321, 22.14160645007763], [88.83259665940844, 22.130686044525362], [88.8309204580128, 22.126963377358038], [88.8452780247612, 22.122373699886452], [88.8528449537317, 22.10214865213868], [88.87183940426522, 22.08801460289169], [88.8824871776412, 22.085689067596405], [88.89523851834295, 22.091339111410917], [88.89556431753928, 22.09622895740054], [88.890428542943, 22.098782539182935], [88.88941645580488, 22.10164475480167], [88.89242637157994, 22.11419355828619], [88.8907104732098, 22.10007286037424], [88.89591705772611, 22.097586631517856], [88.896501541513, 22.09071111662479], [88.90794074526931, 22.087153554193208], [88.91740357911195, 22.091264248246546], [88.92360901814178, 22.10642802753148], [88.9071178440133, 22.127929568494807], [88.89956104770422, 22.148437499790816], [88.88678157351094, 22.16421067678138], [88.87779164277023, 22.167961478339635]], [[88.90650892294852, 22.149969577633982], [88.90862274164621, 22.13518404960425], [88.91301727252923, 22.13005602356668], [88.9298298355786, 22.12369346578089], [88.93882870647977, 22.127004146324367], [88.92943072274969, 22.13635575741236], [88.93076062220504, 22.138923644710445], [88.93625962757991, 22.14274084591341], [88.93089115610209, 22.136840105286694], [88.94026803993822, 22.127130866196552], [88.93105530755653, 22.122470140484694], [88.92327547038676, 22.122497559015187], [88.9314347504135, 22.10556125644689], [88.93062472385193, 22.097709656075864], [88.92037594279569, 22.085647225738967], [88.90832138062731, 22.07823812958611], [88.90125584618036, 22.064117669994545], [88.91036522397602, 22.048871755627147], [88.90776765365442, 22.03497874717155], [88.91580724740655, 22.014215349958533], [88.9129619597268, 21.99400746846993], [88.91867363408099, 21.9808385374686], [88.93507862078187, 21.990373849473656], [88.92401945613304, 22.02428042919854], [88.92160904372255, 22.05195713081696], [88.92505157027384, 22.064709306089696], [88.93692207359484, 22.07249641427819], [88.95710146456108, 22.07368934158987], [88.96678602715357, 22.078519940243126], [88.96338391343696, 22.090794920848964], [88.95725464788373, 22.09463250608539], [88.95080614099064, 22.104454040821395], [88.95646941653044, 22.101255536314], [88.95737505001856, 22.09616410728779], [88.9634214637297, 22.09239554411917], [88.96907234211497, 22.082778454062492], [88.98197126426246, 22.11410844285041], [88.98590552841753, 22.13761544229891], [88.97908377679502, 22.131005764304632], [88.96892833727307, 22.141682744063445], [88.96760523309504, 22.148437499790816], [88.96922636000855, 22.154739856958884], [88.96293342144034, 22.15887057801484], [88.95651864991581, 22.156865119529698], [88.9532103534751, 22.157895326208404], [88.96197736296503, 22.160262108009988], [88.97043681150981, 22.155988931643975], [88.96961677099725, 22.143164277309666], [88.98087072340527, 22.133087277555916], [88.98534476784678, 22.139927506649173], [88.98507785805677, 22.148437499790816], [88.9697476628244, 22.16454327125504], [88.95898067981469, 22.190213561106958], [88.94273245304035, 22.189968347461303], [88.94616937681545, 22.186190962842687], [88.94531250007194, 22.18191957432896], [88.9371839759597, 22.17964446581948], [88.932752251815, 22.17444276821925], [88.92544555696699, 22.175247431224022], [88.9248956440189, 22.164943337365145], [88.91892993456892, 22.16102361704634], [88.89472556123567, 22.171156167922902], [88.89485871755593, 22.162812232798387], [88.90650892294852, 22.149969577633982]], [[88.94184505960189, 22.192344546064078], [88.96048331295466, 22.19291985047076], [88.95443201052902, 22.221111774588792], [88.91872680200046, 22.230363846014768], [88.91695034508237, 22.208644747357255], [88.90816283194928, 22.195453047320314], [88.92315971864613, 22.17940235123757], [88.9317127470458, 22.17696082588145], [88.93644535556874, 22.18216896082896], [88.9444650410289, 22.18393480754537], [88.94025552317399, 22.189928173846198], [88.94184505960189, 22.192344546064078]], [[88.88653087579931, 22.057785869022666], [88.8919793365773, 22.049657225300706], [88.89042723173142, 22.04570174254141], [88.85206925878938, 22.04184460604384], [88.86347174682376, 22.02892231950952], [88.87270760527187, 22.025526523530345], [88.8753465417096, 22.015973329405682], [88.87874472179155, 22.014567851824978], [88.89244067709572, 22.01481735703541], [88.90160167237943, 22.018447041497836], [88.90024137493967, 22.036947250715116], [88.90336656581437, 22.049401640673295], [88.88653087579931, 22.057785869022666]], [[88.85972976671545, 22.045835733432426], [88.87803995637901, 22.04520094426826], [88.8907687663656, 22.04857242078063], [88.88285684576684, 22.057169318109572], [88.87029826665176, 22.06287646257877], [88.86870455736957, 22.08150732530291], [88.86093151547718, 22.078755139937783], [88.85337746120095, 22.078933358587676], [88.8413186074678, 22.07145810111055], [88.83633184423931, 22.072758674573265], [88.83756792551938, 22.066291808919885], [88.83446741114224, 22.063832878984215], [88.82812762239197, 22.069977640755553], [88.81955146792595, 22.06286776073864], [88.83148610549952, 22.051767111263274], [88.83826243866068, 22.051940679518765], [88.84535932527277, 22.06085503123478], [88.84146594969386, 22.055709957648475], [88.84492766867706, 22.053296208753068], [88.8340766431227, 22.050042033513108], [88.83170187444196, 22.044273852955996], [88.83520460161108, 22.026403069346202], [88.83851945410962, 22.023936748781978], [88.84876191652924, 22.02207195775469], [88.859160542625, 22.025182246863267], [88.84992957109287, 22.041198373006637], [88.85972976671545, 22.045835733432426]], [[88.81354832689394, 22.025223374659106], [88.8327403072195, 22.027762174285016], [88.83106064793068, 22.05071985703586], [88.81948816734516, 22.060461163252086], [88.81110584735708, 22.060846448105195], [88.80575740378131, 22.064126014803747], [88.79763317123391, 22.054910659998995], [88.7918087245931, 22.054695248986576], [88.78794276754482, 22.05951297294547], [88.77999365368427, 22.03797841067521], [88.79445314419738, 22.03104734375995], [88.80485105533197, 22.033753156483073], [88.81354832689394, 22.025223374659106]], [[88.85075175738783, 22.079106450202573], [88.86738038030038, 22.082454204398033], [88.83886992890424, 22.089942813210286], [88.84367823606189, 22.097822070432272], [88.8413993117289, 22.090152263516188], [88.86636650531014, 22.084292769395887], [88.86788725888997, 22.086676359526393], [88.84961056717404, 22.103134870278097], [88.84580194910083, 22.11910867702389], [88.83051156955335, 22.124647974724326], [88.81800580042741, 22.122839808610337], [88.80632984654525, 22.12515890565905], [88.79875624190717, 22.110836744320352], [88.80172812895003, 22.10697972743253], [88.79972064519168, 22.098903178738794], [88.80594205887903, 22.084763526715506], [88.81518244721227, 22.082205176727655], [88.82511794583664, 22.08718252225563], [88.82074534851907, 22.092902779739518], [88.81906795462257, 22.104557514118085], [88.82208991052099, 22.09278750463963], [88.8321155311069, 22.083549857440033], [88.83712065219649, 22.0734168290235], [88.84309232235287, 22.073531150842], [88.85075175738783, 22.079106450202573]], [[88.87019276628317, 22.08687114728565], [88.87099885921006, 22.06396853901694], [88.88189685365703, 22.05951225798441], [88.89102351642228, 22.06031990044309], [88.89338970197323, 22.073802828837557], [88.90445244322584, 22.086041927393097], [88.89567577861439, 22.08931410346318], [88.8813395500803, 22.084056853840792], [88.87019276628317, 22.08687114728565]], [[88.91751492057725, 22.42886936662802], [88.9116395714091, 22.425150036844826], [88.91157925118151, 22.42311525326639], [88.91799855259123, 22.423857569871018], [88.91751492057725, 22.42886936662802]], [[88.58408200717903, 21.876482605687784], [88.58120775233593, 21.872064351588676], [88.58233785660687, 21.865592956949484], [88.58579575976663, 21.87400031046596], [88.58408200717903, 21.876482605687784]], [[88.42537474624757, 21.904079675936373], [88.42066085351567, 21.904486656034436], [88.42072284198568, 21.90407991425667], [88.42537474624757, 21.904079675936373]], [[88.10511553295564, 21.89742815518528], [88.10693955411719, 21.89918804209455], [88.11260640626065, 21.910811066377676], [88.10463952989048, 21.897680759459575], [88.10494816282747, 21.888730406982717], [88.10961854456028, 21.883961558479257], [88.11203646630995, 21.888700127708802], [88.10511553295564, 21.89742815518528]], [[88.13005530800618, 21.899088859463376], [88.14466810235106, 21.915490031239983], [88.13304555380941, 21.927557706423045], [88.12213981170302, 21.924168229080607], [88.11608326443118, 21.917551637098455], [88.1251964571509, 21.901525378293627], [88.13005530800618, 21.899088859463376]], [[88.0818599461796, 21.931724548748974], [88.08615005048446, 21.93118834506609], [88.09180462328484, 21.94538962852863], [88.14342927903814, 22.02064144574618], [88.1445474627952, 22.023818015788834], [88.14165091555739, 22.025993466825042], [88.09398531916722, 22.01122724993769], [88.07668554750009, 21.998995303690407], [88.07065224680392, 21.990872979504474], [88.05201554298301, 21.94740498045556], [88.04606556897087, 21.913018464930246], [88.05681121376662, 21.913261652403435], [88.0704636571721, 21.92045414414349], [88.07191944102945, 21.92538166003561], [88.0818599461796, 21.931724548748974]], [[88.16277766225934, 21.937222242012894], [88.1597222093126, 21.92861115967736], [88.16527771909156, 21.916111112038237], [88.16972208050973, 21.921388745694117], [88.17138874549434, 21.932222247059087], [88.16277766225934, 21.937222242012894]], [[88.13620471927251, 21.895444035813625], [88.13769400107734, 21.895489573884817], [88.13834917517434, 21.898116230979326], [88.13620471927251, 21.895444035813625]], [[87.98888874082277, 22.218611121506143], [87.99277782483685, 22.212222218080996], [87.9966665509206, 22.21277773380544], [87.99388885538647, 22.21555554894948], [87.98888874082277, 22.218611121506143]], [[88.39093196373918, 22.87436723725827], [88.38536143258418, 22.87070941930432], [88.38544976669354, 22.870288252401025], [88.38806617241599, 22.870453238426308], [88.39093196373918, 22.87436723725827]], [[88.40775322952808, 22.949496269137597], [88.40703475485012, 22.944940209223375], [88.40904653107262, 22.937435864973253], [88.40976500485121, 22.9402500388083], [88.40775322952808, 22.949496269137597]], [[88.45396316077134, 23.041103720960052], [88.45152974100486, 23.03915035750302], [88.45246005099071, 23.03332817535508], [88.45413064960988, 23.036780118707554], [88.45396316077134, 23.041103720960052]], [[88.49962317906662, 23.130331754606857], [88.50056183296223, 23.127262115754064], [88.50429224958779, 23.12651085808963], [88.50352013124908, 23.129276752720045], [88.49962317906662, 23.130331754606857]], [[88.43751633131373, 23.216625571113212], [88.44274067833973, 23.217875718689527], [88.44639325144752, 23.221179843175264], [88.44201314479093, 23.22081565821611], [88.43751633131373, 23.216625571113212]], [[88.35224044304212, 23.307756543229942], [88.34941864025816, 23.301287055153495], [88.35041284527674, 23.295897245461617], [88.35504364964478, 23.30082774170694], [88.35224044304212, 23.307756543229942]], [[88.37123405900465, 23.46009027914309], [88.369474053385, 23.458755374061326], [88.37245964969324, 23.454817176271774], [88.37123405900465, 23.46009027914309]], [[88.33722221813096, 23.35527765723816], [88.33666670330584, 23.353888749666083], [88.33888876440503, 23.354444503710937], [88.33722221813096, 23.35527765723816]], [[87.93611097344277, 22.406388759833504], [87.93277764347354, 22.408888936275474], [87.93805551544975, 22.396666646048914], [87.93611097344277, 22.406388759833504]], [[87.92481625116912, 22.42683923254458], [87.91921210245667, 22.429117322306666], [87.92567837275871, 22.42482924417436], [87.92481625116912, 22.42683923254458]], [[87.91833317253796, 22.42999994753967], [87.91111111648493, 22.433055520096246], [87.90805554392827, 22.431666612524253], [87.91416656943179, 22.42861115957743], [87.91833317253796, 22.42999994753967]], [[87.89457094639218, 22.497001051557362], [87.88809132565424, 22.497431754871627], [87.88700675945447, 22.491210937434914], [87.90054094830614, 22.483242154501824], [87.90147173403332, 22.48753595322168], [87.89457094639218, 22.497001051557362]], [[88.02923333684916, 22.062500000075033], [88.02792871014194, 22.059528946703608], [88.03101134329896, 22.05899703458553], [88.03153824799179, 22.06022167199265], [88.02923333684916, 22.062500000075033]], [[87.30513703824383, 21.58677446846704], [87.30382573586914, 21.574675917759436], [87.3081691268039, 21.571738004405432], [87.31715130808655, 21.57378077486294], [87.30513703824383, 21.58677446846704]], [[87.30119526385036, 21.578960061357805], [87.3046325446563, 21.59852802754645], [87.29961991332843, 21.590458750770807], [87.30119526385036, 21.578960061357805]], [[87.30674600632315, 21.59846067462047], [87.31655597667705, 21.602629780539985], [87.31899070765505, 21.605453968326003], [87.3108333350904, 21.604444503611006], [87.30674600632315, 21.59846067462047]], [[87.17549026036724, 21.756363272547105], [87.17060315641069, 21.755176544262213], [87.17775785953765, 21.751573920400233], [87.17549026036724, 21.756363272547105]], [[87.17694437508291, 21.793055534685266], [87.16888892628307, 21.791111111388744], [87.16583335372641, 21.78694426996219], [87.1744444369613, 21.78944444640416], [87.17694437508291, 21.793055534685266]], [[87.21375703845663, 21.812050938500136], [87.2114377021883, 21.80662441218695], [87.21075880487504, 21.798998355489772], [87.21596670150214, 21.807125568390404], [87.21375703845663, 21.812050938500136]], [[87.21477544333217, 21.99168813220163], [87.21464622064664, 21.987930655875118], [87.21792077992015, 21.98281896152588], [87.21880352476288, 21.98842072523638], [87.21477544333217, 21.99168813220163]], [[87.20908761000535, 22.006106615428024], [87.20668065548787, 21.999609232180404], [87.2119381425313, 21.993395924981996], [87.20908761000535, 22.006106615428024]], [[87.12361097326792, 21.51444435162557], [87.12243890752964, 21.520824551412034], [87.11888015259697, 21.517222047159777], [87.12361097326792, 21.51444435162557]], [[86.71685516793181, 20.68446910406601], [86.70513117316526, 20.682672620145382], [86.730389953034, 20.676408052489734], [86.7401542666062, 20.671429514460613], [86.73651313737153, 20.67799973470011], [86.71685516793181, 20.68446910406601]], [[86.7259746792881, 20.676546573265824], [86.72454071028565, 20.675686002107398], [86.7298895117917, 20.6749440434329], [86.7259746792881, 20.676546573265824]], [[86.66453397286469, 20.70009720332331], [86.6554498669179, 20.70038175601323], [86.65129566186542, 20.697492837724383], [86.66453397286469, 20.70009720332331]], [[86.59630465483602, 20.716446280071807], [86.5776997807204, 20.699934721010635], [86.58375144017688, 20.691377044015496], [86.58852064571127, 20.692631006515825], [86.59526431549583, 20.702098012313513], [86.60559141671055, 20.697632551001504], [86.60559344288319, 20.709996819897356], [86.59630465483602, 20.716446280071807]], [[85.8960138559548, 20.84465575246105], [85.89181947728721, 20.841898440960335], [85.90027737630001, 20.8408385512582], [85.8994275331543, 20.842686057315746], [85.8960138559548, 20.84465575246105]], [[85.70180141910035, 20.834054470437536], [85.70354235189811, 20.834967732874674], [85.70160210145585, 20.835205316672102], [85.70180141910035, 20.834054470437536]], [[85.68476462358868, 20.823547601940334], [85.68314981441253, 20.82513844957981], [85.68283414877695, 20.82352244880201], [85.68476462358868, 20.823547601940334]], [[85.68508994614425, 20.824820041911494], [85.6860040422529, 20.824912547975828], [85.68586742893885, 20.825302719744855], [85.68508994614425, 20.824820041911494]], [[85.61771512075623, 20.790542244529007], [85.62135744069346, 20.79592740562535], [85.62097454084252, 20.80357384725528], [85.61517655855144, 20.79890322720226], [85.61771512075623, 20.790542244529007]], [[85.43686532977122, 20.779849409722544], [85.42968749967847, 20.783203124624606], [85.42598724361645, 20.78766465230194], [85.42692434798042, 20.78323960292542], [85.43686532977122, 20.779849409722544]], [[85.29459345352515, 20.86913132624983], [85.2874715324854, 20.85637915097709], [85.2885210512056, 20.85203182730706], [85.29425883287885, 20.84961044766405], [85.29459345352515, 20.86913132624983]], [[85.19299614445654, 21.03581941113697], [85.19109141813456, 21.03553700422941], [85.19326806077251, 21.03498554264874], [85.19299614445654, 21.03581941113697]], [[85.15021216885665, 21.138867020896384], [85.14690387241583, 21.13663446920549], [85.14550054061752, 21.12883424800225], [85.14943885801691, 21.12915694723543], [85.15021216885665, 21.138867020896384]], [[85.15525543648923, 21.147987127603926], [85.15330755709809, 21.14966821681486], [85.15418124217067, 21.147731542976402], [85.15525543648923, 21.147987127603926]], [[85.14553773387942, 21.16517853725975], [85.1459995510385, 21.158412456369888], [85.14896035213863, 21.156676411387366], [85.14809870718969, 21.162565111890473], [85.14553773387942, 21.16517853725975]], [[85.1096930503941, 21.072499513541715], [85.1136027576612, 21.070549368758464], [85.1136027576612, 21.071100831238397], [85.1096930503941, 21.072499513541715]], [[86.67053186905062, 20.618827343307316], [86.66084933263076, 20.607007264973333], [86.66423606883964, 20.60589480360241], [86.66944444210745, 20.608055472482135], [86.67053186905062, 20.618827343307316]], [[86.56710374354302, 20.618067145482456], [86.5666667224913, 20.616944431840125], [86.56833326786617, 20.61611115960244], [86.56710374354302, 20.618067145482456]], [[86.44003605851745, 20.607591747860937], [86.43753802785787, 20.608064055611806], [86.44053590260998, 20.60610735387135], [86.44003605851745, 20.607591747860937]], [[86.28514373339661, 20.65136122663938], [86.28400146939234, 20.648122549416172], [86.28764176405625, 20.64555847614284], [86.28514373339661, 20.65136122663938]], [[86.60388875006586, 20.340000033374906], [86.59361112145612, 20.340833306511968], [86.59031236142644, 20.33825540526277], [86.59805560068557, 20.33638894599315], [86.60388875006586, 20.340000033374906]], [[86.59380543257478, 20.382954359456164], [86.59242141281803, 20.380739450665118], [86.59299170979958, 20.377058148714667], [86.5943901537826, 20.3787995572539], [86.59380543257478, 20.382954359456164]], [[86.59573805316873, 20.380911111458715], [86.59970712648285, 20.3842985626286], [86.59758150598182, 20.387669443789804], [86.59573805316873, 20.380911111458715]], [[86.59739577799283, 20.394710421348947], [86.59411251508052, 20.397948980760958], [86.59703886495183, 20.393428444966816], [86.59739577799283, 20.394710421348947]], [[86.56814634827552, 20.409889459431042], [86.52837741368685, 20.412475227949443], [86.51399433587002, 20.415736556397036], [86.50149154619797, 20.404854774028678], [86.49482130965586, 20.391833662793402], [86.50461733332341, 20.39062500004377], [86.51427364371378, 20.400600433063573], [86.52656936628333, 20.391489744056514], [86.56340634822456, 20.39388895001514], [86.57247173748081, 20.406039714461286], [86.56814634827552, 20.409889459431042]], [[86.41324234006206, 20.454170942035404], [86.40317594961053, 20.45219814782635], [86.36886274771771, 20.465853452874654], [86.35341012507732, 20.46223533189513], [86.34518182298288, 20.469319105492417], [86.31697654752972, 20.4691685436934], [86.30717372858484, 20.465942144014775], [86.33381426371741, 20.454318523481135], [86.33892500388592, 20.45544934271308], [86.34153342272933, 20.463374614646824], [86.34506964694677, 20.46317851567605], [86.35215520839623, 20.456419229164226], [86.36077725886352, 20.462423443986808], [86.37461173494373, 20.455885172163022], [86.38326442261516, 20.455949426025256], [86.38295185604349, 20.44905805608451], [86.38699293177851, 20.443984627888284], [86.39875686183981, 20.451388001655033], [86.4110598563274, 20.44871425605811], [86.41613936394063, 20.45214164252289], [86.41324234006206, 20.454170942035404]], [[86.05922472474137, 20.456547856498418], [86.06678855374886, 20.458777069905892], [86.06703054872091, 20.463056921939483], [86.06139493003215, 20.462987423231084], [86.05922472474137, 20.456547856498418]], [[85.9955904486404, 20.453746676068334], [85.99333500830411, 20.452937126147532], [85.9956047532568, 20.452923655202653], [85.9955904486404, 20.453746676068334]], [[85.94620001282036, 20.473984718120306], [85.93066346634592, 20.482306122529593], [85.93581390348893, 20.475952029162812], [85.94620001282036, 20.473984718120306]], [[86.48994374300938, 20.170179009054095], [86.49586677513159, 20.161608576974345], [86.50782191724775, 20.172960042871722], [86.4985653159367, 20.17666983624406], [86.48994374300938, 20.170179009054095]], [[86.4892562625665, 20.146568179278177], [86.49468910661713, 20.148675918558865], [86.49036002119803, 20.14969337015296], [86.4892562625665, 20.146568179278177]], [[86.32101452330167, 19.988082408776236], [86.31967425376385, 19.993167042525045], [86.31837415694193, 19.994804859057126], [86.32101452330167, 19.988082408776236]], [[86.32108104255613, 19.99340164686855], [86.32076084613627, 20.00071680523648], [86.31884765629442, 20.002326964917543], [86.31573784382655, 19.9989323614394], [86.32108104255613, 19.99340164686855]], [[86.33145880707835, 19.99052667616526], [86.33509707467036, 19.988430500367343], [86.33689534644319, 19.99928522123598], [86.329313754926, 20.010442257304334], [86.32640945912934, 20.003455043015933], [86.33145880707835, 19.99052667616526]], [[86.31573891671766, 20.0084635014895], [86.31448554956856, 20.015384077813053], [86.30988740947649, 20.015999079194245], [86.3128726478545, 20.008198142130652], [86.31573891671766, 20.0084635014895]], [[86.3213896754933, 20.010130762724515], [86.32513451544568, 20.01662015909315], [86.31573915503813, 20.031132221275044], [86.30130326723216, 20.02680385081709], [86.31607353646464, 20.021334529365078], [86.3213896754933, 20.010130762724515]], [[86.27083325425136, 20.027222156077727], [86.2686109539325, 20.024722218855345], [86.26472222784858, 20.022222161123835], [86.26777780040524, 20.02083325355187], [86.27250003794651, 20.024444341832975], [86.27083325425136, 20.027222156077727]], [[86.252451420097, 20.02542054692077], [86.25389504422097, 20.02246654019868], [86.25768184654007, 20.021392941231284], [86.25520706155672, 20.024802446475803], [86.252451420097, 20.02542054692077]], [[86.27954363792864, 20.02685904490906], [86.29768443129157, 20.02932763086551], [86.30775582826888, 20.0342619420351], [86.27360534700918, 20.05505228023867], [86.270888924984, 20.05194473226362], [86.26725077610249, 20.053092717754822], [86.26891577284474, 20.058253407169047], [86.25582540032198, 20.050650357827806], [86.24469101457876, 20.034114956839886], [86.24485075485856, 20.02959287151387], [86.24743366263343, 20.029017210076262], [86.26677286647461, 20.035366773557826], [86.27954363792864, 20.02685904490906]], [[86.26777780040524, 20.03083324435886], [86.26333332027653, 20.033611059502874], [86.2625000480389, 20.032222151930824], [86.26777780040524, 20.03083324435886]], [[86.2546031479171, 20.052404045710205], [86.26257634202463, 20.05869865431947], [86.25042974953342, 20.051580309883434], [86.2546031479171, 20.052404045710205]], [[86.2997220756134, 20.043888926432857], [86.29694438007917, 20.04972207581318], [86.2916666268134, 20.05027782895874], [86.2916666268134, 20.04722225640205], [86.2997220756134, 20.043888926432857]], [[86.29857540133386, 20.041182040818626], [86.30354595158454, 20.039062499734655], [86.29992234743847, 20.042364955078682], [86.29857540133386, 20.041182040818626]], [[86.31334054443064, 20.038225412572842], [86.30987775345571, 20.04056787490751], [86.30874204640847, 20.039062499734655], [86.31334054443064, 20.038225412572842]], [[86.3243048189124, 20.02233624462204], [86.32657206015247, 20.02441585041123], [86.32012402990009, 20.029546022231216], [86.32117235701881, 20.02423441398713], [86.3243048189124, 20.02233624462204]], [[86.14706504331716, 20.2148437503389], [86.14165151130837, 20.218647122666653], [86.12331485729496, 20.218113541406836], [86.12160742244473, 20.183527231596486], [86.13281250029681, 20.173828125167915], [86.14647114272915, 20.177594900484365], [86.14329230819348, 20.196843743144257], [86.14706504331716, 20.2148437503389]], [[86.1198245290789, 20.184319853578415], [86.11809861675792, 20.222897410387276], [86.10085725785629, 20.232419371956524], [86.06950056549877, 20.24348497395249], [86.06194353086934, 20.2641048429642], [86.04133033752518, 20.276315450997345], [86.0322721005771, 20.28889620289749], [86.02981305103154, 20.288195967370058], [86.02530837028516, 20.27510440324565], [86.01421534975864, 20.254214048739414], [86.02281260501783, 20.247084379140887], [86.02877664532602, 20.223597049664164], [86.03643655790083, 20.21663534644415], [86.03835046270373, 20.206784367904305], [86.05359101261516, 20.205688834472255], [86.05964744117657, 20.197303176200677], [86.06799137630108, 20.192830800900794], [86.12663626675041, 20.17033851191283], [86.1290917396922, 20.172456740885963], [86.1198245290789, 20.184319853578415]], [[84.76296114963745, 19.102163553605195], [84.76542842348303, 19.104216813755016], [84.764630079115, 19.1073191168838], [84.76130843133913, 19.105512857332542], [84.76296114963745, 19.102163553605195]], [[84.76797294639451, 19.105615258637314], [84.76708543334613, 19.10166597400554], [84.76990854734166, 19.10548913501563], [84.76797294639451, 19.105615258637314]], [[83.2702175376094, 17.709669947510122], [83.26865315431965, 17.70872211423425], [83.26992976624578, 17.70824897281186], [83.2702175376094, 17.709669947510122]], [[82.19709694386901, 16.724373459367712], [82.19292557255719, 16.72616231433942], [82.19681346407017, 16.723446250244365], [82.19709694386901, 16.724373459367712]], [[81.7546780110815, 17.01232910120713], [81.75256872136944, 17.009196162672836], [81.76087105295679, 17.0027159456844], [81.7581783532485, 17.010526657479346], [81.7546780110815, 17.01232910120713]], [[81.75014984633847, 17.021277427511322], [81.74825692181949, 17.0177232024639], [81.75090634794961, 17.01341784026124], [81.7539849278622, 17.01869904962146], [81.75014984633847, 17.021277427511322]], [[81.74133574924551, 17.02141273051319], [81.7464953657686, 17.018749117577826], [81.74634170490592, 17.026118636366107], [81.73533475399572, 17.029479503576326], [81.73430073239305, 17.020457744929075], [81.73725366622384, 17.022835850993772], [81.73693943051032, 17.019162654632908], [81.74182057376052, 17.017898559471035], [81.74133574924551, 17.02141273051319]], [[81.74774467967339, 17.027131318855353], [81.74936556826648, 17.03386914754313], [81.74093556442492, 17.03359222380213], [81.74068772835611, 17.03244042428628], [81.74774467967339, 17.027131318855353]], [[81.75480532630482, 17.02985894643328], [81.76465702070507, 17.02964663538401], [81.76345205326973, 17.034019708442884], [81.75130355331643, 17.039642453336654], [81.74018144601703, 17.061497211127516], [81.73528242154666, 17.06109523755522], [81.74072444407787, 17.036816358987892], [81.74889075770247, 17.036505341948043], [81.75480532630482, 17.02985894643328]], [[81.7246667143975, 17.075419902606512], [81.72052741021187, 17.070695638892687], [81.72060286962679, 17.065102219991473], [81.72614026076448, 17.068205356791893], [81.7246667143975, 17.075419902606512]], [[81.7126088139457, 17.071398020202594], [81.70776784431061, 17.082095741925016], [81.70761406383807, 17.077236175209407], [81.7126088139457, 17.071398020202594]], [[81.71354103049421, 17.079354524691638], [81.71484994876627, 17.0816980599176], [81.70907974203661, 17.085930347707432], [81.70928454374686, 17.083379030418], [81.71354103049421, 17.079354524691638]], [[81.72778105764976, 17.07649421653491], [81.73312485262997, 17.083699465158247], [81.73401987591669, 17.096570253814264], [81.73150002950283, 17.107849955611044], [81.72376430048209, 17.113327979802463], [81.71603047892356, 17.09756231305036], [81.72778105764976, 17.07649421653491]], [[81.71620285467813, 17.092325449260102], [81.7122248412035, 17.091043829908926], [81.71218490590869, 17.086903214511793], [81.71587705638106, 17.088298559431053], [81.71620285467813, 17.092325449260102]], [[81.6579810376949, 17.250857949434874], [81.64163935157498, 17.22442865335975], [81.64382922683743, 17.207719326186023], [81.6580929754106, 17.188025831726833], [81.66092240804281, 17.190199375301034], [81.65881860239668, 17.20099675629531], [81.6654088496388, 17.225580930415646], [81.6579810376949, 17.250857949434874]], [[81.66409933601571, 17.309917211510196], [81.65783286089791, 17.305571556082512], [81.66061484799687, 17.282359838236033], [81.67443454282002, 17.289650201395773], [81.67790305618118, 17.296258569077736], [81.67655468015451, 17.302996278155774], [81.66409933601571, 17.309917211510196]], [[81.28526937957835, 17.53427934621496], [81.28435492553953, 17.53049707378095], [81.29099822019171, 17.52520394300761], [81.29125237489725, 17.525523901107192], [81.28526937957835, 17.53427934621496]], [[81.54140067080439, 16.355044245895257], [81.53380882701586, 16.352370143267564], [81.53405332570051, 16.35585951820225], [81.53345108030325, 16.351867914172985], [81.52542436124534, 16.350754857450738], [81.52097785494416, 16.35429155830886], [81.51348674331868, 16.350449323577507], [81.546433329135, 16.348961472593942], [81.54140067080439, 16.355044245895257]], [[81.50642645371798, 16.35315167930665], [81.51910257332517, 16.358185768458497], [81.52846813199878, 16.354134202131803], [81.5408715007193, 16.35873675339849], [81.55526339998605, 16.351913810174295], [81.5522911550128, 16.36980044883171], [81.54572904126238, 16.37977683513286], [81.52291345589143, 16.38190460231567], [81.51213943928374, 16.37054884395411], [81.49473082986404, 16.370455145388675], [81.48673665547224, 16.37593603122292], [81.48393237597841, 16.386779904469023], [81.47773575749935, 16.39121127158299], [81.49179005666585, 16.352101922265987], [81.50642645371798, 16.35315167930665]], [[80.89618754392009, 15.889895439423057], [80.89363873034327, 15.8842352629471], [80.8941111568046, 15.882749438136088], [80.89645755277385, 15.885439753741764], [80.89618754392009, 15.889895439423057]], [[80.90248644319487, 15.911982417454652], [80.89972794099177, 15.906067013382028], [80.9006031755961, 15.901382446642614], [80.903520703118, 15.904708743014112], [80.90248644319487, 15.911982417454652]], [[80.90506267530233, 15.911667347170393], [80.90952610954233, 15.92648696939817], [80.90866720662635, 15.933268069865619], [80.90324735598071, 15.922269344154984], [80.90506267530233, 15.911667347170393]], [[80.90925443154694, 15.918995618553083], [80.91214156108433, 15.92332601518352], [80.91179025171883, 15.92660534356179], [80.90906703441615, 15.921078443915135], [80.90925443154694, 15.918995618553083]], [[80.90229165543562, 15.935664058049923], [80.89566576446347, 15.922160863433149], [80.89955854379187, 15.913269758292756], [80.9016941782439, 15.917637944435597], [80.90229165543562, 15.935664058049923]], [[80.90361535586399, 15.935496329991722], [80.90662527073962, 15.935382127783058], [80.90802085397937, 15.939330458234096], [80.90361535586399, 15.935496329991722]], [[80.90315866484067, 15.945724010254963], [80.90441155444981, 15.964712023441194], [80.90621876728235, 15.960759878065971], [80.90800082697675, 15.965170740637248], [80.88939702485291, 15.989955306192499], [80.89645850695459, 15.966671705534864], [80.89626765283006, 15.951077937896557], [80.90315866484067, 15.945724010254963]], [[80.89634954959214, 15.98402261715016], [80.89853405949927, 15.995117068498004], [80.89075875311411, 16.005116224734067], [80.8891434672972, 16.01292204871362], [80.89343810058804, 15.986666441403202], [80.89634954959214, 15.98402261715016]], [[80.90002191048282, 15.981800079410178], [80.9070091247714, 15.977709650679955], [80.90925633900886, 15.982283473103877], [80.90805304071532, 15.987907647919698], [80.9016335009853, 15.993623853058438], [80.89878213388843, 15.988489508384134], [80.90002191048282, 15.981800079410178]], [[80.8864957094095, 16.04515147196294], [80.88292050317878, 16.022181868698354], [80.88685691401545, 16.01342153577528], [80.89127814756856, 16.019980430852215], [80.89474892632197, 16.0373426676301], [80.8864957094095, 16.04515147196294]], [[80.8933087582927, 16.04290366147488], [80.89145386250576, 16.045479774871794], [80.89002764206205, 16.045050144448737], [80.89077425023154, 16.043943643784218], [80.8933087582927, 16.04290366147488]], [[80.88630175622123, 16.088085413111457], [80.88210594673214, 16.083346128021475], [80.8843721150811, 16.07017993905299], [80.89098775378196, 16.05832195249613], [80.88788831229593, 16.048841357043088], [80.8938908579768, 16.047510504306445], [80.89691674750995, 16.061013221383163], [80.88746535754026, 16.07352244840237], [80.88630175622123, 16.088085413111457]], [[80.88116335830242, 16.084622740846882], [80.8863172533386, 16.09582495705621], [80.88001728027334, 16.107840538110423], [80.88139963178773, 16.115712403804466], [80.87651312318215, 16.114137053282434], [80.87044060215223, 16.118674159085217], [80.86895513527136, 16.13016176255539], [80.86412513286862, 16.1337175371347], [80.86219823376157, 16.12435174014074], [80.870098352557, 16.114539742715067], [80.86958253380689, 16.106142401350766], [80.8742717500414, 16.10316085828704], [80.87664461125993, 16.080537914892872], [80.88082826101552, 16.078840136962796], [80.88116335830242, 16.084622740846882]], [[80.68106687043976, 16.440756201937262], [80.6828353404787, 16.43799293062932], [80.68400096886975, 16.437870025681235], [80.68355441050775, 16.439701676691115], [80.68106687043976, 16.440756201937262]], [[80.5938819642814, 16.50753486134488], [80.59849333789734, 16.5077166556992], [80.58444452279664, 16.513342261336348], [80.58891785137789, 16.508412361341456], [80.59804844867702, 16.50648176692006], [80.5938819642814, 16.50753486134488]], [[80.571121812222, 16.515398025198778], [80.56633245917575, 16.51431334028854], [80.57005965712764, 16.50944542876354], [80.57925963442469, 16.511168718661523], [80.571121812222, 16.515398025198778]], [[80.58060872541247, 16.514832734742996], [80.59311807114207, 16.51370465754397], [80.58390104809504, 16.52249193235683], [80.56656610933854, 16.530964135986153], [80.56368410593674, 16.520823359910224], [80.56705951698322, 16.518167257213236], [80.5709147451195, 16.520468830971836], [80.58060872541247, 16.514832734742996]], [[80.5557476284504, 16.5394486189587], [80.53902804810602, 16.54339754566024], [80.54986965685927, 16.533228636092772], [80.56085944151002, 16.51738882023791], [80.5557476284504, 16.5394486189587]], [[80.54351365603051, 16.536152600961856], [80.5488921405599, 16.52725434261383], [80.55721926645609, 16.520557880042176], [80.54989826699156, 16.532263040307143], [80.54351365603051, 16.536152600961856]], [[80.5632524493412, 16.53061044251794], [80.56267952903713, 16.536093831165445], [80.55701160400238, 16.538357735021563], [80.55902671850836, 16.532584547938583], [80.5632524493412, 16.53061044251794]], [[80.5421160457191, 16.549943327722488], [80.54729354346236, 16.54630172274635], [80.5499116183266, 16.546309471305122], [80.54998552820965, 16.5466911795543], [80.5421160457191, 16.549943327722488]], [[80.53802394874637, 16.557306527874047], [80.53709065930659, 16.55529415630032], [80.53946256634438, 16.55427134025024], [80.53941071053603, 16.554591417060266], [80.53802394874637, 16.557306527874047]], [[80.53001105766432, 16.562946557737547], [80.52746415154942, 16.561543225939218], [80.53037500340375, 16.562062621292966], [80.53001105766432, 16.562946557737547]], [[80.52601981156519, 16.567198752920177], [80.52139842489746, 16.570669055032965], [80.51938104589865, 16.568385124174213], [80.52082240552969, 16.56488537825767], [80.52601981156519, 16.567198752920177]], [[80.50067615548025, 16.57139325119769], [80.5199735165647, 16.57112014328007], [80.50230646177394, 16.579726457410132], [80.49757087199825, 16.574705242952675], [80.48552465463925, 16.571826934865243], [80.48556172829123, 16.56868255155854], [80.47947371014376, 16.571086525722706], [80.47078645253285, 16.568789243528897], [80.48489284492902, 16.56423366025527], [80.48815047716286, 16.565087676255317], [80.48729062096541, 16.567725777222947], [80.50007915492913, 16.568675041320148], [80.50067615548025, 16.57139325119769]], [[80.45413804093798, 16.575662612639576], [80.45587873451612, 16.573709249182627], [80.45745897285346, 16.57412755534247], [80.45683705838368, 16.57485604307199], [80.45413804093798, 16.575662612639576]], [[80.41713952996534, 16.58459341565367], [80.39952957672861, 16.58216095006783], [80.38790965061, 16.585966944818736], [80.36437654474182, 16.582711458367214], [80.37171673753753, 16.575387954290704], [80.38222503685606, 16.575955510138712], [80.39982724153404, 16.565336346894952], [80.40507984166143, 16.567512631602682], [80.41084504096594, 16.57894122605677], [80.41861450715388, 16.582492947391685], [80.41713952996534, 16.58459341565367]], [[80.41274654861436, 16.58887994245545], [80.40869820096125, 16.58764636488789], [80.41318547712817, 16.58858132346937], [80.41274654861436, 16.58887994245545]], [[80.14458644370947, 16.690811515139416], [80.14347684398123, 16.693014740837654], [80.14422333254092, 16.690271377821873], [80.14458644370947, 16.690811515139416]], [[80.78243792087343, 15.83766460373856], [80.7894989254352, 15.824400424639919], [80.79136180900039, 15.8238313201594], [80.79365444169926, 15.82619655152972], [80.79126524969158, 15.830836057737997], [80.78243792087343, 15.83766460373856]], [[80.79059791586124, 15.841462612509588], [80.78620457658005, 15.842460632452287], [80.78885853259536, 15.837673664408186], [80.79059791586124, 15.841462612509588]], [[80.78000795810092, 15.843545913613127], [80.77569854265377, 15.858024119917289], [80.77310526389695, 15.861657738913564], [80.77220475654437, 15.856019258581938], [80.78000795810092, 15.843545913613127]], [[80.7875305415013, 15.844881057914563], [80.78805255927821, 15.8544449809512], [80.78584754482844, 15.856565951957222], [80.78402614608993, 15.852841019397573], [80.7875305415013, 15.844881057914563]], [[80.06013870243922, 15.19957053625133], [80.05939674376478, 15.199079155678561], [80.06249964224472, 15.197150945359951], [80.06013870243922, 15.19957053625133]], [[80.1880694623359, 14.590725063910668], [80.19016504278258, 14.591171502662775], [80.18843793885995, 14.59272754204251], [80.1880694623359, 14.590725063910668]], [[80.18773675005107, 14.576861619768039], [80.19072520710276, 14.579440950939187], [80.19106173521098, 14.581491947495422], [80.18567001805698, 14.579345345811191], [80.18773675005107, 14.576861619768039]], [[80.10187947705637, 14.25504660631593], [80.10200345489565, 14.243633747299683], [80.10809040105121, 14.241785406671212], [80.10368800199976, 14.249029756018544], [80.10526287588104, 14.253576278622461], [80.10187947705637, 14.25504660631593]], [[80.1020749806759, 14.242011547495053], [80.09669280083213, 14.241441369223878], [80.0932898525447, 14.233341455243988], [80.09714937224587, 14.231648325909646], [80.10040545494789, 14.234235525249389], [80.1020749806759, 14.242011547495053]], [[80.12446165058483, 14.068565010666816], [80.12618577505353, 14.065290213072913], [80.12923038037783, 14.065327525045262], [80.12446165058483, 14.068565010666816]], [[79.8367518186416, 13.87958955721237], [79.84063696902095, 13.880867242928971], [79.83509230596522, 13.880495309411117], [79.8367518186416, 13.87958955721237]], [[80.32153487223658, 13.435195326503163], [80.32507586465951, 13.435603737422639], [80.32251822963272, 13.438372612406155], [80.32153487223658, 13.435195326503163]], [[80.27447652776962, 13.459524273926121], [80.275850772795, 13.4552669526078], [80.28642535214831, 13.448513746412303], [80.28516364108921, 13.452189445586498], [80.27447652776962, 13.459524273926121]], [[80.22443115707225, 13.490050435179555], [80.22786307342213, 13.49232721373005], [80.22722387308332, 13.493887543775216], [80.22443115707225, 13.490050435179555]], [[80.23068261171332, 13.490465045125845], [80.2339128254167, 13.490568756742832], [80.23478603384845, 13.492630720531423], [80.23162114599924, 13.494457960366603], [80.23068261171332, 13.490465045125845]], [[80.26801073590676, 13.509486913290445], [80.26503324518816, 13.519600510954945], [80.2658729556725, 13.499411702288327], [80.26801073590676, 13.509486913290445]], [[80.19397223003452, 13.519992351865596], [80.1881115434131, 13.519849658235259], [80.18869376180774, 13.515398740759338], [80.19692444800498, 13.512879252275724], [80.19397223003452, 13.519992351865596]], [[80.1836056710649, 13.532633066063198], [80.1837785243595, 13.535156249861089], [80.18009984483203, 13.533845425026456], [80.1836056710649, 13.532633066063198]], [[80.1615855693187, 13.60648763179887], [80.1469297406151, 13.610502839434574], [80.14870572089242, 13.61832284932008], [80.1458227633099, 13.61172234980664], [80.13831186300214, 13.60664153098196], [80.12073671802526, 13.605031251690974], [80.12675297297133, 13.588596821186414], [80.13074135742781, 13.589421629904365], [80.13035047069778, 13.594203114782005], [80.12512445453004, 13.601533531947013], [80.15808415426037, 13.591112733066225], [80.15718996554457, 13.589068651397227], [80.13897371276673, 13.591204047528876], [80.12688624890134, 13.584928154710653], [80.12822914086226, 13.578518510221087], [80.13616073143274, 13.573242068166962], [80.14027082923545, 13.565673947594675], [80.13765537769362, 13.553412080003525], [80.14245164382837, 13.544706701952833], [80.15133285552693, 13.551192045076874], [80.15625000043732, 13.559430837763003], [80.16038405887733, 13.580683231446017], [80.16765630249645, 13.590140342902544], [80.16171002379863, 13.596423148809365], [80.1615855693187, 13.60648763179887]], [[80.0550868507776, 13.586432456992327], [80.05307376424295, 13.589311957580875], [80.05231761966249, 13.588555216749896], [80.0550868507776, 13.586432456992327]], [[80.09488582631994, 13.636663913608842], [80.09625995173539, 13.641572475389523], [80.09152686567248, 13.636553048784222], [80.09488582631994, 13.636663913608842]], [[80.10329461065785, 13.63685464902288], [80.10827386364795, 13.647219062210041], [80.10650801693149, 13.652950644856489], [80.10033094881427, 13.639035344005961], [80.10329461065785, 13.63685464902288]], [[79.98536431820881, 12.245007515184767], [79.99085080592008, 12.24889028056208], [79.99165225025124, 12.25053775311494], [79.98751044235317, 12.249971747698098], [79.98536431820881, 12.245007515184767]], [[79.75164830702383, 11.360993862077123], [79.75464594345564, 11.36012983302544], [79.75602972489199, 11.361513018211298], [79.75164830702383, 11.360993862077123]], [[79.83749783056058, 11.233063220890983], [79.84102845200155, 11.233177423099647], [79.84202981022767, 11.234226465179347], [79.83888971848577, 11.236339926846256], [79.83749783056058, 11.233063220890983]], [[79.828019976241, 11.235703945181058], [79.82642686410864, 11.23719882976225], [79.8237313036569, 11.234686255266496], [79.82386863193196, 11.234418153874742], [79.828019976241, 11.235703945181058]], [[79.70304620252037, 10.288225412272979], [79.70658457252014, 10.285300851153394], [79.7079427241774, 10.286401152791015], [79.70681905725374, 10.288170456501405], [79.70304620252037, 10.288225412272979]], [[79.70078670983881, 10.289312124255162], [79.69760513327029, 10.288659930511429], [79.70080411441845, 10.288635254013784], [79.70078670983881, 10.289312124255162]], [[79.69648623455217, 10.290132522697846], [79.69383192060681, 10.291320205163373], [79.69348144491292, 10.290916442839631], [79.69419205232148, 10.289461373943325], [79.69648623455217, 10.290132522697846]], [[79.6905635594608, 10.297799944611853], [79.68877804277255, 10.295071840393234], [79.69125890717285, 10.293305874066903], [79.69292104227239, 10.295506357732322], [79.6905635594608, 10.297799944611853]], [[79.68586111060179, 10.295330047443812], [79.68400681016632, 10.297936558825214], [79.68379175618466, 10.296449542412546], [79.68586111060179, 10.295330047443812]], [[79.60771620314043, 10.302317857982828], [79.60558605185494, 10.30197775327079], [79.60899198049563, 10.301102280346058], [79.60771620314043, 10.302317857982828]], [[79.71056973920221, 10.307435155108337], [79.70497655862138, 10.30643177070975], [79.69888484515954, 10.309110403222604], [79.70389342324293, 10.30351400396819], [79.71056973920221, 10.307435155108337]], [[79.69173920180279, 10.304248332794387], [79.69244360928528, 10.308036327614516], [79.68869841140261, 10.310028910505906], [79.69173920180279, 10.304248332794387]], [[79.67627036528515, 10.309739351290105], [79.66978704923295, 10.306553841086924], [79.68274104586263, 10.3054292199826], [79.68346107007247, 10.307448864373697], [79.67627036528515, 10.309739351290105]], [[79.62196350131464, 10.30542874334192], [79.6237101555993, 10.308657765443613], [79.62099754849814, 10.305870175568245], [79.62196350131464, 10.30542874334192]], [[79.60586833915264, 10.306216836338024], [79.609879851474, 10.309322118920733], [79.60927045376846, 10.310708522780189], [79.60547113378593, 10.309829711572021], [79.60586833915264, 10.306216836338024]], [[79.71449255948406, 10.3105858561524], [79.71641945859128, 10.315091013539458], [79.70269823053903, 10.315600514552216], [79.69566631275026, 10.321187257785752], [79.68884336952598, 10.318453073250794], [79.69768142725619, 10.311948061054252], [79.71156871332553, 10.314256430090268], [79.71449255948406, 10.3105858561524]], [[79.61667454249627, 10.306497454494021], [79.61988425255632, 10.30610454069209], [79.62116706350932, 10.307657122178568], [79.61749064937399, 10.308621763783478], [79.61667454249627, 10.306497454494021]], [[79.62834954219775, 10.306697249678422], [79.63143455945746, 10.308427214344519], [79.6281869411745, 10.307970166290175], [79.62834954219775, 10.306697249678422]], [[79.63151121137346, 10.333215833144266], [79.62817990757682, 10.330032348214374], [79.62793683971339, 10.326035737659254], [79.63310325151397, 10.33050155600202], [79.63151121137346, 10.333215833144266]], [[79.62530553312396, 10.343634605852401], [79.6251139640382, 10.338795900710323], [79.62848782555275, 10.336948632973062], [79.62880134540583, 10.341907024389712], [79.62530553312396, 10.343634605852401]], [[79.6209739448918, 10.299694180342257], [79.62817144405696, 10.297134757463198], [79.62943065140357, 10.298543334107677], [79.6209739448918, 10.299694180342257]], [[78.48778951127699, 9.134747147163196], [78.48506605655339, 9.133270144701427], [78.48471462757814, 9.131134271929184], [78.48670971418207, 9.131087779677358], [78.48778951127699, 9.134747147163196]], [[78.11556744588094, 8.62564992920089], [78.11997044118297, 8.626839756549614], [78.11825323070215, 8.617411851475836], [78.1229827401614, 8.62931692563565], [78.12139773361852, 8.633668065129157], [78.11974096297516, 8.628486632851889], [78.12190353841763, 8.627797245846352], [78.11601531545446, 8.627766013290966], [78.11582362675912, 8.631310343997228], [78.12242376834237, 8.635525703848188], [78.11954057243955, 8.637903570693311], [78.11124086417462, 8.631681323334533], [78.11556744588094, 8.62564992920089]], [[78.12027406669492, 8.617336153740553], [78.11926281412772, 8.61521172484126], [78.1216193436579, 8.617584943990025], [78.12027406669492, 8.617336153740553]], [[78.11050164663382, 8.616405844654068], [78.11753940551918, 8.610117316361126], [78.12066257022158, 8.614073276660477], [78.11536836655696, 8.616397142813938], [78.11050164663382, 8.616405844654068]], [[78.12735831693291, 8.596328258742204], [78.12585246601864, 8.594958424891502], [78.1275963782704, 8.595624327900495], [78.12735831693291, 8.596328258742204]], [[76.56456124790336, 8.94975435757766], [76.56335270386435, 8.950567007461501], [76.56322944188534, 8.9503009322423], [76.56456124790336, 8.94975435757766]], [[76.60587394252852, 8.961851358753279], [76.6080975531597, 8.962017655090776], [76.60724234555781, 8.962975144387428], [76.60587394252852, 8.961851358753279]], [[76.55089437937224, 8.954639077431509], [76.55103015901469, 8.956537246796586], [76.54988718004947, 8.955203652026938], [76.55089437937224, 8.954639077431509]], [[76.54666280744269, 8.95772802832596], [76.54509115223502, 8.961248755425771], [76.54345607773584, 8.960334658417821], [76.543502330768, 8.957151770637822], [76.54666280744269, 8.95772802832596]], [[76.31072330433707, 9.887241840738398], [76.3177309035585, 9.886757850794282], [76.31547820525512, 9.896920919265071], [76.31688606783783, 9.902855157839383], [76.31145715742204, 9.908372164044238], [76.31272661703989, 9.91542971161202], [76.30795776853634, 9.921387552893322], [76.30461347133476, 9.919181228131237], [76.30443382276283, 9.903179407503742], [76.31072330433707, 9.887241840738398]], [[76.2885283231237, 9.847365141288265], [76.28906249973474, 9.844308018300524], [76.29044354003739, 9.846636057308316], [76.2885283231237, 9.847365141288265]], [[76.34948861620674, 9.874356031605615], [76.34838092304128, 9.860821247402697], [76.35301244237033, 9.854408621660639], [76.34908914544778, 9.838705777949357], [76.36081850556971, 9.830667376698145], [76.37184894047633, 9.831042766310688], [76.36625444868392, 9.855315208430198], [76.35680151008174, 9.859899043905841], [76.34948861620674, 9.874356031605615]], [[76.37293434124692, 9.840661406798517], [76.37645161135285, 9.839358449233131], [76.37730455356242, 9.841507553730693], [76.37293434124692, 9.840661406798517]], [[76.3772052522207, 9.83890402360187], [76.37920141261517, 9.837092757524829], [76.37832355468836, 9.839532137098544], [76.3772052522207, 9.83890402360187]], [[76.32473230375294, 9.807268261720964], [76.32914841206966, 9.81734025494886], [76.32843530184786, 9.823061108683234], [76.32374215107941, 9.825639009033054], [76.32473230375294, 9.807268261720964]], [[76.37006366210844, 9.824292063827727], [76.36952352479099, 9.82634484733694], [76.36677432067845, 9.826496600737627], [76.37006366210844, 9.824292063827727]], [[76.37314403077247, 9.821449041540092], [76.37342906010312, 9.824760913685324], [76.37174642046094, 9.825624704416626], [76.37314403077247, 9.821449041540092]], [[76.37285125288318, 9.751145124248112], [76.3717889781789, 9.757926940575928], [76.37121224385007, 9.758222580108068], [76.37063014506523, 9.755578040893965], [76.37285125288318, 9.751145124248112]], [[76.3810764550145, 9.716452241178047], [76.3815083499305, 9.715251445697746], [76.38174605333776, 9.717075943500092], [76.3810764550145, 9.716452241178047]], [[76.3845101592166, 9.613449334918982], [76.38792502891695, 9.618993163403871], [76.38536632099905, 9.620496511504811], [76.38190674779824, 9.617259979164814], [76.3845101592166, 9.613449334918982]], [[76.38331365620039, 9.534954905944176], [76.42572283753898, 9.549726248067941], [76.42594265972602, 9.550430417230032], [76.42295134103168, 9.55566251281482], [76.41596412674309, 9.558085441989633], [76.41410577306308, 9.56297242633643], [76.40800654846359, 9.561171770460902], [76.40396535401803, 9.558995246533513], [76.40428733829006, 9.55332195794206], [76.38226735615368, 9.543203115431496], [76.38331365620039, 9.534954905944176]], [[76.43553745738782, 9.528593301439741], [76.46391594406558, 9.529870032975708], [76.46452355391901, 9.54153144392103], [76.43632304667133, 9.551376343043898], [76.43553745738782, 9.528593301439741]], [[76.4679783580149, 9.529494047112635], [76.47898542853474, 9.529854774178546], [76.47910201574555, 9.536925554370924], [76.46660065689494, 9.541044950264293], [76.4679783580149, 9.529494047112635]], [[76.43458044563116, 9.551339149781995], [76.40602314495229, 9.542270540952785], [76.4065370562403, 9.5278046130925], [76.43415617966409, 9.528599262146258], [76.43458044563116, 9.551339149781995]], [[76.4036076073053, 9.541702628073935], [76.38246405137497, 9.533906102184957], [76.38332200011033, 9.527323723111408], [76.4048830267304, 9.527622818738166], [76.4036076073053, 9.541702628073935]], [[76.37070345869776, 10.1133556362537], [76.37399506551989, 10.114655852685544], [76.37485814129028, 10.117786168796755], [76.37194681189592, 10.117083549166551], [76.37070345869776, 10.1133556362537]], [[76.20357251166214, 10.196205257966326], [76.19818425150206, 10.198853135463864], [76.19394040112863, 10.194293618555733], [76.19851171984001, 10.193947434426647], [76.20357251166214, 10.196205257966326]], [[76.22231221213897, 10.206502914478008], [76.22663474060087, 10.210714459404855], [76.2209643127529, 10.217188954007085], [76.22231221213897, 10.206502914478008]], [[76.22002780463961, 10.222127556741398], [76.22020184953581, 10.219182134048367], [76.22300291035614, 10.22044515631896], [76.22290575479681, 10.220807671237125], [76.22002780463961, 10.222127556741398]], [[76.22913885157678, 10.222829461410626], [76.23103666301174, 10.222114325016179], [76.23135435571899, 10.223935127504248], [76.22913885157678, 10.222829461410626]], [[76.23462212061438, 10.226413011551344], [76.23303484957879, 10.227993130278762], [76.23240637815198, 10.226740240669642], [76.23462212061438, 10.226413011551344]], [[76.23897790870362, 10.227554559695278], [76.24448084861243, 10.22868025279152], [76.24564754989458, 10.23068428045525], [76.2406084533176, 10.230561017577031], [76.23897790870362, 10.227554559695278]], [[76.05095827540416, 10.533674955534849], [76.05106246456123, 10.53549873837612], [76.04962074789924, 10.534037828383148], [76.05095827540416, 10.533674955534849]], [[76.07326424105199, 10.508915543117908], [76.07447731497624, 10.509283543001189], [76.07304561136598, 10.512529253822095], [76.07326424105199, 10.508915543117908]], [[76.04988956425208, 10.539147138629588], [76.04958534248962, 10.536317229356712], [76.050087213654, 10.53615963485936], [76.05152654621318, 10.537822842849977], [76.04988956425208, 10.539147138629588]], [[75.95075774207626, 10.805084347864437], [75.93598926069595, 10.798698067761734], [75.93338894834145, 10.79377663128659], [75.94555544822552, 10.797098040742057], [75.95075774207626, 10.805084347864437]], [[75.93095970142909, 10.79568421835205], [75.92833173312303, 10.796012163330687], [75.92812955383593, 10.795685052922948], [75.93095970142909, 10.79568421835205]], [[75.83814394478733, 11.134114146350854], [75.83031904708642, 11.129513740866557], [75.83096921465759, 11.126749753698263], [75.83621764193063, 11.128171444256779], [75.83814394478733, 11.134114146350854]], [[75.81022477155605, 11.15958404566723], [75.81158375778423, 11.160920501180243], [75.8107551332429, 11.161616921783562], [75.81022477155605, 11.15958404566723]], [[75.87232303617921, 11.213572501969495], [75.86784565435349, 11.209324360031275], [75.86649084097954, 11.206313848905097], [75.87038552777003, 11.208044767751844], [75.87232303617921, 11.213572501969495]], [[75.60358822311801, 11.562680125587349], [75.60414004352825, 11.564255714429777], [75.60158014310915, 11.564283966631862], [75.60358822311801, 11.562680125587349]], [[75.3682521579108, 11.941019058482865], [75.3655556441777, 11.93589889971453], [75.36512315301124, 11.933404445658766], [75.36859834203997, 11.937378168467788], [75.3682521579108, 11.941019058482865]], [[75.36741054086386, 11.94043624383761], [75.36611342439508, 11.940220117864229], [75.36447977981814, 11.936020851381244], [75.36741054086386, 11.94043624383761]], [[75.38845717865601, 11.964768528644726], [75.3799960609696, 11.961949944534354], [75.37748765932818, 11.956758260885053], [75.38171720508504, 11.956792712114037], [75.38845717865601, 11.964768528644726]], [[75.38620412332179, 11.965656757553376], [75.38277685646679, 11.966414451665713], [75.38092684759604, 11.964676737541481], [75.3824237583498, 11.964082240702965], [75.38620412332179, 11.965656757553376]], [[75.42614781866692, 12.014859557023044], [75.42675066031481, 12.016146659540766], [75.42290055741492, 12.016286611138284], [75.42614781866692, 12.014859557023044]], [[75.30155241491215, 11.959636926902704], [75.30087435216976, 11.957967161955068], [75.30236566104648, 11.95649945758396], [75.30155241491215, 11.959636926902704]], [[75.28519856905879, 11.984221815984114], [75.28909552124136, 11.972344517385608], [75.29921495910324, 11.961691856194236], [75.28801417371525, 11.982491135457579], [75.28519856905879, 11.984221815984114]], [[75.2981243134864, 12.01448130576766], [75.28821265678877, 12.01163542273666], [75.29537773089763, 12.01007354226023], [75.2981243134864, 12.01448130576766]], [[75.29786455600455, 12.020763516323257], [75.2972548003689, 12.018566250432144], [75.30000245584873, 12.01994025713718], [75.29786455600455, 12.020763516323257]], [[75.194543242077, 12.11408185998991], [75.19275212261252, 12.115559220381797], [75.19219291247308, 12.113518357386397], [75.194543242077, 12.11408185998991]], [[74.8730138542061, 12.836272954733161], [74.87768065933503, 12.839821219074082], [74.86899697742868, 12.836856960979986], [74.8730138542061, 12.836272954733161]], [[74.90512227996928, 12.855041741982873], [74.90212130525404, 12.856026649810076], [74.90010654957771, 12.85451245318724], [74.90512227996928, 12.855041741982873]], [[74.91514086695756, 12.860718965108262], [74.9071271422039, 12.863141655962679], [74.90143525563266, 12.85677015801646], [74.91169810298507, 12.857154727009117], [74.91514086695756, 12.860718965108262]], [[74.83126461517, 12.859727859153452], [74.82938694944826, 12.861258268754185], [74.83051085469233, 12.857259154486442], [74.83126461517, 12.859727859153452]], [[74.83013033894409, 12.86659991705254], [74.82824861997793, 12.866340875431135], [74.8293035031542, 12.863034844382653], [74.83013033894409, 12.86659991705254]], [[74.82231175898053, 12.875836968001735], [74.82230782534597, 12.87272107611686], [74.82473587975718, 12.872035622745827], [74.8244341608079, 12.873813629195723], [74.82231175898053, 12.875836968001735]], [[74.8408796790541, 12.945531725908538], [74.83648765098442, 12.94345116593864], [74.83604872247074, 12.940265059484943], [74.8383307458673, 12.942522168063647], [74.8408796790541, 12.945531725908538]], [[74.86225843467903, 12.945667624261475], [74.85801792168982, 12.948999643019178], [74.8536071778291, 12.949634551793181], [74.86225843467903, 12.945667624261475]], [[74.72535085705655, 13.285300612233513], [74.72862446304859, 13.286911249454704], [74.72258532035633, 13.289236903460434], [74.72238063825594, 13.288190603413739], [74.72535085705655, 13.285300612233513]], [[74.72807705381305, 13.278617858927134], [74.72757434807781, 13.280834436859891], [74.72827506024592, 13.282998800154516], [74.72517490379889, 13.280014038417193], [74.72807705381305, 13.278617858927134]], [[74.69936406609887, 13.42362773463229], [74.70085930861026, 13.423958540354391], [74.69985735413368, 13.425359606760495], [74.69936406609887, 13.42362773463229]], [[74.70234775584427, 13.419778227982931], [74.70540142093884, 13.417491078450595], [74.70827746363412, 13.417792201149197], [74.70543491798716, 13.421875000031278], [74.70234775584427, 13.419778227982931]], [[74.69916915872986, 13.421655654484937], [74.69948720936733, 13.418333411357935], [74.70054650281887, 13.417421818062508], [74.700906872854, 13.42017507541945], [74.69916915872986, 13.421655654484937]], [[74.72681307826102, 13.411459803926874], [74.72766625879089, 13.411603331228832], [74.72500681870983, 13.412817716364572], [74.72681307826102, 13.411459803926874]], [[74.73003733125793, 13.409567952299255], [74.73247933415396, 13.408135652438489], [74.73287773112244, 13.408614277926617], [74.73003733125793, 13.409567952299255]], [[74.7399994138419, 13.402840017952542], [74.73996782335647, 13.406346202115543], [74.73565280423364, 13.407366276132805], [74.73685455299531, 13.40507161636208], [74.7399994138419, 13.402840017952542]], [[74.67367196049267, 13.621870040769807], [74.67751812975789, 13.619040966067757], [74.67509114733875, 13.62236714372878], [74.67550826099753, 13.6251928810467], [74.67367196049267, 13.621870040769807]], [[74.71440100680113, 13.639373541255978], [74.71659684187082, 13.640370368697646], [74.71288073076116, 13.641273736793607], [74.71440100680113, 13.639373541255978]], [[74.7107938530539, 13.642387509376135], [74.69612884497027, 13.651536226215967], [74.68980860748135, 13.648094653845234], [74.7007553577736, 13.640247941289516], [74.7107938530539, 13.642387509376135]], [[74.71051084989588, 13.641123175893867], [74.71208274342396, 13.639328360215742], [74.71265745158021, 13.639549970254947], [74.71051084989588, 13.641123175893867]], [[74.68793201465078, 13.644143461751455], [74.68195676789057, 13.642766713912792], [74.68807685406367, 13.643731355517701], [74.68793201465078, 13.644143461751455]], [[74.72798144778571, 13.636439561536633], [74.72856831567529, 13.634372353801155], [74.73208832781413, 13.63603031604633], [74.72798144778571, 13.636439561536633]], [[74.67610442607841, 13.663603902298291], [74.67953681906906, 13.671274661596442], [74.67836117762627, 13.676984548997822], [74.67580056224628, 13.673988938738603], [74.67610442607841, 13.663603902298291]], [[74.45155906709729, 14.267887711948433], [74.45622527597587, 14.264626503110705], [74.45849811999241, 14.265483260244295], [74.4580190178635, 14.267954110693779], [74.45155906709729, 14.267887711948433]], [[74.4655053612835, 14.26487743824319], [74.46665954580155, 14.265910148634532], [74.4651169773667, 14.266748070367242], [74.4655053612835, 14.26487743824319]], [[74.4539258479995, 14.264646053472646], [74.44779670205625, 14.2676061396117], [74.44883465729376, 14.264243960290614], [74.44369351824142, 14.263412714225382], [74.44824516788029, 14.26176905659672], [74.4539258479995, 14.264646053472646]], [[74.4753011466307, 14.263980746714168], [74.46826302981512, 14.262251972750448], [74.4709285502125, 14.258522748626007], [74.48275971448939, 14.260249137587664], [74.4753011466307, 14.263980746714168]], [[74.44474375282206, 14.265759826055174], [74.44037973863416, 14.267466545045124], [74.43900334872572, 14.267654180496123], [74.44474375282206, 14.265759826055174]], [[74.47577381141232, 14.256534457299495], [74.4787504675601, 14.257765531154448], [74.47581875323297, 14.256855130360051], [74.47577381141232, 14.256534457299495]], [[74.38341355329291, 14.496724724766324], [74.38488972208305, 14.482963442708794], [74.39624261880195, 14.477427959033179], [74.41125106808246, 14.481413245325086], [74.40284323702585, 14.488791942594105], [74.39411413665815, 14.491358637391244], [74.39824295025201, 14.493238330184838], [74.38620233566931, 14.500038147342636], [74.38327944279214, 14.509558438870911], [74.3794347043482, 14.50364494315967], [74.38341355329291, 14.496724724766324]], [[74.38726627861595, 14.502570032980756], [74.38934922178927, 14.501733779490394], [74.3870524171355, 14.504510163813094], [74.38726627861595, 14.502570032980756]], [[74.38451564278276, 14.48193514349218], [74.38673365153696, 14.477707743517655], [74.39135754101787, 14.47776174510858], [74.38991343935376, 14.479035615900997], [74.38451564278276, 14.48193514349218]], [[74.3727297782568, 14.552157640662656], [74.36390244943865, 14.55185067686729], [74.36401796375819, 14.542988300569675], [74.37482214002986, 14.541635751688688], [74.37820875662894, 14.54539024856119], [74.3727297782568, 14.552157640662656]], [[74.33080804385625, 14.608627557615748], [74.327053070343, 14.609683633293145], [74.32047653236614, 14.604952573402628], [74.32167041295926, 14.604797005977105], [74.33080804385625, 14.608627557615748]], [[74.16014456791757, 14.857111573540365], [74.15728354479981, 14.855641365456734], [74.15487301367878, 14.851973653161608], [74.15857207813903, 14.854257344800686], [74.16014456791757, 14.857111573540365]], [[74.17230796783858, 14.86304855324822], [74.16913282861717, 14.861248254403463], [74.16891872881641, 14.859420657537441], [74.17321467421797, 14.859720468125175], [74.17230796783858, 14.86304855324822]], [[74.22990894324326, 14.867547154577537], [74.22619175924231, 14.867308378279063], [74.23216593221215, 14.865643859076954], [74.2411874534383, 14.869896530900263], [74.23150765905135, 14.87365627261893], [74.22429335155695, 14.87137365297177], [74.22990894324326, 14.867547154577537]], [[74.28801250477332, 14.891862273125483], [74.29257786277824, 14.891805649111461], [74.3000545501774, 14.896366834262025], [74.29358720788346, 14.895714044267777], [74.28801250477332, 14.891862273125483]], [[73.94862770990105, 15.172423720578337], [73.94628083729091, 15.16897428003908], [73.95073604543225, 15.164381146472792], [73.94900512658543, 15.169224261890207], [73.94862770990105, 15.172423720578337]], [[73.86202335389478, 15.40767955816517], [73.86521065195015, 15.403759836946989], [73.86515724660981, 15.408175349013277], [73.86202335389478, 15.40767955816517]], [[73.9780246023536, 15.363259553885428], [73.97984707398328, 15.363089561334192], [73.97813665877979, 15.365283012301276], [73.9780246023536, 15.363259553885428]], [[73.9798562524642, 15.353829026388482], [73.98189806964032, 15.358771562757454], [73.98941874467934, 15.353346705586063], [73.98052644703799, 15.362420201331304], [73.9798562524642, 15.353829026388482]], [[74.00758647903288, 15.315371155854208], [74.01029133757518, 15.310983657669794], [74.00740396971756, 15.317941546865], [74.00758647903288, 15.315371155854208]], [[73.88055717977014, 15.5044826272715], [73.91072845415496, 15.507390856702727], [73.91699576384352, 15.51213717449103], [73.91532313815233, 15.51655805101332], [73.91793835137392, 15.521895050716111], [73.92238461935486, 15.521796822265586], [73.93148231495698, 15.529956817253392], [73.91485714903828, 15.545479774072362], [73.89240694022826, 15.529922127704111], [73.88686883412956, 15.518331408867482], [73.8747649189659, 15.507919668857681], [73.88055717977014, 15.5044826272715]], [[73.91367006282317, 15.546567201914968], [73.90940952283134, 15.548856258009963], [73.9000159502759, 15.544439316021709], [73.8995647433184, 15.538333773684755], [73.91367006282317, 15.546567201914968]], [[73.494348764384, 15.99944686887801], [73.49367654363769, 15.996093750226464], [73.49387836499469, 15.995027541887609], [73.49485182804958, 15.996093750226464], [73.494348764384, 15.99944686887801]], [[73.49920666195797, 16.007160544723448], [73.4964207412244, 16.00743353393051], [73.49523973442635, 16.005729556074186], [73.49920666195797, 16.007160544723448]], [[73.51798224448501, 16.014462948006667], [73.51618945587873, 16.016183018331688], [73.50880074465871, 16.01077294331678], [73.51798224448501, 16.014462948006667]], [[73.46380972843636, 16.138656854830074], [73.46163046337526, 16.13475000830627], [73.46423566354511, 16.129605770190253], [73.46747267252593, 16.134310961082093], [73.46380972843636, 16.138656854830074]], [[73.48068535284679, 16.16177451618107], [73.47841715832524, 16.16118025766285], [73.47726511958965, 16.15850925409893], [73.47939515126538, 16.158942103195585], [73.48068535284679, 16.16177451618107]], [[73.4549318550211, 16.494511008076586], [73.45124173162074, 16.497560859146404], [73.44866764529567, 16.497807741034492], [73.45053863534977, 16.49556505668214], [73.4549318550211, 16.494511008076586]], [[73.3887282608006, 16.618554354000338], [73.39064514595682, 16.621375203502936], [73.38776075845234, 16.627282738507674], [73.37954950300733, 16.63117671033693], [73.38207852880109, 16.621184229768517], [73.3887282608006, 16.618554354000338]], [[73.4471143488482, 17.580748558299376], [73.44116890472125, 17.58345580094455], [73.43879580518231, 17.582306504241856], [73.43991827960505, 17.581405043607887], [73.4471143488482, 17.580748558299376]], [[73.4468379017479, 17.583239913291465], [73.45370841011518, 17.58331346524426], [73.44547283610265, 17.586524963156563], [73.4468379017479, 17.583239913291465]], [[73.44479107894526, 17.585850000377306], [73.44059896477054, 17.58629083635303], [73.44537043569719, 17.583768248805725], [73.44479107894526, 17.585850000377306]], [[73.43651211264395, 17.58385705955577], [73.43770396706444, 17.592497944524567], [73.4361399408057, 17.59411454245226], [73.43651211264395, 17.58385705955577]], [[73.45065283755852, 17.58058464516529], [73.45364093757937, 17.579269647476323], [73.45953333339676, 17.579646944550973], [73.45317327932352, 17.582060813955422], [73.45065283755852, 17.58058464516529]], [[73.03844606863126, 18.051211237508696], [73.03682720621069, 18.050697445830508], [73.03846001621693, 18.04998004404382], [73.03844606863126, 18.051211237508696]], [[73.07869183995652, 18.31035220618938], [73.07592141634038, 18.30734062217202], [73.0766992570652, 18.30469560631724], [73.07932615248009, 18.306239604674133], [73.07869183995652, 18.31035220618938]], [[73.08194625351692, 18.322040200195175], [73.08065795939737, 18.319074749600134], [73.08199012244629, 18.319411754349048], [73.08194625351692, 18.322040200195175]], [[73.04696810279583, 18.48369824917488], [73.05424654454256, 18.484943747256168], [73.05455327001752, 18.485429763372935], [73.05104684843334, 18.48663544666863], [73.04696810279583, 18.48369824917488]], [[73.07728254835095, 18.471968650732734], [73.08020412911733, 18.47135376896128], [73.07733070884521, 18.47313976318962], [73.07728254835095, 18.471968650732734]], [[72.90371751774941, 18.95632815332175], [72.90774321597675, 18.957739353288588], [72.9089034799118, 18.953224301560354], [72.90848314757929, 18.95949816730665], [72.90070605244253, 18.964315056694545], [72.90243065355199, 18.95705103917416], [72.89914131122256, 18.940879940956606], [72.90371751774941, 18.95632815332175]], [[72.92584145072252, 18.958050608648733], [72.93516945820406, 18.952126145705122], [72.94181966774349, 18.969527601917378], [72.9377795461892, 18.97238385682961], [72.92775845548849, 18.967332243488286], [72.9243242737463, 18.963286280837238], [72.92584145072252, 18.958050608648733]], [[73.02586817747456, 18.99975860117854], [73.02646005188993, 18.996223926493144], [73.0282684563243, 18.9927734139619], [73.02826344979852, 18.99800574786707], [73.02586817747456, 18.99975860117854]], [[73.0591913463036, 18.996277451443305], [73.0658942462226, 19.002840041834517], [73.06073296055777, 19.014179945148385], [73.05648624854163, 19.01676654823771], [73.05014061959409, 19.01413083047349], [73.04698562608584, 19.00613403275952], [73.0591913463036, 18.996277451443305]], [[73.06542468050466, 19.02097320534925], [73.06266534373074, 19.021142839970167], [73.06241595723068, 19.020844817234618], [73.06542468050466, 19.02097320534925]], [[72.9988542798013, 19.2554192546949], [72.998434305399, 19.259422302597216], [72.99466133105565, 19.262592554003234], [72.99544823155074, 19.259735465419467], [72.9988542798013, 19.2554192546949]], [[72.8746043443152, 19.523594855818033], [72.87546634629493, 19.5262217521322], [72.8708105083983, 19.524893641428477], [72.8746043443152, 19.523594855818033]], [[72.87385880903688, 19.52682435545971], [72.8680142166829, 19.532716751277107], [72.8501839637191, 19.537426114124003], [72.84509027019996, 19.532922267948436], [72.84330987964736, 19.52558851249991], [72.86623907097638, 19.524146556618376], [72.87385880903688, 19.52682435545971]], [[72.88686835768866, 19.561368942123067], [72.88412845166678, 19.55832397976792], [72.88860523724199, 19.555547356225546], [72.88881135016382, 19.555673837777448], [72.88686835768866, 19.561368942123067]], [[72.89218485374815, 20.739772439346694], [72.89987051481242, 20.744690656248878], [72.89183771633768, 20.74993777231043], [72.88790810077833, 20.74180877245692], [72.89218485374815, 20.739772439346694]], [[72.84497296802815, 20.763169765572314], [72.84727895296137, 20.75365674506284], [72.85746657832007, 20.752336740847937], [72.85354995706493, 20.76112604183345], [72.84497296802815, 20.763169765572314]], [[71.38773775059676, 20.866971850770398], [71.38631737214908, 20.865097880362924], [71.38744163532337, 20.863291740421516], [71.38772344598041, 20.86346161336283], [71.38773775059676, 20.866971850770398]], [[71.50660312213645, 20.904101252670728], [71.52047085784389, 20.90325701230131], [71.5303214784536, 20.90382015697469], [71.52032625675147, 20.90642571417544], [71.51633286486995, 20.913976311457702], [71.50660312213645, 20.904101252670728]], [[72.83858466175289, 20.94715964829922], [72.84531903254734, 20.94443857677902], [72.8446166512376, 20.949290037005653], [72.8388655182292, 20.95371854337614], [72.83858466175289, 20.94715964829922]], [[71.64825105684096, 20.977715730896364], [71.64518094044811, 20.97656953325742], [71.64410805734113, 20.97499573226736], [71.64825606336663, 20.97439241397879], [71.64825105684096, 20.977715730896364]], [[71.68156254257744, 20.991629361705805], [71.6868350509969, 20.99140882455771], [71.68801236158137, 20.994889021011574], [71.68275725864058, 20.996372818750643], [71.6740473507048, 20.992619156448967], [71.67380154170783, 20.984942555154845], [71.68156254257744, 20.991629361705805]], [[71.6954760555756, 20.997077345842968], [71.70353043058495, 20.994985342000007], [71.7052700521713, 20.998261451704764], [71.69869065255168, 20.9994288679479], [71.6954760555756, 20.997077345842968]], [[71.70603990511765, 20.99827504136013], [71.71270215478071, 20.997063159937], [71.71396136302658, 20.998261451704764], [71.70603990511765, 20.99827504136013]], [[72.64722692937934, 21.07613956898598], [72.6456785198479, 21.07161700701937], [72.64843344724594, 21.067631006665664], [72.65787506068554, 21.065717458893715], [72.65439963333651, 21.073767543237636], [72.64722692937934, 21.07613956898598]], [[72.69000875919701, 21.090456008837833], [72.69903063745411, 21.108379244506608], [72.69691574586514, 21.11841964724897], [72.71061432359224, 21.140424013557407], [72.70253145716114, 21.14635336431641], [72.67510700188669, 21.15572154541306], [72.66508758032765, 21.148474812862418], [72.66604435466334, 21.139617801020762], [72.67601215873421, 21.10470461822362], [72.68586564098658, 21.09491252909004], [72.68641424182394, 21.090560316705307], [72.69000875919701, 21.090456008837833]], [[72.68072891220962, 21.095729350928906], [72.67890763308091, 21.09780800343671], [72.68059027182372, 21.095449924374577], [72.68072891220962, 21.095729350928906]], [[72.67624855003069, 21.099637508664216], [72.67321872686287, 21.1041524407826], [72.67168116585324, 21.115019440994473], [72.66957390321315, 21.10490834704268], [72.67453002923756, 21.097254156853978], [72.67624855003069, 21.099637508664216]], [[72.69984304901757, 21.112261056602534], [72.7032371758551, 21.11402940793093], [72.7021838422107, 21.12206780918214], [72.69792354143837, 21.116388678594745], [72.69984304901757, 21.112261056602534]], [[72.75116574750135, 21.158074140409383], [72.74520385297555, 21.15078115482649], [72.74538183240568, 21.149591922829075], [72.75597465001024, 21.15706551116446], [72.75116574750135, 21.158074140409383]], [[72.10312533376722, 21.274125456824464], [72.10235440703028, 21.27078676239927], [72.09958457966476, 21.265588403082404], [72.10265374187671, 21.26953125036698], [72.10312533376722, 21.274125456824464]], [[72.58748865128032, 21.339885711356544], [72.58580124343277, 21.337156057606023], [72.58631765843322, 21.336310744345496], [72.58759534325063, 21.33660388016503], [72.58748865128032, 21.339885711356544]], [[72.58373916183288, 21.364937067092058], [72.57987940291221, 21.36403071864288], [72.5794072147713, 21.360234021982592], [72.5829838518234, 21.362366676081336], [72.58373916183288, 21.364937067092058]], [[72.60047113933169, 21.386969923922862], [72.59369695195281, 21.3801572320707], [72.5896189212763, 21.373089551841474], [72.59202814118592, 21.37179481947544], [72.58767092227535, 21.367234825926545], [72.60007190689308, 21.378245949690864], [72.60047113933169, 21.386969923922862]], [[72.62648391709914, 21.41087114838487], [72.62805497605646, 21.417434811667277], [72.61269116416602, 21.395851016011648], [72.61554384247441, 21.39638471598198], [72.62648391709914, 21.41087114838487]], [[72.63243246118927, 21.413646816847148], [72.63566947017003, 21.413223505060813], [72.63660764652573, 21.417392372659947], [72.63243246118927, 21.413646816847148]], [[72.67641341644608, 21.44531250007185], [72.67138552632113, 21.446149468523288], [72.6638739110522, 21.43986880749958], [72.67272114726322, 21.440201759004083], [72.67641341644608, 21.44531250007185]], [[72.36154353620523, 21.602600335836854], [72.35749495023182, 21.604148268727698], [72.35317504419308, 21.613116979964758], [72.34727179985376, 21.610150456478436], [72.34547400472164, 21.602572560275462], [72.35234427476863, 21.585485458487113], [72.35869133453755, 21.57976293561103], [72.36541092407501, 21.589928507794525], [72.36154353620523, 21.602600335836854]], [[72.60283446323999, 21.620348930358944], [72.60175657270779, 21.626491308027482], [72.61155724497095, 21.635362625384914], [72.59629797926848, 21.630170225875275], [72.59398424667577, 21.63433265702659], [72.5959028009735, 21.637784004128548], [72.59296298015747, 21.63828456408143], [72.58797717110971, 21.630123972843194], [72.59066092975812, 21.62061846257211], [72.59885084608979, 21.617288351276414], [72.60283446323999, 21.620348930358944]], [[72.58394730092729, 21.629062652319647], [72.58132660364001, 21.62672090494584], [72.58227717894871, 21.6259125475261], [72.58419942856082, 21.626098155905254], [72.58394730092729, 21.629062652319647]], [[72.59937417507828, 21.637008547506525], [72.60279095134146, 21.641034841984435], [72.59607875333197, 21.641240715686536], [72.59581041361983, 21.64065134498361], [72.59937417507828, 21.637008547506525]], [[72.61789727204157, 21.63842761474268], [72.62023353534946, 21.639096141074134], [72.61739921580133, 21.639434933675318], [72.61789727204157, 21.63842761474268]], [[72.61729657617619, 21.6385128497883], [72.6145104171222, 21.636395573197262], [72.61459505591714, 21.635436653978473], [72.6152516599362, 21.63555121411727], [72.61729657617619, 21.6385128497883]], [[72.61070454108184, 21.631430864043153], [72.61177873629978, 21.63150036365093], [72.61175763640594, 21.631955862173385], [72.61070454108184, 21.631430864043153]], [[72.60508906810608, 21.622689008590925], [72.60739326518714, 21.619176149659637], [72.60940825918394, 21.628874421517395], [72.60508906810608, 21.622689008590925]], [[72.72310197317765, 21.6432279350212], [72.73573434346523, 21.646989941232818], [72.7366849187741, 21.643761158350884], [72.7438845637217, 21.645583748691138], [72.75093853468567, 21.655345678160614], [72.71766841416613, 21.665403604193102], [72.71055293047337, 21.658123969945336], [72.71642625346888, 21.65072035785829], [72.7156633136112, 21.645903348860486], [72.72310197317765, 21.6432279350212]], [[72.8676742315806, 21.66918635326769], [72.87154364562284, 21.66469395186448], [72.90088713183579, 21.666105627572705], [72.91328847438368, 21.678292631999398], [72.89312350764382, 21.681437253626484], [72.88931930074526, 21.68494451068068], [72.86275422592686, 21.685267806164404], [72.8426017759513, 21.67699003236413], [72.8676742315806, 21.66918635326769]], [[72.85485816037593, 21.669540524275874], [72.856134057341, 21.66565275147343], [72.86282026764135, 21.664312362325745], [72.8621660468257, 21.668085456278845], [72.85485816037593, 21.669540524275874]], [[73.09425747410327, 21.729453921061605], [73.07291114353453, 21.734933019043694], [73.05598580819859, 21.726099849128786], [73.05122005965816, 21.718720555609195], [73.06129705941183, 21.721191049027823], [73.08015000791667, 21.71666061889252], [73.09660756628628, 21.724300861495635], [73.09425747410327, 21.729453921061605]], [[73.0603591204771, 21.719087243381693], [73.0599254368095, 21.717680811620227], [73.06262564675629, 21.71839237231015], [73.0603591204771, 21.719087243381693]], [[73.16590666745887, 21.778852940011234], [73.1630872487776, 21.789490580725754], [73.15146350863412, 21.79832005532637], [73.14121210605393, 21.773856044121203], [73.1415281296195, 21.75495755664599], [73.15961587467294, 21.767050742897595], [73.16590666745887, 21.778852940011234]], [[73.17155790287504, 21.78398323054168], [73.17354786424264, 21.787782072984328], [73.1711033585332, 21.79377317389296], [73.17155790287504, 21.78398323054168]], [[73.1675713062709, 21.778043747121302], [73.17053115408956, 21.77971804105485], [73.17077684437598, 21.780648946391835], [73.1675713062709, 21.778043747121302]], [[73.27920615643913, 21.906048655221298], [73.28120255425463, 21.904985666455417], [73.27998959994014, 21.906570672998214], [73.27920615643913, 21.906048655221298]], [[73.28558743001597, 21.899657010662622], [73.28678643674479, 21.90187454187665], [73.28331780467309, 21.902432918344573], [73.28558743001597, 21.899657010662622]], [[73.29571235194359, 21.896803379072736], [73.29631721976395, 21.895273923652752], [73.29696965182805, 21.89731216422507], [73.29571235194359, 21.896803379072736]], [[73.59239077551396, 21.944523334084607], [73.59397315963369, 21.94404685527826], [73.5920859575011, 21.946513652483162], [73.59239077551396, 21.944523334084607]], [[73.5939418074685, 21.938392877829102], [73.59569597289092, 21.9396857027331], [73.5940928459082, 21.940618753852505], [73.5939418074685, 21.938392877829102]], [[73.14231467218454, 21.86355996122333], [73.13887107364124, 21.861693978594275], [73.14015007056943, 21.85897815192024], [73.15559470633067, 21.854928254735256], [73.14231467218454, 21.86355996122333]], [[72.28200924363173, 21.722480177718097], [72.28276121625723, 21.73360455040975], [72.27400314782702, 21.749572634769322], [72.26806831390164, 21.740404009637416], [72.26850855362696, 21.734787345060056], [72.28740453738962, 21.707440376272444], [72.28200924363173, 21.722480177718097]], [[72.57898366466455, 21.84238874934141], [72.55832815192284, 21.83464252972908], [72.57494592631352, 21.833991527587017], [72.57869005220417, 21.836337446915763], [72.57898366466455, 21.84238874934141]], [[72.53152894940152, 21.869526148213197], [72.52839982489215, 21.868152856469237], [72.53160846206092, 21.868344545164717], [72.53152894940152, 21.869526148213197]], [[72.36008584488584, 21.924460530329327], [72.35693943540676, 21.939034819301526], [72.35442924501379, 21.94314253300155], [72.34783315667497, 21.92816865455984], [72.35245394709213, 21.925252556960004], [72.35441386660679, 21.929050922761974], [72.36008584488584, 21.924460530329327]], [[72.46791052834837, 22.202359557347734], [72.47241711655678, 22.20325326942293], [72.47320890396779, 22.20784354224574], [72.46791553487415, 22.20526981385089], [72.46791052834837, 22.202359557347734]], [[72.37624204133729, 22.203743577104404], [72.36835575141689, 22.224312424878576], [72.3709037304229, 22.22707355040413], [72.37006974232477, 22.235016226917423], [72.36382114842726, 22.22396671739017], [72.36376500105402, 22.213309049672915], [72.36568737027605, 22.208400607502085], [72.37624204133729, 22.203743577104404]], [[72.3878772262531, 22.210012674645327], [72.3921786548211, 22.210459708748658], [72.3883943562146, 22.21433591806823], [72.38268387346207, 22.215537666829874], [72.3878772262531, 22.210012674645327]], [[72.21433830297045, 22.00127744669689], [72.2159568074608, 22.003459334181002], [72.21312260662305, 22.002681136425338], [72.21282362970683, 22.00535285495033], [72.21075940142529, 22.003593802611988], [72.21433830297045, 22.00127744669689]], [[69.72462940212537, 21.56268441695235], [69.71882903573155, 21.55794835053598], [69.71933627135198, 21.554403662798876], [69.7219134567408, 21.554238438453297], [69.72462940212537, 21.56268441695235]], [[69.73675477511293, 21.595550536827943], [69.73509073255141, 21.608962774012895], [69.72818660752594, 21.61193716566774], [69.72516787030114, 21.61022090936757], [69.73348605603681, 21.5958780051659], [69.74020206897038, 21.59267604366454], [69.73675477511293, 21.595550536827943]], [[69.09353744979356, 22.46107816662419], [69.09614372285469, 22.441859960269085], [69.08524835083082, 22.432076215944676], [69.08350718061197, 22.422583818688366], [69.0856751205105, 22.420841216748812], [69.09045124093214, 22.427603721934247], [69.1083655355412, 22.43725454825892], [69.10829567890252, 22.460517763983717], [69.11108636874101, 22.46389234045921], [69.12318635027, 22.46844017517398], [69.14487111550963, 22.462084770595737], [69.15054595453225, 22.469059109290555], [69.1430380345777, 22.477301955221094], [69.12580072892067, 22.475651025674324], [69.09353744979356, 22.46107816662419]], [[69.29312253008075, 22.458888650191142], [69.3015880580426, 22.452966809670613], [69.32149064577683, 22.451456546682323], [69.32809674716728, 22.463244676600567], [69.3247187136977, 22.469413638228872], [69.3185670379386, 22.472347736658776], [69.30472683947212, 22.469788909130955], [69.30146622688497, 22.474099755399436], [69.29312253008075, 22.458888650191142]], [[69.61271154879901, 22.4507185216425], [69.59420382934334, 22.445562005082536], [69.58832931474618, 22.438171506010264], [69.5938093660096, 22.426443934639963], [69.60814762071627, 22.41746580570242], [69.63631832622988, 22.406814813652744], [69.64876794798252, 22.42138695684264], [69.65724277493419, 22.426627158916347], [69.65412223355432, 22.43106794373071], [69.64486980419824, 22.43433964226074], [69.64860355820767, 22.437814712579012], [69.64303565037508, 22.45053565529625], [69.62878656344915, 22.458955645186904], [69.61900603779853, 22.45672202150419], [69.61271154879901, 22.4507185216425]], [[69.14193403762582, 22.45763015780554], [69.14090013473353, 22.454898357373366], [69.14207732660739, 22.453024626185652], [69.14244294148867, 22.45359754559027], [69.14193403762582, 22.45763015780554]], [[69.27760505642831, 22.418094753769907], [69.27972543208304, 22.41951584807802], [69.27566540223657, 22.418645501288893], [69.27760505642831, 22.418094753769907]], [[69.27778685078258, 22.416604042042962], [69.28087544464617, 22.416507006093553], [69.27867710586386, 22.41780042634872], [69.27778685078258, 22.416604042042962]], [[69.4814665317551, 22.388265609370393], [69.48902046642141, 22.391818999847033], [69.48288905598523, 22.398745775197483], [69.48035490495496, 22.390130877937736], [69.4814665317551, 22.388265609370393]], [[69.33514881156842, 22.388979077522436], [69.32266497600793, 22.380689143988832], [69.33310592150119, 22.372509479928624], [69.33366370171856, 22.37691855464763], [69.34040987521573, 22.381607651272134], [69.33977341690976, 22.386739850164048], [69.33514881156842, 22.388979077522436]], [[69.19497430362136, 22.36780226196484], [69.19445335873561, 22.37263190733674], [69.19006705305216, 22.36911916711591], [69.19497430362136, 22.36780226196484]], [[69.21384835201994, 22.38229155511121], [69.21299827055375, 22.384732127186055], [69.21254634863519, 22.384359121676198], [69.21384835201994, 22.38229155511121]], [[69.19963467140306, 22.38675975755686], [69.20234966260685, 22.38659524907152], [69.2017790076952, 22.38747966305607], [69.19963467140306, 22.38675975755686]], [[69.18416976941947, 22.36449563466587], [69.18570375472464, 22.366333842632855], [69.18329775348863, 22.367491722465047], [69.1827054024325, 22.367046833244842], [69.18416976941947, 22.36449563466587]], [[69.4531170131398, 22.357658505535625], [69.43762552719633, 22.354241371342255], [69.45005667237766, 22.35075485715103], [69.45853602921451, 22.352898836412265], [69.4531170131398, 22.357658505535625]], [[69.31196236647011, 22.303318977289052], [69.31036114694948, 22.306167960283176], [69.30952155607505, 22.30421614635813], [69.31196236647011, 22.303318977289052]], [[70.42535984538065, 22.898010015449955], [70.42968046638057, 22.90083444155627], [70.42863285512229, 22.905799031100457], [70.42535984538065, 22.898010015449955]], [[70.35050392141895, 22.93083310096688], [70.38393867003376, 22.944669127478306], [70.39327633353608, 22.96267926733441], [70.39452910443472, 22.995117067998336], [70.39229035371696, 22.997767806239324], [70.38298785730379, 22.997615218267754], [70.39390981238805, 23.00158214579946], [70.39664864551864, 23.024339914655428], [70.3932780026777, 23.030624747634022], [70.371076941148, 23.034348011051947], [70.36576175719946, 23.03783357106252], [70.36832070343783, 23.049713969624065], [70.3765376803697, 23.056275010483375], [70.3710341451098, 23.068477154097394], [70.38005185141193, 23.083006977889795], [70.36520254616065, 23.103096127284545], [70.35081803842186, 23.106567502288442], [70.34196865552914, 23.100508212983726], [70.32700705553131, 23.102089762532586], [70.3045562504706, 23.098269820196094], [70.29322230786332, 23.101591825902148], [70.28925514201123, 23.105947256061086], [70.2793925999886, 23.098288774307605], [70.23048365129952, 23.078874230661285], [70.22522306429315, 23.07070863289718], [70.22471940527643, 23.05024230513834], [70.23048853911493, 23.03555631677071], [70.2342801096394, 23.01137697696595], [70.23228824170914, 22.990181803547443], [70.23653245001262, 22.97954630861534], [70.25186944052237, 22.972610354784138], [70.2744853494195, 22.951799630748383], [70.29067814378132, 22.944827318226203], [70.30656194727621, 22.951127410002016], [70.3101077079045, 22.941548109457756], [70.34024155160645, 22.931298017189818], [70.35050392141895, 22.93083310096688]], [[70.2727849481669, 23.102591157056338], [70.27823173980309, 23.11544263367071], [70.27144384405833, 23.117217063516705], [70.26140725623989, 23.1038012506273], [70.24839985337067, 23.096745252591376], [70.22112405333255, 23.08897721722488], [70.21499216535622, 23.07372701129259], [70.21951782728607, 23.070654153766213], [70.2305097577192, 23.083666921091663], [70.2727849481669, 23.102591157056338]], [[70.21891152864427, 23.093389868547717], [70.21954584116779, 23.099577545967037], [70.21055734124846, 23.08743190765648], [70.2122602462135, 23.086294651077367], [70.21891152864427, 23.093389868547717]], [[70.2213748697545, 23.096680045447783], [70.22553765793666, 23.098700523510416], [70.22541761373193, 23.100890159553302], [70.2213748697545, 23.096680045447783]], [[70.29611873639064, 23.10229265678072], [70.29759025568578, 23.10391676404754], [70.295089244673, 23.109224200336655], [70.29086780540499, 23.10618090622387], [70.29611873639064, 23.10229265678072]], [[70.30040967436705, 23.101679920791753], [70.3044840097293, 23.09940075903785], [70.32400822659841, 23.105157851853477], [70.34599614160865, 23.104905605509316], [70.34943401776573, 23.115162014615322], [70.34653544435528, 23.118042349774697], [70.33659040932005, 23.11474907381077], [70.31396222107972, 23.11516630618013], [70.30628705060704, 23.11052024391418], [70.29797291721641, 23.108947634525776], [70.30040967436705, 23.101679920791753]], [[70.3648041482929, 23.105439305479592], [70.38247644882918, 23.085798621009587], [70.37439894685397, 23.07030582385471], [70.37501215948365, 23.062316179348272], [70.38778614961117, 23.05949425695448], [70.39809274718257, 23.06414485000485], [70.4024802444678, 23.060946345497484], [70.40503334960945, 23.052096724284496], [70.40248012575731, 23.042524933978626], [70.39789354824879, 23.036358356453036], [70.40224504477314, 23.0291643142817], [70.43742585142198, 23.062075733908102], [70.48119604606077, 23.07209277136431], [70.4900201562053, 23.09398305417463], [70.5034831763077, 23.11531674836931], [70.54434943218061, 23.150809049597996], [70.55276894543059, 23.16447961344346], [70.54758334119825, 23.1680473085365], [70.52298295499938, 23.166044950913857], [70.50643897088187, 23.169031858433584], [70.49911475184447, 23.161659240581542], [70.49640631669828, 23.150442600145965], [70.49176454509777, 23.14934456390057], [70.46267735937275, 23.157139420647837], [70.44377922982775, 23.169615149719448], [70.42232942596232, 23.157931208958217], [70.4008836744421, 23.157734752057166], [70.38717484444354, 23.151815056419764], [70.37389552615767, 23.154127478700246], [70.35193383717686, 23.116760850033245], [70.35344445719605, 23.108156442465912], [70.3648041482929, 23.105439305479592]], [[70.46482574980863, 23.15739631648694], [70.46595525782905, 23.158348321717767], [70.46390175845951, 23.15881145008842], [70.45686852945923, 23.167269825741926], [70.46482574980863, 23.15739631648694]], [[70.48225057130693, 23.065269946850606], [70.45649886133353, 23.04752802889547], [70.44641947747706, 23.025252342521668], [70.45151114482357, 23.02644085865873], [70.46008312733451, 23.042748928120602], [70.47943270215754, 23.058150052882695], [70.48225057130693, 23.065269946850606]], [[70.42942154436892, 23.00548672693094], [70.44847774505203, 23.05171406275386], [70.4144692424617, 23.01880931879512], [70.4106782672882, 22.99877512427267], [70.41396164891106, 22.989928722632555], [70.42942154436892, 23.00548672693094]], [[70.45507752870512, 22.995169520057402], [70.43274402581622, 22.978753328703192], [70.43849754292731, 22.978039503520307], [70.45097994766658, 22.98579144461948], [70.45507752870512, 22.995169520057402]], [[70.44143307217863, 23.049324751136396], [70.43015623112532, 23.046742558322507], [70.42011094056747, 23.037180542747905], [70.4148315190595, 23.022646546101242], [70.44143307217863, 23.049324751136396]], [[70.45168530932969, 23.0520172116251], [70.45168197194553, 23.05079007140472], [70.45331382777104, 23.052825212913376], [70.45168530932969, 23.0520172116251]], [[70.45670020604982, 23.054896831823385], [70.45917105649912, 23.05730235551937], [70.44978451754153, 23.052341580000018], [70.45670020604982, 23.054896831823385]], [[70.46078932266923, 23.055278300852905], [70.46823441958296, 23.058801412954864], [70.46943354592148, 23.060951233312863], [70.4615117309817, 23.057625174362386], [70.46078932266923, 23.055278300852905]], [[70.45213103312082, 23.06043005010676], [70.44666230701992, 23.058312177265236], [70.44923365131203, 23.0579277278824], [70.45213103312082, 23.06043005010676]], [[70.39361810649055, 23.033862233255462], [70.39259707919192, 23.049777745946244], [70.39819383637646, 23.057212353167643], [70.39690947499238, 23.063107848048816], [70.38973116915818, 23.05878782240015], [70.37928914987438, 23.057087540757465], [70.36682522260597, 23.04226863349075], [70.3676303622515, 23.037752151840408], [70.38844585449274, 23.032736301838924], [70.39361810649055, 23.033862233255462]], [[70.3976099488402, 23.041028856896304], [70.40155863722137, 23.043394922837535], [70.40395593661734, 23.052418708556615], [70.40054595473211, 23.058293461474165], [70.39376914493025, 23.05035364660364], [70.3976099488402, 23.041028856896304]], [[70.43093073356661, 22.9276467561929], [70.43622922879595, 22.926353335038442], [70.4422193764232, 22.930742144434532], [70.44749283812408, 22.930205345400424], [70.45705282662672, 22.91873991471536], [70.44592392404999, 22.890368819565452], [70.45675373099996, 22.8866441253262], [70.4695625302866, 22.89350581134417], [70.48043894729969, 22.916113734261558], [70.47299897652161, 22.921763062215604], [70.47090172783263, 22.932769179454084], [70.4711960552539, 22.940945625740085], [70.46249473134682, 22.945621252318972], [70.45804524379312, 22.944810151967033], [70.44954133006846, 22.95469486677476], [70.43393921852012, 22.96146404762777], [70.42613184410939, 22.94257307039095], [70.43093073356661, 22.9276467561929]], [[70.4777381420017, 22.921061038835916], [70.48095643519142, 22.93397891509491], [70.47400414967186, 22.938661455661673], [70.47182726871361, 22.93234503309685], [70.47450494794512, 22.921956300442986], [70.4777381420017, 22.921061038835916]], [[69.63726520532512, 22.778827428742915], [69.63569462300856, 22.7765824798976], [69.63733482364333, 22.775667667029296], [69.63726520532512, 22.778827428742915]], [[68.60733330278984, 23.222487926876454], [68.61369204565145, 23.221912502859766], [68.60919320600166, 23.23083114614053], [68.60347151769653, 23.228338003296273], [68.60733330278984, 23.222487926876454]], [[68.63642382589902, 23.229459643148118], [68.63436043218834, 23.228055238458523], [68.6342483757621, 23.22558915621468], [68.63659596423238, 23.22667586819685], [68.63642382589902, 23.229459643148118]], [[68.63360881839228, 23.228713870448786], [68.63153195373681, 23.228081345777582], [68.63255822678084, 23.227442145438687], [68.63360881839228, 23.228713870448786]], [[68.65908825411978, 23.26948165865167], [68.65736913707613, 23.26878881465217], [68.66032862696457, 23.268009424395473], [68.65908825411978, 23.26948165865167]], [[68.7082512379043, 23.306346177833916], [68.70695757842955, 23.310971856066374], [68.70020604137576, 23.309819817330776], [68.70008003736385, 23.30944752678198], [68.7082512379043, 23.306346177833916]], [[68.58673048042746, 23.37569212918848], [68.58101201079577, 23.384539604619164], [68.5782119032568, 23.384783744474333], [68.58673048042746, 23.37569212918848]], [[68.59526431549583, 23.79679262657848], [68.60186254961698, 23.7961083648093], [68.60801255713383, 23.805903077265327], [68.6057430505015, 23.809134125539487], [68.59386980514742, 23.803207755133883], [68.59526431549583, 23.79679262657848]], [[68.59636855166733, 23.81249535067994], [68.59384250622676, 23.811849832603798], [68.5943952799183, 23.81013727161789], [68.59546065368627, 23.810122012820727], [68.59636855166733, 23.81249535067994]], [[68.70549726468718, 23.848403453456655], [68.71065223261454, 23.84956550614328], [68.70297586874145, 23.85075235403798], [68.70549726468718, 23.848403453456655]], [[68.70083212869989, 23.851690769613356], [68.6983051299778, 23.85299932995514], [68.69496595891192, 23.849377274441764], [68.69651651422592, 23.84891164325782], [68.70083212869989, 23.851690769613356]], [[68.52177965620618, 23.85606503517326], [68.53273475130786, 23.876015662892655], [68.53694832330663, 23.875096559358838], [68.53750515024265, 23.867280721428187], [68.54687011266569, 23.872802972479207], [68.56481456783811, 23.894087314577973], [68.56727194824194, 23.903313159974402], [68.58840155568734, 23.916447043496333], [68.58765947830236, 23.92124950865795], [68.55931830449626, 23.92286086084013], [68.5581053492825, 23.925336837425135], [68.55879807457163, 23.930132746529125], [68.54257225980197, 23.933712006004328], [68.53530740771086, 23.945788740957653], [68.52579653298378, 23.940751314421647], [68.53776776756857, 23.917625069941067], [68.53187084186598, 23.92309427268262], [68.52871346515442, 23.915076136754323], [68.5143147706103, 23.90452051151246], [68.52531635796359, 23.89241480849671], [68.5133067367166, 23.903210639959184], [68.4862593410958, 23.889907956387162], [68.49111306671475, 23.86610043049049], [68.49697387204671, 23.867087721521216], [68.50209736819912, 23.87516105154137], [68.50033187851349, 23.866486430304576], [68.50971734547923, 23.86310744265444], [68.51487112000635, 23.857172727439547], [68.52177965620618, 23.85606503517326]], [[68.5330934522012, 23.87360250934836], [68.5243797302405, 23.859463930216293], [68.52455770967069, 23.85831093819931], [68.53477585352292, 23.864944458120306], [68.5330934522012, 23.87360250934836]]], [[[68.75850570187669, 24.058594345653532], [68.767218947197, 24.04529094711961], [68.79422783834471, 24.026090741594743], [68.79635524759712, 24.04840064087705], [68.7905882595413, 24.059849262333756], [68.79287564739391, 24.066774606862708], [68.78794145583404, 24.082031250142364], [68.78981947858685, 24.088265657234388], [68.79340255298578, 24.089387058765823], [68.79038715404434, 24.082031250142364], [68.79546344298384, 24.070660352593507], [68.79456424684301, 24.059680104353617], [68.79993271832078, 24.04892957174272], [68.7976727489984, 24.037487864273686], [68.80105137781922, 24.0256495476888], [68.8072382215673, 24.02350342264492], [68.8107621673407, 24.035009145655692], [68.82037711161487, 24.039892434688227], [68.84964013098786, 24.04076611976069], [68.87585031983687, 24.052565455231758], [68.88047170650472, 24.06100082352924], [68.9085378649311, 24.07008600236719], [68.90908992276243, 24.067933439976457], [68.88317024730966, 24.060249924694574], [68.87804460537475, 24.049694419062433], [68.8545360563945, 24.03760027863001], [68.82918751249414, 24.036296725713385], [68.81609094184395, 24.021584749636702], [68.80736434428925, 24.019560575360345], [68.7922114135263, 24.021821856793537], [68.76844310796335, 24.03715717816135], [68.75805473323936, 24.05036497156733], [68.75850570187669, 24.058594345653532]]]]}, "properties": {"MRGID_EEZ": 8480, "GEONAME": "Indian Exclusive Economic Zone", "POL_TYPE": "200NM", "SOVEREIGN1": "India", "ISO_SOV1": "IND", "AREA_KM2": 1659500}}]}